size intersection,size union,state,k,mean JI
10,10,filledg_allupper_,10,1.0
99,121,filledg_allupper_,110,0.8181818181818182
194,226,filledg_allupper_,210,0.8584070796460177
294,326,filledg_allupper_,310,0.901840490797546
385,435,filledg_allupper_,410,0.8850574712643678
483,537,filledg_allupper_,510,0.8994413407821229
570,650,filledg_allupper_,610,0.8769230769230769
672,748,filledg_allupper_,710,0.8983957219251337
756,864,filledg_allupper_,810,0.875
848,972,filledg_allupper_,910,0.8724279835390947
941,1079,filledg_allupper_,1010,0.8721037998146431
1031,1189,filledg_allupper_,1110,0.8671152228763667
1126,1294,filledg_allupper_,1210,0.8701700154559505
1204,1416,filledg_allupper_,1310,0.8502824858757062
1293,1527,filledg_allupper_,1410,0.8467583497053045
1387,1633,filledg_allupper_,1510,0.8493570116350275
1481,1739,filledg_allupper_,1610,0.8516388729154687
1578,1842,filledg_allupper_,1710,0.8566775244299675
1660,1960,filledg_allupper_,1810,0.8469387755102041
1757,2063,filledg_allupper_,1910,0.851672321861367
1856,2164,filledg_allupper_,2010,0.8576709796672828
1940,2280,filledg_allupper_,2110,0.8508771929824561
2022,2398,filledg_allupper_,2210,0.8432026688907422
2111,2509,filledg_allupper_,2310,0.8413710641689917
2214,2606,filledg_allupper_,2410,0.8495778971603991
2307,2713,filledg_allupper_,2510,0.8503501658680428
2396,2824,filledg_allupper_,2610,0.8484419263456091
2485,2935,filledg_allupper_,2710,0.8466780238500852
2573,3047,filledg_allupper_,2810,0.8444371512963571
2685,3135,filledg_allupper_,2910,0.8564593301435407
2764,3256,filledg_allupper_,3010,0.8488943488943489
2852,3368,filledg_allupper_,3110,0.8467933491686461
2940,3480,filledg_allupper_,3210,0.8448275862068966
3037,3583,filledg_allupper_,3310,0.8476137315099079
3136,3684,filledg_allupper_,3410,0.8512486427795874
3231,3789,filledg_allupper_,3510,0.8527315914489311
3335,3885,filledg_allupper_,3610,0.8584298584298584
3433,3987,filledg_allupper_,3710,0.8610484073238024
3525,4095,filledg_allupper_,3810,0.8608058608058609
3616,4204,filledg_allupper_,3910,0.8601332064700286
3709,4311,filledg_allupper_,4010,0.8603572257016934
3800,4420,filledg_allupper_,4110,0.8597285067873304
3895,4525,filledg_allupper_,4210,0.8607734806629834
4008,4612,filledg_allupper_,4310,0.8690372940156115
4107,4713,filledg_allupper_,4410,0.8714194780394653
4202,4818,filledg_allupper_,4510,0.8721461187214612
4313,4907,filledg_allupper_,4610,0.8789484410026492
4429,4991,filledg_allupper_,4710,0.8873973151673011
4569,5051,filledg_allupper_,4810,0.9045733518115224
4717,5103,filledg_allupper_,4910,0.924358220654517
