size intersection,size union,state,k,mean JI
7,13,filledg_alllower_,10,0.5384615384615384
83,137,filledg_alllower_,110,0.6058394160583942
159,261,filledg_alllower_,210,0.6091954022988506
242,378,filledg_alllower_,310,0.6402116402116402
324,496,filledg_alllower_,410,0.6532258064516129
414,606,filledg_alllower_,510,0.6831683168316832
502,718,filledg_alllower_,610,0.6991643454038997
596,824,filledg_alllower_,710,0.7233009708737864
678,942,filledg_alllower_,810,0.7197452229299363
762,1058,filledg_alllower_,910,0.720226843100189
840,1180,filledg_alllower_,1010,0.711864406779661
918,1302,filledg_alllower_,1110,0.7050691244239631
988,1432,filledg_alllower_,1210,0.6899441340782123
1068,1552,filledg_alllower_,1310,0.6881443298969072
1173,1647,filledg_alllower_,1410,0.7122040072859745
1266,1754,filledg_alllower_,1510,0.7217787913340935
1343,1877,filledg_alllower_,1610,0.715503462972829
1416,2004,filledg_alllower_,1710,0.7065868263473054
1501,2119,filledg_alllower_,1810,0.7083529966965549
1579,2241,filledg_alllower_,1910,0.7045961624274877
1655,2365,filledg_alllower_,2010,0.6997885835095138
1731,2489,filledg_alllower_,2110,0.6954600241060667
1812,2608,filledg_alllower_,2210,0.6947852760736196
1897,2723,filledg_alllower_,2310,0.6966580976863753
1970,2850,filledg_alllower_,2410,0.6912280701754386
2055,2965,filledg_alllower_,2510,0.6930860033726813
2153,3067,filledg_alllower_,2610,0.7019889142484512
2237,3183,filledg_alllower_,2710,0.7027961043041157
2319,3301,filledg_alllower_,2810,0.7025143895789154
2412,3408,filledg_alllower_,2910,0.7077464788732394
2512,3508,filledg_alllower_,3010,0.7160775370581528
2592,3628,filledg_alllower_,3110,0.7144432194046306
2685,3735,filledg_alllower_,3210,0.7188755020080321
2779,3841,filledg_alllower_,3310,0.7235095027336631
2868,3952,filledg_alllower_,3410,0.7257085020242915
2966,4054,filledg_alllower_,3510,0.7316230883078441
3043,4177,filledg_alllower_,3610,0.7285132870481207
3136,4284,filledg_alllower_,3710,0.7320261437908496
3219,4401,filledg_alllower_,3810,0.7314246762099523
3315,4505,filledg_alllower_,3910,0.7358490566037735
3401,4619,filledg_alllower_,4010,0.7363065598614419
3492,4728,filledg_alllower_,4110,0.7385786802030457
3582,4838,filledg_alllower_,4210,0.7403885903265812
3693,4927,filledg_alllower_,4310,0.7495433326567891
3809,5011,filledg_alllower_,4410,0.76012771901816
3911,5109,filledg_alllower_,4510,0.7655118418477197
4041,5179,filledg_alllower_,4610,0.7802664607067001
4170,5250,filledg_alllower_,4710,0.7942857142857143
4325,5295,filledg_alllower_,4810,0.8168083097261567
4491,5329,filledg_alllower_,4910,0.8427472321261025
