size intersection,size union,state,k,mean JI
7,13,filledg_alllower_,10,0.5384615384615384
77,143,filledg_alllower_,110,0.5384615384615384
157,263,filledg_alllower_,210,0.596958174904943
234,386,filledg_alllower_,310,0.6062176165803109
321,499,filledg_alllower_,410,0.6432865731462926
414,606,filledg_alllower_,510,0.6831683168316832
505,715,filledg_alllower_,610,0.7062937062937062
592,828,filledg_alllower_,710,0.714975845410628
662,958,filledg_alllower_,810,0.6910229645093946
739,1081,filledg_alllower_,910,0.6836262719703978
813,1207,filledg_alllower_,1010,0.6735708367854184
899,1321,filledg_alllower_,1110,0.6805450416351249
986,1434,filledg_alllower_,1210,0.6875871687587168
1059,1561,filledg_alllower_,1310,0.6784112748238309
1146,1674,filledg_alllower_,1410,0.6845878136200717
1223,1797,filledg_alllower_,1510,0.6805787423483584
1299,1921,filledg_alllower_,1610,0.6762103071317023
1372,2048,filledg_alllower_,1710,0.669921875
1456,2164,filledg_alllower_,1810,0.6728280961182994
1523,2297,filledg_alllower_,1910,0.6630387461906835
1596,2424,filledg_alllower_,2010,0.6584158415841584
1672,2548,filledg_alllower_,2110,0.6562009419152276
1752,2668,filledg_alllower_,2210,0.656671664167916
1844,2776,filledg_alllower_,2310,0.6642651296829971
1923,2897,filledg_alllower_,2410,0.6637901277183293
1999,3021,filledg_alllower_,2510,0.6617014233697451
2070,3150,filledg_alllower_,2610,0.6571428571428571
2155,3265,filledg_alllower_,2710,0.6600306278713629
2234,3386,filledg_alllower_,2810,0.6597755463673951
2305,3515,filledg_alllower_,2910,0.6557610241820768
2378,3642,filledg_alllower_,3010,0.6529379461834157
2468,3752,filledg_alllower_,3110,0.6577825159914712
2550,3870,filledg_alllower_,3210,0.6589147286821705
2626,3994,filledg_alllower_,3310,0.657486229344016
2723,4097,filledg_alllower_,3410,0.6646326580424701
2814,4206,filledg_alllower_,3510,0.6690442225392297
2912,4308,filledg_alllower_,3610,0.6759517177344475
2998,4422,filledg_alllower_,3710,0.6779737675260064
3089,4531,filledg_alllower_,3810,0.6817479585080556
3186,4634,filledg_alllower_,3910,0.687526974536038
3284,4736,filledg_alllower_,4010,0.6934121621621622
3364,4856,filledg_alllower_,4110,0.6927512355848435
3464,4956,filledg_alllower_,4210,0.6989507667473769
3551,5069,filledg_alllower_,4310,0.700532649437759
3636,5184,filledg_alllower_,4410,0.7013888888888888
3744,5276,filledg_alllower_,4510,0.709628506444276
3854,5366,filledg_alllower_,4610,0.7182258665672754
3977,5443,filledg_alllower_,4710,0.7306632371853757
4100,5520,filledg_alllower_,4810,0.7427536231884058
4254,5566,filledg_alllower_,4910,0.7642831476823572
