size intersection,size union,state,k,mean JI
6,14,filledg_alllower_,10,0.42857142857142855
85,135,filledg_alllower_,110,0.6296296296296297
173,247,filledg_alllower_,210,0.7004048582995951
252,368,filledg_alllower_,310,0.6847826086956522
340,480,filledg_alllower_,410,0.7083333333333334
437,583,filledg_alllower_,510,0.7495711835334476
521,699,filledg_alllower_,610,0.7453505007153076
622,798,filledg_alllower_,710,0.7794486215538847
701,919,filledg_alllower_,810,0.7627856365614799
778,1042,filledg_alllower_,910,0.746641074856046
852,1168,filledg_alllower_,1010,0.7294520547945206
934,1286,filledg_alllower_,1110,0.7262830482115086
1022,1398,filledg_alllower_,1210,0.7310443490701002
1096,1524,filledg_alllower_,1310,0.7191601049868767
1182,1638,filledg_alllower_,1410,0.7216117216117216
1274,1746,filledg_alllower_,1510,0.7296678121420389
1350,1870,filledg_alllower_,1610,0.7219251336898396
1430,1990,filledg_alllower_,1710,0.7185929648241206
1516,2104,filledg_alllower_,1810,0.720532319391635
1608,2212,filledg_alllower_,1910,0.7269439421338155
1700,2320,filledg_alllower_,2010,0.7327586206896551
1775,2445,filledg_alllower_,2110,0.7259713701431493
1857,2563,filledg_alllower_,2210,0.7245415528677331
1962,2658,filledg_alllower_,2310,0.7381489841986456
2043,2777,filledg_alllower_,2410,0.7356859920777817
2135,2885,filledg_alllower_,2510,0.7400346620450606
2228,2992,filledg_alllower_,2610,0.7446524064171123
2310,3110,filledg_alllower_,2710,0.7427652733118971
2402,3218,filledg_alllower_,2810,0.7464263517712865
2490,3330,filledg_alllower_,2910,0.7477477477477478
2598,3422,filledg_alllower_,3010,0.7592051431911163
2692,3528,filledg_alllower_,3110,0.7630385487528345
2778,3642,filledg_alllower_,3210,0.7627677100494233
2880,3740,filledg_alllower_,3310,0.7700534759358288
2974,3846,filledg_alllower_,3410,0.7732709308372335
3058,3962,filledg_alllower_,3510,0.7718324078748107
3153,4067,filledg_alllower_,3610,0.7752643225965085
3249,4171,filledg_alllower_,3710,0.7789498921122033
3345,4275,filledg_alllower_,3810,0.7824561403508772
3450,4370,filledg_alllower_,3910,0.7894736842105263
3551,4469,filledg_alllower_,4010,0.7945849183262474
3630,4590,filledg_alllower_,4110,0.7908496732026143
3725,4695,filledg_alllower_,4210,0.7933972310969116
3825,4795,filledg_alllower_,4310,0.7977059436913452
3931,4889,filledg_alllower_,4410,0.8040499079566373
4056,4964,filledg_alllower_,4510,0.8170829975825947
4171,5049,filledg_alllower_,4610,0.8261041790453555
4309,5111,filledg_alllower_,4710,0.8430835452944629
4462,5158,filledg_alllower_,4810,0.8650639782861574
4628,5192,filledg_alllower_,4910,0.8913713405238829
