size intersection,size union,state,k,mean JI
8,12,filledg_alllower_,10,0.6666666666666666
77,143,filledg_alllower_,110,0.5384615384615384
153,267,filledg_alllower_,210,0.5730337078651685
222,398,filledg_alllower_,310,0.5577889447236181
290,530,filledg_alllower_,410,0.5471698113207547
374,646,filledg_alllower_,510,0.5789473684210527
444,776,filledg_alllower_,610,0.5721649484536082
510,910,filledg_alllower_,710,0.5604395604395604
569,1051,filledg_alllower_,810,0.5413891531874405
635,1185,filledg_alllower_,910,0.5358649789029536
693,1327,filledg_alllower_,1010,0.5222305953278071
757,1463,filledg_alllower_,1110,0.51742993848257
807,1613,filledg_alllower_,1210,0.5003099814011159
874,1746,filledg_alllower_,1310,0.5005727376861397
937,1883,filledg_alllower_,1410,0.49761019649495486
983,2037,filledg_alllower_,1510,0.48257241040746196
1043,2177,filledg_alllower_,1610,0.4790996784565916
1116,2304,filledg_alllower_,1710,0.484375
1179,2441,filledg_alllower_,1810,0.48299877099549365
1239,2581,filledg_alllower_,1910,0.48004649360712903
1305,2715,filledg_alllower_,2010,0.48066298342541436
1361,2859,filledg_alllower_,2110,0.47604057362714236
1425,2995,filledg_alllower_,2210,0.4757929883138564
1483,3137,filledg_alllower_,2310,0.4727446605036659
1530,3290,filledg_alllower_,2410,0.46504559270516715
1586,3434,filledg_alllower_,2510,0.46185206755969715
1653,3567,filledg_alllower_,2610,0.4634146341463415
1708,3712,filledg_alllower_,2710,0.46012931034482757
1763,3857,filledg_alllower_,2810,0.4570910033704952
1822,3998,filledg_alllower_,2910,0.45572786393196596
1882,4138,filledg_alllower_,3010,0.4548090865152247
1936,4284,filledg_alllower_,3110,0.4519140989729225
2006,4414,filledg_alllower_,3210,0.45446307204349795
2077,4543,filledg_alllower_,3310,0.4571868809156945
2141,4679,filledg_alllower_,3410,0.4575764052147895
2197,4823,filledg_alllower_,3510,0.4555256064690027
2262,4958,filledg_alllower_,3610,0.4562323517547398
2331,5089,filledg_alllower_,3710,0.4580467675378267
2397,5223,filledg_alllower_,3810,0.45893164847788626
2456,5364,filledg_alllower_,3910,0.45786726323639076
2527,5493,filledg_alllower_,4010,0.4600400509739669
2595,5625,filledg_alllower_,4110,0.4613333333333333
2655,5765,filledg_alllower_,4210,0.4605377276669558
2715,5905,filledg_alllower_,4310,0.45977984758679086
2783,6037,filledg_alllower_,4410,0.4609905582242836
2854,6166,filledg_alllower_,4510,0.46286084982160236
2939,6281,filledg_alllower_,4610,0.4679191211590511
3031,6389,filledg_alllower_,4710,0.4744091407105963
3117,6503,filledg_alllower_,4810,0.4793172381977549
3220,6600,filledg_alllower_,4910,0.48787878787878786
