size intersection,size union,state,k,mean JI
9,11,filledg_allupper_,10,0.8181818181818182
94,126,filledg_allupper_,110,0.746031746031746
186,234,filledg_allupper_,210,0.7948717948717948
272,348,filledg_allupper_,310,0.7816091954022989
360,460,filledg_allupper_,410,0.782608695652174
444,576,filledg_allupper_,510,0.7708333333333334
539,681,filledg_allupper_,610,0.7914831130690162
631,789,filledg_allupper_,710,0.7997465145754119
715,905,filledg_allupper_,810,0.7900552486187845
811,1009,filledg_allupper_,910,0.8037661050545094
890,1130,filledg_allupper_,1010,0.7876106194690266
969,1251,filledg_allupper_,1110,0.7745803357314148
1050,1370,filledg_allupper_,1210,0.7664233576642335
1146,1474,filledg_allupper_,1310,0.7774762550881954
1227,1593,filledg_allupper_,1410,0.7702448210922788
1312,1708,filledg_allupper_,1510,0.7681498829039812
1403,1817,filledg_allupper_,1610,0.7721518987341772
1481,1939,filledg_allupper_,1710,0.7637957710159876
1564,2056,filledg_allupper_,1810,0.7607003891050583
1653,2167,filledg_allupper_,1910,0.7628057221965852
1736,2284,filledg_allupper_,2010,0.7600700525394045
1816,2404,filledg_allupper_,2110,0.7554076539101497
1898,2522,filledg_allupper_,2210,0.7525773195876289
1989,2631,filledg_allupper_,2310,0.7559863169897377
2073,2747,filledg_allupper_,2410,0.754641427011285
2166,2854,filledg_allupper_,2510,0.7589348283111422
2264,2956,filledg_allupper_,2610,0.7658998646820027
2350,3070,filledg_allupper_,2710,0.7654723127035831
2428,3192,filledg_allupper_,2810,0.7606516290726817
2521,3299,filledg_allupper_,2910,0.7641709608972416
2612,3408,filledg_allupper_,3010,0.7664319248826291
2696,3524,filledg_allupper_,3110,0.7650397275822929
2799,3621,filledg_allupper_,3210,0.7729908864954432
2888,3732,filledg_allupper_,3310,0.7738478027867095
2989,3831,filledg_allupper_,3410,0.7802140433307231
3092,3928,filledg_allupper_,3510,0.7871690427698574
3183,4037,filledg_allupper_,3610,0.7884567748327966
3278,4142,filledg_allupper_,3710,0.791405118300338
3369,4251,filledg_allupper_,3810,0.7925194071983063
3461,4359,filledg_allupper_,3910,0.7939894471208992
3551,4469,filledg_allupper_,4010,0.7945849183262474
3637,4583,filledg_allupper_,4110,0.7935849879991272
3734,4686,filledg_allupper_,4210,0.7968416559965856
3832,4788,filledg_allupper_,4310,0.8003341687552213
3942,4878,filledg_allupper_,4410,0.8081180811808119
4046,4974,filledg_allupper_,4510,0.8134298351427423
4153,5067,filledg_allupper_,4610,0.819617130451944
4284,5136,filledg_allupper_,4710,0.8341121495327103
4426,5194,filledg_allupper_,4810,0.8521370812475934
4587,5233,filledg_allupper_,4910,0.8765526466653927
