size intersection,size union,state,k,mean JI
9,11,filledg_allupper_,10,0.8181818181818182
100,120,filledg_allupper_,110,0.8333333333333334
196,224,filledg_allupper_,210,0.875
289,331,filledg_allupper_,310,0.8731117824773413
373,447,filledg_allupper_,410,0.8344519015659956
479,541,filledg_allupper_,510,0.8853974121996303
569,651,filledg_allupper_,610,0.8740399385560675
664,756,filledg_allupper_,710,0.8783068783068783
746,874,filledg_allupper_,810,0.8535469107551488
846,974,filledg_allupper_,910,0.8685831622176592
934,1086,filledg_allupper_,1010,0.860036832412523
1019,1201,filledg_allupper_,1110,0.8484596169858452
1113,1307,filledg_allupper_,1210,0.8515684774292273
1197,1423,filledg_allupper_,1310,0.8411806043569923
1292,1528,filledg_allupper_,1410,0.8455497382198953
1389,1631,filledg_allupper_,1510,0.8516247700797057
1486,1734,filledg_allupper_,1610,0.8569780853517878
1585,1835,filledg_allupper_,1710,0.8637602179836512
1670,1950,filledg_allupper_,1810,0.8564102564102564
1759,2061,filledg_allupper_,1910,0.8534691897137312
1856,2164,filledg_allupper_,2010,0.8576709796672828
1935,2285,filledg_allupper_,2110,0.8468271334792122
2033,2387,filledg_allupper_,2210,0.8516966904063679
2128,2492,filledg_allupper_,2310,0.8539325842696629
2219,2601,filledg_allupper_,2410,0.8531334102268359
2309,2711,filledg_allupper_,2510,0.8517152342309111
2402,2818,filledg_allupper_,2610,0.8523775727466288
2492,2928,filledg_allupper_,2710,0.8510928961748634
2588,3032,filledg_allupper_,2810,0.8535620052770448
2689,3131,filledg_allupper_,2910,0.8588310443947621
2780,3240,filledg_allupper_,3010,0.8580246913580247
2876,3344,filledg_allupper_,3110,0.8600478468899522
2974,3446,filledg_allupper_,3210,0.8630295995356936
3075,3545,filledg_allupper_,3310,0.8674188998589563
3181,3639,filledg_allupper_,3410,0.8741412475954933
3263,3757,filledg_allupper_,3510,0.8685121107266436
3369,3851,filledg_allupper_,3610,0.8748377044923397
3464,3956,filledg_allupper_,3710,0.8756319514661274
3564,4056,filledg_allupper_,3810,0.878698224852071
3665,4155,filledg_allupper_,3910,0.8820697954271961
3754,4266,filledg_allupper_,4010,0.8799812470698547
3855,4365,filledg_allupper_,4110,0.8831615120274914
3953,4467,filledg_allupper_,4210,0.8849339601522275
4058,4562,filledg_allupper_,4310,0.8895221394125383
4150,4670,filledg_allupper_,4410,0.8886509635974305
4246,4774,filledg_allupper_,4510,0.8894009216589862
4346,4874,filledg_allupper_,4610,0.8916700861715223
4451,4969,filledg_allupper_,4710,0.8957536727711813
4564,5056,filledg_allupper_,4810,0.9026898734177216
4711,5109,filledg_allupper_,4910,0.9220982579761205
