size intersection,size union,state,k,mean JI
8,12,filledg_alllower_,10,0.6666666666666666
80,140,filledg_alllower_,110,0.5714285714285714
150,270,filledg_alllower_,210,0.5555555555555556
216,404,filledg_alllower_,310,0.5346534653465347
276,544,filledg_alllower_,410,0.5073529411764706
350,670,filledg_alllower_,510,0.5223880597014925
430,790,filledg_alllower_,610,0.5443037974683544
488,932,filledg_alllower_,710,0.5236051502145923
554,1066,filledg_alllower_,810,0.5196998123827392
610,1210,filledg_alllower_,910,0.5041322314049587
661,1359,filledg_alllower_,1010,0.4863870493009566
723,1497,filledg_alllower_,1110,0.48296593186372744
784,1636,filledg_alllower_,1210,0.4792176039119804
846,1774,filledg_alllower_,1310,0.4768883878241263
906,1914,filledg_alllower_,1410,0.47335423197492166
973,2047,filledg_alllower_,1510,0.47532975085490964
1037,2183,filledg_alllower_,1610,0.47503435639028857
1087,2333,filledg_alllower_,1710,0.46592370338619804
1145,2475,filledg_alllower_,1810,0.4626262626262626
1200,2620,filledg_alllower_,1910,0.4580152671755725
1253,2767,filledg_alllower_,2010,0.45283700758944706
1316,2904,filledg_alllower_,2110,0.453168044077135
1374,3046,filledg_alllower_,2210,0.4510833880499015
1423,3197,filledg_alllower_,2310,0.4451047857366281
1481,3339,filledg_alllower_,2410,0.44354597184785866
1532,3488,filledg_alllower_,2510,0.43922018348623854
1598,3622,filledg_alllower_,2610,0.44119271120927667
1653,3767,filledg_alllower_,2710,0.438810724714627
1719,3901,filledg_alllower_,2810,0.44065624198923353
1783,4037,filledg_alllower_,2910,0.4416646024275452
1854,4166,filledg_alllower_,3010,0.44503120499279886
1911,4309,filledg_alllower_,3110,0.4434903689951265
1976,4444,filledg_alllower_,3210,0.4446444644464446
2044,4576,filledg_alllower_,3310,0.44667832167832167
2104,4716,filledg_alllower_,3410,0.44614079728583544
2157,4863,filledg_alllower_,3510,0.4435533621221468
2210,5010,filledg_alllower_,3610,0.4411177644710579
2274,5146,filledg_alllower_,3710,0.4418966187329965
2341,5279,filledg_alllower_,3810,0.44345519984845616
2405,5415,filledg_alllower_,3910,0.4441366574330563
2460,5560,filledg_alllower_,4010,0.44244604316546765
2534,5686,filledg_alllower_,4110,0.4456559971860711
2599,5821,filledg_alllower_,4210,0.44648685792819104
2668,5952,filledg_alllower_,4310,0.448252688172043
2735,6085,filledg_alllower_,4410,0.4494658997534922
2826,6194,filledg_alllower_,4510,0.45624798191798516
2909,6311,filledg_alllower_,4610,0.4609412137537633
3006,6414,filledg_alllower_,4710,0.4686623012160898
3094,6526,filledg_alllower_,4810,0.47410358565737054
3199,6621,filledg_alllower_,4910,0.4831596435583749
