size intersection,size union,state,k,mean JI
8,12,filledg_alllower_,10,0.6666666666666666
96,124,filledg_alllower_,110,0.7741935483870968
185,235,filledg_alllower_,210,0.7872340425531915
271,349,filledg_alllower_,310,0.7765042979942693
354,466,filledg_alllower_,410,0.759656652360515
442,578,filledg_alllower_,510,0.7647058823529411
540,680,filledg_alllower_,610,0.7941176470588235
628,792,filledg_alllower_,710,0.7929292929292929
719,901,filledg_alllower_,810,0.7980022197558269
793,1027,filledg_alllower_,910,0.7721518987341772
872,1148,filledg_alllower_,1010,0.759581881533101
956,1264,filledg_alllower_,1110,0.7563291139240507
1030,1390,filledg_alllower_,1210,0.7410071942446043
1110,1510,filledg_alllower_,1310,0.7350993377483444
1207,1613,filledg_alllower_,1410,0.7482951022938623
1297,1723,filledg_alllower_,1510,0.7527568195008706
1379,1841,filledg_alllower_,1610,0.7490494296577946
1463,1957,filledg_alllower_,1710,0.7475728155339806
1553,2067,filledg_alllower_,1810,0.7513304305757136
1638,2182,filledg_alllower_,1910,0.7506874427131073
1728,2292,filledg_alllower_,2010,0.7539267015706806
1819,2401,filledg_alllower_,2110,0.7576009995835069
1900,2520,filledg_alllower_,2210,0.753968253968254
1976,2644,filledg_alllower_,2310,0.7473524962178517
2064,2756,filledg_alllower_,2410,0.7489114658925979
2156,2864,filledg_alllower_,2510,0.7527932960893855
2249,2971,filledg_alllower_,2610,0.7569841804106362
2332,3088,filledg_alllower_,2710,0.7551813471502591
2420,3200,filledg_alllower_,2810,0.75625
2514,3306,filledg_alllower_,2910,0.7604355716878403
2612,3408,filledg_alllower_,3010,0.7664319248826291
2699,3521,filledg_alllower_,3110,0.7665435955694405
2784,3636,filledg_alllower_,3210,0.7656765676567657
2875,3745,filledg_alllower_,3310,0.7676902536715621
2964,3856,filledg_alllower_,3410,0.7686721991701245
3063,3957,filledg_alllower_,3510,0.7740712661106899
3154,4066,filledg_alllower_,3610,0.7757009345794392
3250,4170,filledg_alllower_,3710,0.7793764988009593
3337,4283,filledg_alllower_,3810,0.7791267802941864
3431,4389,filledg_alllower_,3910,0.7817270448849396
3524,4496,filledg_alllower_,4010,0.7838078291814946
3628,4592,filledg_alllower_,4110,0.7900696864111498
3720,4700,filledg_alllower_,4210,0.7914893617021277
3816,4804,filledg_alllower_,4310,0.794338051623647
3912,4908,filledg_alllower_,4410,0.7970660146699267
4032,4988,filledg_alllower_,4510,0.8083400160384924
4160,5060,filledg_alllower_,4610,0.8221343873517787
4292,5128,filledg_alllower_,4710,0.8369734789391575
4440,5180,filledg_alllower_,4810,0.8571428571428571
4601,5219,filledg_alllower_,4910,0.8815865108258287
