size intersection,size union,state,k,mean JI
9,11,filledg_alllower_,10,0.8181818181818182
81,139,filledg_alllower_,110,0.5827338129496403
159,261,filledg_alllower_,210,0.6091954022988506
236,384,filledg_alllower_,310,0.6145833333333334
313,507,filledg_alllower_,410,0.6173570019723866
396,624,filledg_alllower_,510,0.6346153846153846
469,751,filledg_alllower_,610,0.6245006657789614
536,884,filledg_alllower_,710,0.6063348416289592
604,1016,filledg_alllower_,810,0.594488188976378
657,1163,filledg_alllower_,910,0.5649183147033534
717,1303,filledg_alllower_,1010,0.5502686108979279
779,1441,filledg_alllower_,1110,0.5405968077723803
834,1586,filledg_alllower_,1210,0.5258511979823455
896,1724,filledg_alllower_,1310,0.5197215777262181
958,1862,filledg_alllower_,1410,0.514500537056928
1015,2005,filledg_alllower_,1510,0.5062344139650873
1079,2141,filledg_alllower_,1610,0.5039701074264362
1131,2289,filledg_alllower_,1710,0.4941022280471822
1185,2435,filledg_alllower_,1810,0.486652977412731
1238,2582,filledg_alllower_,1910,0.47947327652982186
1289,2731,filledg_alllower_,2010,0.4719882826803369
1342,2878,filledg_alllower_,2110,0.4662960389159138
1395,3025,filledg_alllower_,2210,0.46115702479338844
1442,3178,filledg_alllower_,2310,0.45374449339207046
1495,3325,filledg_alllower_,2410,0.4496240601503759
1536,3484,filledg_alllower_,2510,0.44087256027554533
1600,3620,filledg_alllower_,2610,0.4419889502762431
1666,3754,filledg_alllower_,2710,0.44379328716036226
1727,3893,filledg_alllower_,2810,0.4436167480092474
1787,4033,filledg_alllower_,2910,0.4430944706174064
1848,4172,filledg_alllower_,3010,0.4429530201342282
1913,4307,filledg_alllower_,3110,0.4441606686788948
1971,4449,filledg_alllower_,3210,0.44302090357383683
2036,4584,filledg_alllower_,3310,0.44415357766143104
2096,4724,filledg_alllower_,3410,0.4436917866215072
2158,4862,filledg_alllower_,3510,0.44385026737967914
2212,5008,filledg_alllower_,3610,0.4416932907348243
2278,5142,filledg_alllower_,3710,0.4430182808245819
2348,5272,filledg_alllower_,3810,0.44537177541729894
2399,5421,filledg_alllower_,3910,0.4425382770706512
2457,5563,filledg_alllower_,4010,0.4416681646593565
2516,5704,filledg_alllower_,4110,0.44109396914446003
2585,5835,filledg_alllower_,4210,0.44301628106255353
2649,5971,filledg_alllower_,4310,0.44364428069000167
2720,6100,filledg_alllower_,4410,0.4459016393442623
2802,6218,filledg_alllower_,4510,0.4506272113219685
2871,6349,filledg_alllower_,4610,0.4521971964088833
2972,6448,filledg_alllower_,4710,0.4609181141439206
3076,6544,filledg_alllower_,4810,0.47004889975550124
3191,6629,filledg_alllower_,4910,0.481369739025494
