size intersection,size union,state,k,mean JI
9,11,filledg_alllower_,10,0.8181818181818182
93,127,filledg_alllower_,110,0.7322834645669292
185,235,filledg_alllower_,210,0.7872340425531915
267,353,filledg_alllower_,310,0.7563739376770539
356,464,filledg_alllower_,410,0.7672413793103449
442,578,filledg_alllower_,510,0.7647058823529411
539,681,filledg_alllower_,610,0.7914831130690162
628,792,filledg_alllower_,710,0.7929292929292929
704,916,filledg_alllower_,810,0.7685589519650655
787,1033,filledg_alllower_,910,0.7618586640851888
863,1157,filledg_alllower_,1010,0.7458945548833189
961,1259,filledg_alllower_,1110,0.7633042096902304
1028,1392,filledg_alllower_,1210,0.7385057471264368
1101,1519,filledg_alllower_,1310,0.7248189598420013
1192,1628,filledg_alllower_,1410,0.7321867321867321
1264,1756,filledg_alllower_,1510,0.7198177676537585
1344,1876,filledg_alllower_,1610,0.7164179104477612
1438,1982,filledg_alllower_,1710,0.7255297679112008
1518,2102,filledg_alllower_,1810,0.7221693625118935
1597,2223,filledg_alllower_,1910,0.7183985605038237
1676,2344,filledg_alllower_,2010,0.7150170648464164
1764,2456,filledg_alllower_,2110,0.7182410423452769
1844,2576,filledg_alllower_,2210,0.7158385093167702
1930,2690,filledg_alllower_,2310,0.7174721189591078
2010,2810,filledg_alllower_,2410,0.7153024911032029
2087,2933,filledg_alllower_,2510,0.7115581316058643
2173,3047,filledg_alllower_,2610,0.7131604857236626
2265,3155,filledg_alllower_,2710,0.7179080824088748
2348,3272,filledg_alllower_,2810,0.71760391198044
2426,3394,filledg_alllower_,2910,0.7147908073070124
2515,3505,filledg_alllower_,3010,0.717546362339515
2608,3612,filledg_alllower_,3110,0.7220376522702104
2707,3713,filledg_alllower_,3210,0.7290600592512793
2789,3831,filledg_alllower_,3310,0.7280083529104673
2886,3934,filledg_alllower_,3410,0.733604473817997
2974,4046,filledg_alllower_,3510,0.7350469599604548
3055,4165,filledg_alllower_,3610,0.7334933973589436
3160,4260,filledg_alllower_,3710,0.7417840375586855
3252,4368,filledg_alllower_,3810,0.7445054945054945
3343,4477,filledg_alllower_,3910,0.7467053830690195
3433,4587,filledg_alllower_,4010,0.7484194462611728
3522,4698,filledg_alllower_,4110,0.7496807151979565
3636,4784,filledg_alllower_,4210,0.7600334448160535
3739,4881,filledg_alllower_,4310,0.7660315509116984
3852,4968,filledg_alllower_,4410,0.7753623188405797
3975,5045,filledg_alllower_,4510,0.7879088206144698
4110,5110,filledg_alllower_,4610,0.8043052837573386
4249,5171,filledg_alllower_,4710,0.8216979307677432
4397,5223,filledg_alllower_,4810,0.8418533409917672
4563,5257,filledg_alllower_,4910,0.86798554308541
