size intersection,size union,state,k,mean JI
9,11,filledg_allupper_,10,0.8181818181818182
91,129,filledg_allupper_,110,0.7054263565891473
189,231,filledg_allupper_,210,0.8181818181818182
269,351,filledg_allupper_,310,0.7663817663817664
352,468,filledg_allupper_,410,0.7521367521367521
450,570,filledg_allupper_,510,0.7894736842105263
545,675,filledg_allupper_,610,0.8074074074074075
634,786,filledg_allupper_,710,0.806615776081425
727,893,filledg_allupper_,810,0.8141097424412094
811,1009,filledg_allupper_,910,0.8037661050545094
895,1125,filledg_allupper_,1010,0.7955555555555556
984,1236,filledg_allupper_,1110,0.7961165048543689
1076,1344,filledg_allupper_,1210,0.8005952380952381
1156,1464,filledg_allupper_,1310,0.7896174863387978
1242,1578,filledg_allupper_,1410,0.7870722433460076
1342,1678,filledg_allupper_,1510,0.799761620977354
1425,1795,filledg_allupper_,1610,0.7938718662952646
1506,1914,filledg_allupper_,1710,0.786833855799373
1607,2013,filledg_allupper_,1810,0.7983109786388475
1694,2126,filledg_allupper_,1910,0.7968015051740357
1785,2235,filledg_allupper_,2010,0.7986577181208053
1865,2355,filledg_allupper_,2110,0.7919320594479831
1955,2465,filledg_allupper_,2210,0.7931034482758621
2038,2582,filledg_allupper_,2310,0.7893106119287374
2109,2711,filledg_allupper_,2410,0.7779417189229066
2199,2821,filledg_allupper_,2510,0.7795108117688763
2285,2935,filledg_allupper_,2610,0.778534923339012
2384,3036,filledg_allupper_,2710,0.7852437417654808
2476,3144,filledg_allupper_,2810,0.787531806615776
2574,3246,filledg_allupper_,2910,0.7929759704251387
2670,3350,filledg_allupper_,3010,0.7970149253731343
2764,3456,filledg_allupper_,3110,0.7997685185185185
2854,3566,filledg_allupper_,3210,0.8003365114974762
2959,3661,filledg_allupper_,3310,0.8082491122644087
3048,3772,filledg_allupper_,3410,0.8080593849416755
3136,3884,filledg_allupper_,3510,0.8074150360453141
3229,3991,filledg_allupper_,3610,0.8090704084189426
3326,4094,filledg_allupper_,3710,0.8124084025403029
3415,4205,filledg_allupper_,3810,0.812128418549346
3511,4309,filledg_allupper_,3910,0.8148062195404966
3603,4417,filledg_allupper_,4010,0.8157120217342088
3708,4512,filledg_allupper_,4110,0.8218085106382979
3807,4613,filledg_allupper_,4210,0.8252763928029482
3907,4713,filledg_allupper_,4310,0.828983662210906
4013,4807,filledg_allupper_,4410,0.8348242146869149
4107,4913,filledg_allupper_,4510,0.8359454508446977
4212,5008,filledg_allupper_,4610,0.8410543130990416
4324,5096,filledg_allupper_,4710,0.8485086342229199
4460,5160,filledg_allupper_,4810,0.8643410852713178
4614,5206,filledg_allupper_,4910,0.8862850557049559
