size intersection,size union,state,k,mean JI
5,15,filledg_allupper_,10,0.3333333333333333
43,177,filledg_allupper_,110,0.24293785310734464
80,340,filledg_allupper_,210,0.23529411764705882
115,505,filledg_allupper_,310,0.22772277227722773
152,668,filledg_allupper_,410,0.2275449101796407
186,834,filledg_allupper_,510,0.22302158273381295
235,985,filledg_allupper_,610,0.23857868020304568
281,1139,filledg_allupper_,710,0.2467076382791923
324,1296,filledg_allupper_,810,0.25
375,1445,filledg_allupper_,910,0.25951557093425603
431,1589,filledg_allupper_,1010,0.2712397734424166
483,1737,filledg_allupper_,1110,0.27806563039723664
547,1873,filledg_allupper_,1210,0.2920448478376935
604,2016,filledg_allupper_,1310,0.2996031746031746
662,2158,filledg_allupper_,1410,0.30676552363299353
730,2290,filledg_allupper_,1510,0.31877729257641924
789,2431,filledg_allupper_,1610,0.32455779514603045
843,2577,filledg_allupper_,1710,0.32712456344586727
905,2715,filledg_allupper_,1810,0.3333333333333333
971,2849,filledg_allupper_,1910,0.3408213408213408
1036,2984,filledg_allupper_,2010,0.34718498659517427
1096,3124,filledg_allupper_,2110,0.3508322663252241
1161,3259,filledg_allupper_,2210,0.35624424670144217
1230,3390,filledg_allupper_,2310,0.36283185840707965
1302,3518,filledg_allupper_,2410,0.3700966458214895
1378,3642,filledg_allupper_,2510,0.3783635365183965
1448,3772,filledg_allupper_,2610,0.383881230116649
1506,3914,filledg_allupper_,2710,0.38477261113949923
1567,4053,filledg_allupper_,2810,0.386627189735998
1635,4185,filledg_allupper_,2910,0.3906810035842294
1695,4325,filledg_allupper_,3010,0.3919075144508671
1775,4445,filledg_allupper_,3110,0.39932508436445446
1837,4583,filledg_allupper_,3210,0.40082915121099716
1906,4714,filledg_allupper_,3310,0.4043275350021213
1971,4849,filledg_allupper_,3410,0.4064755619715405
2035,4985,filledg_allupper_,3510,0.4082246740220662
2114,5106,filledg_allupper_,3610,0.41402271837054444
2193,5227,filledg_allupper_,3710,0.41955232446910273
2258,5362,filledg_allupper_,3810,0.42111152555016784
2330,5490,filledg_allupper_,3910,0.424408014571949
2394,5626,filledg_allupper_,4010,0.4255243512264486
2462,5758,filledg_allupper_,4110,0.4275790204932268
2532,5888,filledg_allupper_,4210,0.43002717391304346
2609,6011,filledg_allupper_,4310,0.4340375977374813
2691,6129,filledg_allupper_,4410,0.4390602055800294
2777,6243,filledg_allupper_,4510,0.4448181963799455
2864,6356,filledg_allupper_,4610,0.4505978602894902
2962,6458,filledg_allupper_,4710,0.4586559306286776
3074,6546,filledg_allupper_,4810,0.4695997555759242
3186,6634,filledg_allupper_,4910,0.4802532408803135
