size intersection,size union,state,k,mean JI
10,10,filledg_allupper_,10,1.0
98,122,filledg_allupper_,110,0.8032786885245902
196,224,filledg_allupper_,210,0.875
286,334,filledg_allupper_,310,0.8562874251497006
379,441,filledg_allupper_,410,0.8594104308390023
477,543,filledg_allupper_,510,0.8784530386740331
571,649,filledg_allupper_,610,0.8798151001540832
661,759,filledg_allupper_,710,0.8708827404479579
748,872,filledg_allupper_,810,0.8577981651376146
842,978,filledg_allupper_,910,0.8609406952965235
935,1085,filledg_allupper_,1010,0.8617511520737328
1036,1184,filledg_allupper_,1110,0.875
1122,1298,filledg_allupper_,1210,0.864406779661017
1214,1406,filledg_allupper_,1310,0.8634423897581792
1306,1514,filledg_allupper_,1410,0.8626155878467635
1391,1629,filledg_allupper_,1510,0.8538980969920197
1493,1727,filledg_allupper_,1610,0.8645049218297626
1580,1840,filledg_allupper_,1710,0.8586956521739131
1677,1943,filledg_allupper_,1810,0.863098301595471
1762,2058,filledg_allupper_,1910,0.8561710398445093
1845,2175,filledg_allupper_,2010,0.8482758620689655
1934,2286,filledg_allupper_,2110,0.8460192475940508
2026,2394,filledg_allupper_,2210,0.8462823725981621
2123,2497,filledg_allupper_,2310,0.8502202643171806
2221,2599,filledg_allupper_,2410,0.8545594459407464
2309,2711,filledg_allupper_,2510,0.8517152342309111
2402,2818,filledg_allupper_,2610,0.8523775727466288
2504,2916,filledg_allupper_,2710,0.8587105624142661
2599,3021,filledg_allupper_,2810,0.8603111552466071
2694,3126,filledg_allupper_,2910,0.8618042226487524
2778,3242,filledg_allupper_,3010,0.8568784700801975
2867,3353,filledg_allupper_,3110,0.8550551744706233
2976,3444,filledg_allupper_,3210,0.8641114982578397
3076,3544,filledg_allupper_,3310,0.8679458239277652
3164,3656,filledg_allupper_,3410,0.8654266958424508
3250,3770,filledg_allupper_,3510,0.8620689655172413
3357,3863,filledg_allupper_,3610,0.8690137199068082
3451,3969,filledg_allupper_,3710,0.8694885361552028
3553,4067,filledg_allupper_,3810,0.8736169166461766
3642,4178,filledg_allupper_,3910,0.8717089516515079
3748,4272,filledg_allupper_,4010,0.8773408239700374
3842,4378,filledg_allupper_,4110,0.8775696665143902
3944,4476,filledg_allupper_,4210,0.8811438784629133
4034,4586,filledg_allupper_,4310,0.8796336676842564
4133,4687,filledg_allupper_,4410,0.8818007254107105
4231,4789,filledg_allupper_,4510,0.8834829818333682
4329,4891,filledg_allupper_,4610,0.885095072582294
4438,4982,filledg_allupper_,4710,0.8908069048574869
4561,5059,filledg_allupper_,4810,0.9015615734334849
4709,5111,filledg_allupper_,4910,0.9213461162199178
