size intersection,size union,state,k,mean JI
7,13,filledlowerupper_,10,0.5384615384615384
70,150,filledlowerupper_,110,0.4666666666666667
145,275,filledlowerupper_,210,0.5272727272727272
219,401,filledlowerupper_,310,0.5461346633416458
293,527,filledlowerupper_,410,0.5559772296015181
372,648,filledlowerupper_,510,0.5740740740740741
459,761,filledlowerupper_,610,0.6031537450722734
540,880,filledlowerupper_,710,0.6136363636363636
603,1017,filledlowerupper_,810,0.5929203539823009
667,1153,filledlowerupper_,910,0.5784908933217693
747,1273,filledlowerupper_,1010,0.5868028279654359
807,1413,filledlowerupper_,1110,0.5711252653927813
874,1546,filledlowerupper_,1210,0.5653298835705045
945,1675,filledlowerupper_,1310,0.564179104477612
1001,1819,filledlowerupper_,1410,0.5503023639362287
1074,1946,filledlowerupper_,1510,0.5519013360739979
1161,2059,filledlowerupper_,1610,0.5638659543467702
1240,2180,filledlowerupper_,1710,0.5688073394495413
1300,2320,filledlowerupper_,1810,0.5603448275862069
1360,2460,filledlowerupper_,1910,0.5528455284552846
1438,2582,filledlowerupper_,2010,0.5569326103795508
1501,2719,filledlowerupper_,2110,0.5520411916145642
1565,2855,filledlowerupper_,2210,0.5481611208406305
1645,2975,filledlowerupper_,2310,0.5529411764705883
1714,3106,filledlowerupper_,2410,0.5518351577591758
1784,3236,filledlowerupper_,2510,0.5512978986402967
1853,3367,filledlowerupper_,2610,0.5503415503415503
1928,3492,filledlowerupper_,2710,0.5521191294387171
2018,3602,filledlowerupper_,2810,0.5602443087173792
2108,3712,filledlowerupper_,2910,0.5678879310344828
2194,3826,filledlowerupper_,3010,0.5734448510193414
2268,3952,filledlowerupper_,3110,0.5738866396761133
2351,4069,filledlowerupper_,3210,0.5777832391250921
2443,4177,filledlowerupper_,3310,0.5848695235815178
2521,4299,filledlowerupper_,3410,0.5864154454524309
2607,4413,filledlowerupper_,3510,0.5907545887151597
2707,4513,filledlowerupper_,3610,0.5998227343230667
2814,4606,filledlowerupper_,3710,0.6109422492401215
2919,4701,filledlowerupper_,3810,0.6209317166560306
3022,4798,filledlowerupper_,3910,0.629845769070446
3120,4900,filledlowerupper_,4010,0.636734693877551
3231,4989,filledlowerupper_,4110,0.6476247745039087
3365,5055,filledlowerupper_,4210,0.6656775469831849
3496,5124,filledlowerupper_,4310,0.682279469164715
3639,5181,filledlowerupper_,4410,0.7023740590619572
3785,5235,filledlowerupper_,4510,0.723018147086915
3932,5288,filledlowerupper_,4610,0.74357034795764
4088,5332,filledlowerupper_,4710,0.7666916729182296
4254,5366,filledlowerupper_,4810,0.7927692881103242
4419,5401,filledlowerupper_,4910,0.8181818181818182
