size intersection,size union,state,k,mean JI
6,14,filledlowerupper_,10,0.42857142857142855
58,162,filledlowerupper_,110,0.35802469135802467
121,299,filledlowerupper_,210,0.40468227424749165
173,447,filledlowerupper_,310,0.3870246085011186
231,589,filledlowerupper_,410,0.3921901528013582
296,724,filledlowerupper_,510,0.4088397790055249
364,856,filledlowerupper_,610,0.4252336448598131
419,1001,filledlowerupper_,710,0.41858141858141856
481,1139,filledlowerupper_,810,0.42230026338893767
535,1285,filledlowerupper_,910,0.4163424124513619
592,1428,filledlowerupper_,1010,0.41456582633053224
648,1572,filledlowerupper_,1110,0.4122137404580153
707,1713,filledlowerupper_,1210,0.4127262113251605
758,1862,filledlowerupper_,1310,0.4070891514500537
803,2017,filledlowerupper_,1410,0.39811601388200296
856,2164,filledlowerupper_,1510,0.3955637707948244
913,2307,filledlowerupper_,1610,0.3957520589510186
968,2452,filledlowerupper_,1710,0.39477977161500816
1027,2593,filledlowerupper_,1810,0.3960663324334747
1082,2738,filledlowerupper_,1910,0.3951789627465303
1130,2890,filledlowerupper_,2010,0.39100346020761245
1188,3032,filledlowerupper_,2110,0.391820580474934
1238,3182,filledlowerupper_,2210,0.3890634820867379
1273,3347,filledlowerupper_,2310,0.3803406035255453
1328,3492,filledlowerupper_,2410,0.38029782359679265
1376,3644,filledlowerupper_,2510,0.37760702524698136
1424,3796,filledlowerupper_,2610,0.37513171759747105
1474,3946,filledlowerupper_,2710,0.3735428281804359
1534,4086,filledlowerupper_,2810,0.3754282917278512
1595,4225,filledlowerupper_,2910,0.37751479289940826
1655,4365,filledlowerupper_,3010,0.37915234822451316
1715,4505,filledlowerupper_,3110,0.3806881243063263
1772,4648,filledlowerupper_,3210,0.3812392426850258
1843,4777,filledlowerupper_,3310,0.38580699183588024
1910,4910,filledlowerupper_,3410,0.3890020366598778
1970,5050,filledlowerupper_,3510,0.3900990099009901
2036,5184,filledlowerupper_,3610,0.39274691358024694
2106,5314,filledlowerupper_,3710,0.3963116296575085
2162,5458,filledlowerupper_,3810,0.3961157933308904
2231,5589,filledlowerupper_,3910,0.3991769547325103
2304,5716,filledlowerupper_,4010,0.40307907627711687
2371,5849,filledlowerupper_,4110,0.40536843904941017
2457,5963,filledlowerupper_,4210,0.4120409190005031
2540,6080,filledlowerupper_,4310,0.41776315789473684
2637,6183,filledlowerupper_,4410,0.4264919941775837
2731,6289,filledlowerupper_,4510,0.43425027826363494
2815,6405,filledlowerupper_,4610,0.43950039032006244
2915,6505,filledlowerupper_,4710,0.44811683320522677
3033,6587,filledlowerupper_,4810,0.4604524062547442
3120,6700,filledlowerupper_,4910,0.46567164179104475
