size intersection,size union,state,k,mean JI
1,19,filledlowerupper_,10,0.05263157894736842
23,197,filledlowerupper_,110,0.116751269035533
41,379,filledlowerupper_,210,0.10817941952506596
57,563,filledlowerupper_,310,0.10124333925399645
78,742,filledlowerupper_,410,0.10512129380053908
94,926,filledlowerupper_,510,0.10151187904967603
115,1105,filledlowerupper_,610,0.10407239819004525
138,1282,filledlowerupper_,710,0.10764430577223089
160,1460,filledlowerupper_,810,0.1095890410958904
188,1632,filledlowerupper_,910,0.11519607843137254
220,1800,filledlowerupper_,1010,0.12222222222222222
244,1976,filledlowerupper_,1110,0.12348178137651822
282,2138,filledlowerupper_,1210,0.13189897100093545
308,2312,filledlowerupper_,1310,0.13321799307958476
346,2474,filledlowerupper_,1410,0.13985448666127728
372,2648,filledlowerupper_,1510,0.1404833836858006
400,2820,filledlowerupper_,1610,0.14184397163120568
431,2989,filledlowerupper_,1710,0.14419538307126128
473,3147,filledlowerupper_,1810,0.15030187480139814
509,3311,filledlowerupper_,1910,0.15372999093929327
532,3488,filledlowerupper_,2010,0.15252293577981652
564,3656,filledlowerupper_,2110,0.15426695842450766
593,3827,filledlowerupper_,2210,0.1549516592631304
628,3992,filledlowerupper_,2310,0.15731462925851702
660,4160,filledlowerupper_,2410,0.15865384615384615
693,4327,filledlowerupper_,2510,0.16015715276172868
721,4499,filledlowerupper_,2610,0.16025783507446098
753,4667,filledlowerupper_,2710,0.1613456181701307
787,4833,filledlowerupper_,2810,0.1628388164701014
820,5000,filledlowerupper_,2910,0.164
854,5166,filledlowerupper_,3010,0.16531165311653118
892,5328,filledlowerupper_,3110,0.16741741741741742
926,5494,filledlowerupper_,3210,0.1685475063705861
965,5655,filledlowerupper_,3310,0.17064544650751548
1003,5817,filledlowerupper_,3410,0.172425648959945
1043,5977,filledlowerupper_,3510,0.17450225865818972
1077,6143,filledlowerupper_,3610,0.17532150415106626
1116,6304,filledlowerupper_,3710,0.17703045685279187
1146,6474,filledlowerupper_,3810,0.17701575532900835
1184,6636,filledlowerupper_,3910,0.1784207353827607
1239,6781,filledlowerupper_,4010,0.1827164135083321
1280,6940,filledlowerupper_,4110,0.1844380403458213
1325,7095,filledlowerupper_,4210,0.18675123326286117
1374,7246,filledlowerupper_,4310,0.1896218603367375
1419,7401,filledlowerupper_,4410,0.19173084718281314
1472,7548,filledlowerupper_,4510,0.19501854795972443
1529,7691,filledlowerupper_,4610,0.19880379664542971
1591,7829,filledlowerupper_,4710,0.20321880189040745
1649,7971,filledlowerupper_,4810,0.20687492159076654
1715,8105,filledlowerupper_,4910,0.21159777914867367
