size intersection,size union,state,k,mean JI
6,14,filledlowerupper_,10,0.42857142857142855
69,151,filledlowerupper_,110,0.45695364238410596
138,282,filledlowerupper_,210,0.48936170212765956
200,420,filledlowerupper_,310,0.47619047619047616
262,558,filledlowerupper_,410,0.46953405017921146
331,689,filledlowerupper_,510,0.48040638606676345
394,826,filledlowerupper_,610,0.47699757869249393
454,966,filledlowerupper_,710,0.4699792960662526
516,1104,filledlowerupper_,810,0.4673913043478261
566,1254,filledlowerupper_,910,0.4513556618819777
628,1392,filledlowerupper_,1010,0.4511494252873563
683,1537,filledlowerupper_,1110,0.44437215354586856
739,1681,filledlowerupper_,1210,0.4396192742415229
799,1821,filledlowerupper_,1310,0.4387699066447007
861,1959,filledlowerupper_,1410,0.43950995405819293
920,2100,filledlowerupper_,1510,0.4380952380952381
983,2237,filledlowerupper_,1610,0.43942780509611085
1033,2387,filledlowerupper_,1710,0.43276078759949727
1086,2534,filledlowerupper_,1810,0.42857142857142855
1138,2682,filledlowerupper_,1910,0.424310216256525
1190,2830,filledlowerupper_,2010,0.4204946996466431
1234,2986,filledlowerupper_,2110,0.4132618888144675
1279,3141,filledlowerupper_,2210,0.40719516077682266
1330,3290,filledlowerupper_,2310,0.40425531914893614
1390,3430,filledlowerupper_,2410,0.40524781341107874
1447,3573,filledlowerupper_,2510,0.404981808004478
1509,3711,filledlowerupper_,2610,0.40662894098625707
1558,3862,filledlowerupper_,2710,0.4034179181771103
1616,4004,filledlowerupper_,2810,0.4035964035964036
1673,4147,filledlowerupper_,2910,0.4034241620448517
1735,4285,filledlowerupper_,3010,0.4049008168028005
1792,4428,filledlowerupper_,3110,0.4046973803071364
1854,4566,filledlowerupper_,3210,0.4060446780551905
1910,4710,filledlowerupper_,3310,0.40552016985138006
1985,4835,filledlowerupper_,3410,0.4105480868665977
2043,4977,filledlowerupper_,3510,0.4104882459312839
2104,5116,filledlowerupper_,3610,0.4112587959343237
2177,5243,filledlowerupper_,3710,0.4152202937249666
2232,5388,filledlowerupper_,3810,0.4142538975501114
2292,5528,filledlowerupper_,3910,0.414616497829233
2360,5660,filledlowerupper_,4010,0.4169611307420495
2423,5797,filledlowerupper_,4110,0.4179748145592548
2484,5936,filledlowerupper_,4210,0.41846361185983827
2547,6073,filledlowerupper_,4310,0.4193973324551293
2622,6198,filledlowerupper_,4410,0.4230396902226525
2710,6310,filledlowerupper_,4510,0.4294770206022187
2789,6431,filledlowerupper_,4610,0.43368060954750426
2893,6527,filledlowerupper_,4710,0.443235789796231
3000,6620,filledlowerupper_,4810,0.45317220543806647
3108,6712,filledlowerupper_,4910,0.46305125148986886
