size intersection,size union,state,k,mean JI
7,13,filledlowerupper_,10,0.5384615384615384
70,150,filledlowerupper_,110,0.4666666666666667
140,280,filledlowerupper_,210,0.5
206,414,filledlowerupper_,310,0.4975845410628019
271,549,filledlowerupper_,410,0.4936247723132969
339,681,filledlowerupper_,510,0.4977973568281938
407,813,filledlowerupper_,610,0.5006150061500615
474,946,filledlowerupper_,710,0.5010570824524313
541,1079,filledlowerupper_,810,0.5013901760889713
596,1224,filledlowerupper_,910,0.4869281045751634
654,1366,filledlowerupper_,1010,0.4787701317715959
708,1512,filledlowerupper_,1110,0.46825396825396826
769,1651,filledlowerupper_,1210,0.465778316172017
825,1795,filledlowerupper_,1310,0.4596100278551532
881,1939,filledlowerupper_,1410,0.45435791645177925
943,2077,filledlowerupper_,1510,0.45402022147327875
1006,2214,filledlowerupper_,1610,0.45438121047877145
1065,2355,filledlowerupper_,1710,0.45222929936305734
1129,2491,filledlowerupper_,1810,0.4532316338819751
1189,2631,filledlowerupper_,1910,0.45191942227290005
1238,2782,filledlowerupper_,2010,0.44500359453630484
1285,2935,filledlowerupper_,2110,0.43781942078364566
1343,3077,filledlowerupper_,2210,0.43646408839779005
1391,3229,filledlowerupper_,2310,0.4307835243109322
1438,3382,filledlowerupper_,2410,0.42519219396806623
1502,3518,filledlowerupper_,2510,0.42694712905059695
1567,3653,filledlowerupper_,2610,0.42896249657815494
1617,3803,filledlowerupper_,2710,0.4251906389692348
1669,3951,filledlowerupper_,2810,0.42242470260693493
1720,4100,filledlowerupper_,2910,0.4195121951219512
1779,4241,filledlowerupper_,3010,0.4194765385522283
1839,4381,filledlowerupper_,3110,0.4197671764437343
1898,4522,filledlowerupper_,3210,0.41972578505086244
1959,4661,filledlowerupper_,3310,0.42029607380390477
2020,4800,filledlowerupper_,3410,0.42083333333333334
2073,4947,filledlowerupper_,3510,0.41904184354154034
2131,5089,filledlowerupper_,3610,0.4187463155826292
2193,5227,filledlowerupper_,3710,0.41955232446910273
2257,5363,filledlowerupper_,3810,0.42084654111504755
2319,5501,filledlowerupper_,3910,0.42155971641519724
2388,5632,filledlowerupper_,4010,0.4240056818181818
2449,5771,filledlowerupper_,4110,0.42436319528677874
2512,5908,filledlowerupper_,4210,0.42518618821936355
2585,6035,filledlowerupper_,4310,0.4283347141673571
2663,6157,filledlowerupper_,4410,0.43251583563423746
2740,6280,filledlowerupper_,4510,0.43630573248407645
2827,6393,filledlowerupper_,4610,0.4422024088847177
2906,6514,filledlowerupper_,4710,0.4461160577218299
3001,6619,filledlowerupper_,4810,0.4533917510197915
3113,6707,filledlowerupper_,4910,0.4641419412554048
