size intersection,size union,state,k,mean JI
8,12,filledlowerupper_,10,0.6666666666666666
73,147,filledlowerupper_,110,0.4965986394557823
140,280,filledlowerupper_,210,0.5
217,403,filledlowerupper_,310,0.5384615384615384
304,516,filledlowerupper_,410,0.5891472868217055
388,632,filledlowerupper_,510,0.6139240506329114
463,757,filledlowerupper_,610,0.6116248348745046
540,880,filledlowerupper_,710,0.6136363636363636
603,1017,filledlowerupper_,810,0.5929203539823009
665,1155,filledlowerupper_,910,0.5757575757575758
732,1288,filledlowerupper_,1010,0.5683229813664596
802,1418,filledlowerupper_,1110,0.5655853314527504
877,1543,filledlowerupper_,1210,0.5683732987686325
950,1670,filledlowerupper_,1310,0.5688622754491018
1023,1797,filledlowerupper_,1410,0.5692821368948247
1091,1929,filledlowerupper_,1510,0.5655780196993261
1165,2055,filledlowerupper_,1610,0.5669099756690997
1240,2180,filledlowerupper_,1710,0.5688073394495413
1320,2300,filledlowerupper_,1810,0.5739130434782609
1391,2429,filledlowerupper_,1910,0.5726636475916015
1451,2569,filledlowerupper_,2010,0.5648112105877774
1514,2706,filledlowerupper_,2110,0.5594974131559497
1586,2834,filledlowerupper_,2210,0.5596330275229358
1659,2961,filledlowerupper_,2310,0.5602836879432624
1733,3087,filledlowerupper_,2410,0.561386459345643
1807,3213,filledlowerupper_,2510,0.5624027388733271
1880,3340,filledlowerupper_,2610,0.562874251497006
1962,3458,filledlowerupper_,2710,0.56737998843262
2038,3582,filledlowerupper_,2810,0.5689558905639308
2116,3704,filledlowerupper_,2910,0.5712742980561555
2202,3818,filledlowerupper_,3010,0.5767417496071241
2292,3928,filledlowerupper_,3110,0.5835030549898167
2369,4051,filledlowerupper_,3210,0.5847938780548013
2455,4165,filledlowerupper_,3310,0.5894357743097239
2528,4292,filledlowerupper_,3410,0.5890027958993477
2612,4408,filledlowerupper_,3510,0.5925589836660617
2703,4517,filledlowerupper_,3610,0.5984060216958158
2797,4623,filledlowerupper_,3710,0.6050183863292234
2883,4737,filledlowerupper_,3810,0.6086130462317922
2972,4848,filledlowerupper_,3910,0.613036303630363
3066,4954,filledlowerupper_,4010,0.6188938231731934
3158,5062,filledlowerupper_,4110,0.6238640853417622
3248,5172,filledlowerupper_,4210,0.6279969064191802
3355,5265,filledlowerupper_,4310,0.6372269705603039
3478,5342,filledlowerupper_,4410,0.6510670160988394
3607,5413,filledlowerupper_,4510,0.6663587659338629
3736,5484,filledlowerupper_,4610,0.6812545587162655
3882,5538,filledlowerupper_,4710,0.7009750812567714
4032,5588,filledlowerupper_,4810,0.721546170365068
4195,5625,filledlowerupper_,4910,0.7457777777777778
