size intersection,size union,state,k,mean JI
6,14,filledlowerupper_,10,0.42857142857142855
75,145,filledlowerupper_,110,0.5172413793103449
166,254,filledlowerupper_,210,0.6535433070866141
235,385,filledlowerupper_,310,0.6103896103896104
305,515,filledlowerupper_,410,0.5922330097087378
388,632,filledlowerupper_,510,0.6139240506329114
484,736,filledlowerupper_,610,0.657608695652174
561,859,filledlowerupper_,710,0.6530849825378346
624,996,filledlowerupper_,810,0.6265060240963856
686,1134,filledlowerupper_,910,0.6049382716049383
760,1260,filledlowerupper_,1010,0.6031746031746031
831,1389,filledlowerupper_,1110,0.5982721382289417
909,1511,filledlowerupper_,1210,0.6015883520847121
995,1625,filledlowerupper_,1310,0.6123076923076923
1077,1743,filledlowerupper_,1410,0.6179001721170396
1159,1861,filledlowerupper_,1510,0.6227834497581946
1241,1979,filledlowerupper_,1610,0.6270843860535624
1309,2111,filledlowerupper_,1710,0.6200852676456655
1389,2231,filledlowerupper_,1810,0.6225907664724338
1463,2357,filledlowerupper_,1910,0.6207042851081884
1535,2485,filledlowerupper_,2010,0.6177062374245473
1614,2606,filledlowerupper_,2110,0.6193399846508059
1700,2720,filledlowerupper_,2210,0.625
1781,2839,filledlowerupper_,2310,0.6273335681578021
1862,2958,filledlowerupper_,2410,0.6294793779580797
1951,3069,filledlowerupper_,2510,0.6357119582926034
2047,3173,filledlowerupper_,2610,0.64513079104948
2125,3295,filledlowerupper_,2710,0.644916540212443
2200,3420,filledlowerupper_,2810,0.6432748538011696
2290,3530,filledlowerupper_,2910,0.6487252124645893
2374,3646,filledlowerupper_,3010,0.6511245200219419
2462,3758,filledlowerupper_,3110,0.6551357104843002
2545,3875,filledlowerupper_,3210,0.6567741935483871
2623,3997,filledlowerupper_,3310,0.6562421816362272
2718,4102,filledlowerupper_,3410,0.6626036079960994
2801,4219,filledlowerupper_,3510,0.6639013984356482
2886,4334,filledlowerupper_,3610,0.6658975542224274
2989,4431,filledlowerupper_,3710,0.674565560821485
3092,4528,filledlowerupper_,3810,0.6828621908127208
3191,4629,filledlowerupper_,3910,0.689349751566213
3285,4735,filledlowerupper_,4010,0.6937697993664202
3396,4824,filledlowerupper_,4110,0.7039800995024875
3515,4905,filledlowerupper_,4210,0.7166156982670744
3619,5001,filledlowerupper_,4310,0.7236552689462108
3754,5066,filledlowerupper_,4410,0.7410185550730359
3883,5137,filledlowerupper_,4510,0.7558886509635975
4027,5193,filledlowerupper_,4610,0.7754669747737338
4185,5235,filledlowerupper_,4710,0.7994269340974212
4351,5269,filledlowerupper_,4810,0.8257733915353958
4521,5299,filledlowerupper_,4910,0.8531798452538215
