size intersection,size union,state,k,mean JI
6,14,filledlowerupper_,10,0.42857142857142855
73,147,filledlowerupper_,110,0.4965986394557823
146,274,filledlowerupper_,210,0.5328467153284672
222,398,filledlowerupper_,310,0.5577889447236181
300,520,filledlowerupper_,410,0.5769230769230769
390,630,filledlowerupper_,510,0.6190476190476191
468,752,filledlowerupper_,610,0.6223404255319149
548,872,filledlowerupper_,710,0.6284403669724771
619,1001,filledlowerupper_,810,0.6183816183816184
683,1137,filledlowerupper_,910,0.6007036059806509
749,1271,filledlowerupper_,1010,0.5892997639653816
822,1398,filledlowerupper_,1110,0.5879828326180258
888,1532,filledlowerupper_,1210,0.5796344647519582
960,1660,filledlowerupper_,1310,0.5783132530120482
1034,1786,filledlowerupper_,1410,0.5789473684210527
1109,1911,filledlowerupper_,1510,0.5803244374672946
1180,2040,filledlowerupper_,1610,0.5784313725490197
1243,2177,filledlowerupper_,1710,0.5709692237023427
1310,2310,filledlowerupper_,1810,0.5670995670995671
1387,2433,filledlowerupper_,1910,0.5700780928894369
1465,2555,filledlowerupper_,2010,0.5733855185909981
1522,2698,filledlowerupper_,2110,0.56412157153447
1593,2827,filledlowerupper_,2210,0.563494870887867
1667,2953,filledlowerupper_,2310,0.5645106671181849
1749,3071,filledlowerupper_,2410,0.5695213285574732
1826,3194,filledlowerupper_,2510,0.5716969317470256
1918,3302,filledlowerupper_,2610,0.5808600847970927
1987,3433,filledlowerupper_,2710,0.5787940576755025
2060,3560,filledlowerupper_,2810,0.5786516853932584
2135,3685,filledlowerupper_,2910,0.5793758480325645
2205,3815,filledlowerupper_,3010,0.5779816513761468
2283,3937,filledlowerupper_,3110,0.5798831597663195
2373,4047,filledlowerupper_,3210,0.586360266864344
2451,4169,filledlowerupper_,3310,0.5879107699688174
2529,4291,filledlowerupper_,3410,0.5893731065019809
2631,4389,filledlowerupper_,3510,0.5994531784005468
2722,4498,filledlowerupper_,3610,0.6051578479324144
2809,4611,filledlowerupper_,3710,0.6091954022988506
2903,4717,filledlowerupper_,3810,0.6154335382658469
2984,4836,filledlowerupper_,3910,0.6170388751033913
3082,4938,filledlowerupper_,4010,0.6241393276630215
3179,5041,filledlowerupper_,4110,0.6306288434834358
3282,5138,filledlowerupper_,4210,0.6387699493966524
3380,5240,filledlowerupper_,4310,0.6450381679389313
3498,5322,filledlowerupper_,4410,0.657271702367531
3617,5403,filledlowerupper_,4510,0.6694429020914306
3738,5482,filledlowerupper_,4610,0.6818679314118935
3877,5543,filledlowerupper_,4710,0.6994407360635035
4028,5592,filledlowerupper_,4810,0.7203147353361946
4193,5627,filledlowerupper_,4910,0.7451572774124756
