size intersection,size union,state,k,mean JI
4,16,filledlowerupper_,10,0.25
60,160,filledlowerupper_,110,0.375
116,304,filledlowerupper_,210,0.3815789473684211
172,448,filledlowerupper_,310,0.38392857142857145
231,589,filledlowerupper_,410,0.3921901528013582
291,729,filledlowerupper_,510,0.3991769547325103
358,862,filledlowerupper_,610,0.41531322505800466
420,1000,filledlowerupper_,710,0.42
463,1157,filledlowerupper_,810,0.40017286084701814
524,1296,filledlowerupper_,910,0.404320987654321
574,1446,filledlowerupper_,1010,0.3969571230982019
632,1588,filledlowerupper_,1110,0.3979848866498741
692,1728,filledlowerupper_,1210,0.40046296296296297
745,1875,filledlowerupper_,1310,0.3973333333333333
800,2020,filledlowerupper_,1410,0.39603960396039606
861,2159,filledlowerupper_,1510,0.3987957387679481
910,2310,filledlowerupper_,1610,0.3939393939393939
968,2452,filledlowerupper_,1710,0.39477977161500816
1033,2587,filledlowerupper_,1810,0.3993042133745651
1089,2731,filledlowerupper_,1910,0.3987550347857928
1149,2871,filledlowerupper_,2010,0.400208986415883
1195,3025,filledlowerupper_,2110,0.3950413223140496
1252,3168,filledlowerupper_,2210,0.3952020202020202
1302,3318,filledlowerupper_,2310,0.3924050632911392
1361,3459,filledlowerupper_,2410,0.3934663197455912
1412,3608,filledlowerupper_,2510,0.39135254988913526
1460,3760,filledlowerupper_,2610,0.3882978723404255
1523,3897,filledlowerupper_,2710,0.39081344624069797
1581,4039,filledlowerupper_,2810,0.39143352314929436
1641,4179,filledlowerupper_,2910,0.39267767408470927
1700,4320,filledlowerupper_,3010,0.39351851851851855
1767,4453,filledlowerupper_,3110,0.3968111385582753
1820,4600,filledlowerupper_,3210,0.39565217391304347
1877,4743,filledlowerupper_,3310,0.395741092135779
1954,4866,filledlowerupper_,3410,0.4015618577887382
2011,5009,filledlowerupper_,3510,0.40147734078658415
2068,5152,filledlowerupper_,3610,0.40139751552795033
2130,5290,filledlowerupper_,3710,0.40264650283553877
2184,5436,filledlowerupper_,3810,0.40176600441501104
2243,5577,filledlowerupper_,3910,0.40218755603370987
2306,5714,filledlowerupper_,4010,0.40357017850892546
2371,5849,filledlowerupper_,4110,0.40536843904941017
2441,5979,filledlowerupper_,4210,0.40826225121257737
2523,6097,filledlowerupper_,4310,0.41381007052648844
2611,6209,filledlowerupper_,4410,0.4205186020293123
2698,6322,filledlowerupper_,4510,0.426763682378994
2782,6438,filledlowerupper_,4610,0.43212177694936316
2876,6544,filledlowerupper_,4710,0.4394865525672372
2977,6643,filledlowerupper_,4810,0.4481409001956947
3081,6739,filledlowerupper_,4910,0.45718949399020625
