size intersection,size union,state,k,mean JI
6,14,filledlowerupper_,10,0.42857142857142855
67,153,filledlowerupper_,110,0.43790849673202614
138,282,filledlowerupper_,210,0.48936170212765956
206,414,filledlowerupper_,310,0.4975845410628019
274,546,filledlowerupper_,410,0.5018315018315018
357,663,filledlowerupper_,510,0.5384615384615384
432,788,filledlowerupper_,610,0.5482233502538071
509,911,filledlowerupper_,710,0.5587266739846323
570,1050,filledlowerupper_,810,0.5428571428571428
647,1173,filledlowerupper_,910,0.5515771526001705
717,1303,filledlowerupper_,1010,0.5502686108979279
782,1438,filledlowerupper_,1110,0.5438108484005564
849,1571,filledlowerupper_,1210,0.5404201145767027
912,1708,filledlowerupper_,1310,0.5339578454332553
976,1844,filledlowerupper_,1410,0.5292841648590022
1048,1972,filledlowerupper_,1510,0.5314401622718052
1123,2097,filledlowerupper_,1610,0.5355269432522651
1186,2234,filledlowerupper_,1710,0.5308863025962399
1269,2351,filledlowerupper_,1810,0.5397703105061676
1339,2481,filledlowerupper_,1910,0.539701733172108
1409,2611,filledlowerupper_,2010,0.5396399846801991
1470,2750,filledlowerupper_,2110,0.5345454545454545
1545,2875,filledlowerupper_,2210,0.5373913043478261
1616,3004,filledlowerupper_,2310,0.5379494007989347
1692,3128,filledlowerupper_,2410,0.540920716112532
1762,3258,filledlowerupper_,2510,0.5408225905463474
1820,3400,filledlowerupper_,2610,0.5352941176470588
1903,3517,filledlowerupper_,2710,0.5410861529712824
1980,3640,filledlowerupper_,2810,0.5439560439560439
2063,3757,filledlowerupper_,2910,0.5491083311152515
2145,3875,filledlowerupper_,3010,0.5535483870967742
2218,4002,filledlowerupper_,3110,0.5542228885557221
2293,4127,filledlowerupper_,3210,0.5556094015023019
2390,4230,filledlowerupper_,3310,0.5650118203309693
2478,4342,filledlowerupper_,3410,0.570704744357439
2547,4473,filledlowerupper_,3510,0.5694164989939637
2634,4586,filledlowerupper_,3610,0.5743567378979503
2729,4691,filledlowerupper_,3710,0.5817522916222554
2818,4802,filledlowerupper_,3810,0.5868388171595169
2914,4906,filledlowerupper_,3910,0.5939665715450468
3010,5010,filledlowerupper_,4010,0.6007984031936128
3102,5118,filledlowerupper_,4110,0.6060961313012896
3200,5220,filledlowerupper_,4210,0.6130268199233716
3313,5307,filledlowerupper_,4310,0.6242698322969663
3427,5393,filledlowerupper_,4410,0.6354533654737623
3549,5471,filledlowerupper_,4510,0.6486931091208189
3692,5528,filledlowerupper_,4610,0.6678726483357453
3834,5586,filledlowerupper_,4710,0.686358754027927
3986,5634,filledlowerupper_,4810,0.7074902378416755
4151,5669,filledlowerupper_,4910,0.7322279061562886
