size intersection,size union,state,k,mean JI
6,14,filledlowerupper_,10,0.42857142857142855
62,158,filledlowerupper_,110,0.3924050632911392
128,292,filledlowerupper_,210,0.4383561643835616
189,431,filledlowerupper_,310,0.4385150812064965
252,568,filledlowerupper_,410,0.44366197183098594
323,697,filledlowerupper_,510,0.4634146341463415
397,823,filledlowerupper_,610,0.4823815309842041
457,963,filledlowerupper_,710,0.4745586708203531
516,1104,filledlowerupper_,810,0.4673913043478261
571,1249,filledlowerupper_,910,0.45716573258606885
625,1395,filledlowerupper_,1010,0.44802867383512546
685,1535,filledlowerupper_,1110,0.44625407166123776
740,1680,filledlowerupper_,1210,0.44047619047619047
804,1816,filledlowerupper_,1310,0.44273127753303965
861,1959,filledlowerupper_,1410,0.43950995405819293
918,2102,filledlowerupper_,1510,0.4367269267364415
965,2255,filledlowerupper_,1610,0.4279379157427938
1026,2394,filledlowerupper_,1710,0.42857142857142855
1085,2535,filledlowerupper_,1810,0.4280078895463511
1138,2682,filledlowerupper_,1910,0.424310216256525
1195,2825,filledlowerupper_,2010,0.4230088495575221
1252,2968,filledlowerupper_,2110,0.42183288409703507
1298,3122,filledlowerupper_,2210,0.4157591287636131
1342,3278,filledlowerupper_,2310,0.40939597315436244
1393,3427,filledlowerupper_,2410,0.4064779690691567
1444,3576,filledlowerupper_,2510,0.40380313199105144
1484,3736,filledlowerupper_,2610,0.39721627408993576
1539,3881,filledlowerupper_,2710,0.39654728162844627
1597,4023,filledlowerupper_,2810,0.3969674372358936
1649,4171,filledlowerupper_,2910,0.3953488372093023
1706,4314,filledlowerupper_,3010,0.3954566527584608
1760,4460,filledlowerupper_,3110,0.39461883408071746
1819,4601,filledlowerupper_,3210,0.3953488372093023
1874,4746,filledlowerupper_,3310,0.3948588284871471
1937,4883,filledlowerupper_,3410,0.39668236739709195
2002,5018,filledlowerupper_,3510,0.39896373056994816
2056,5164,filledlowerupper_,3610,0.3981409759876065
2119,5301,filledlowerupper_,3710,0.39973589888700245
2179,5441,filledlowerupper_,3810,0.40047785333578384
2235,5585,filledlowerupper_,3910,0.40017905102954343
2299,5721,filledlowerupper_,4010,0.4018528229330537
2383,5837,filledlowerupper_,4110,0.4082576666095597
2444,5976,filledlowerupper_,4210,0.40896921017402943
2510,6110,filledlowerupper_,4310,0.41080196399345337
2584,6236,filledlowerupper_,4410,0.4143681847338037
2660,6360,filledlowerupper_,4510,0.41823899371069184
2734,6486,filledlowerupper_,4610,0.4215232809127351
2833,6587,filledlowerupper_,4710,0.4300895703658722
2932,6688,filledlowerupper_,4810,0.4383971291866029
3047,6773,filledlowerupper_,4910,0.4498745016979182
