size intersection,size union,state,k,mean JI
4,16,filledlowerupper_,10,0.25
49,171,filledlowerupper_,110,0.28654970760233917
113,307,filledlowerupper_,210,0.36807817589576547
167,453,filledlowerupper_,310,0.3686534216335541
220,600,filledlowerupper_,410,0.36666666666666664
290,730,filledlowerupper_,510,0.3972602739726027
354,866,filledlowerupper_,610,0.40877598152424943
405,1015,filledlowerupper_,710,0.39901477832512317
454,1166,filledlowerupper_,810,0.3893653516295026
521,1299,filledlowerupper_,910,0.4010777521170131
579,1441,filledlowerupper_,1010,0.40180430256766136
635,1585,filledlowerupper_,1110,0.40063091482649843
694,1726,filledlowerupper_,1210,0.4020857473928158
749,1871,filledlowerupper_,1310,0.40032068412613575
807,2013,filledlowerupper_,1410,0.4008941877794337
867,2153,filledlowerupper_,1510,0.4026939154667905
916,2304,filledlowerupper_,1610,0.3975694444444444
983,2437,filledlowerupper_,1710,0.40336479277800574
1039,2581,filledlowerupper_,1810,0.4025571483920961
1101,2719,filledlowerupper_,1910,0.4049282824567856
1150,2870,filledlowerupper_,2010,0.40069686411149824
1209,3011,filledlowerupper_,2110,0.4015277316506144
1253,3167,filledlowerupper_,2210,0.39564256394063785
1322,3298,filledlowerupper_,2310,0.4008489993935719
1372,3448,filledlowerupper_,2410,0.39791183294663574
1428,3592,filledlowerupper_,2510,0.3975501113585746
1494,3726,filledlowerupper_,2610,0.40096618357487923
1532,3888,filledlowerupper_,2710,0.3940329218106996
1584,4036,filledlowerupper_,2810,0.3924677898909812
1646,4174,filledlowerupper_,2910,0.3943459511260182
1704,4316,filledlowerupper_,3010,0.3948100092678406
1764,4456,filledlowerupper_,3110,0.39587073608617596
1826,4594,filledlowerupper_,3210,0.39747496734871574
1883,4737,filledlowerupper_,3310,0.3975089719231581
1940,4880,filledlowerupper_,3410,0.3975409836065574
2009,5011,filledlowerupper_,3510,0.40091798044302535
2083,5137,filledlowerupper_,3610,0.4054895853611057
2148,5272,filledlowerupper_,3710,0.40743550834597875
2206,5414,filledlowerupper_,3810,0.407462135205024
2281,5539,filledlowerupper_,3910,0.41180718541252936
2349,5671,filledlowerupper_,4010,0.4142126609063657
2424,5796,filledlowerupper_,4110,0.41821946169772256
2483,5937,filledlowerupper_,4210,0.4182246926056931
2539,6081,filledlowerupper_,4310,0.4175300115112646
2609,6211,filledlowerupper_,4410,0.42006118177427143
2691,6329,filledlowerupper_,4510,0.4251856533417602
2771,6449,filledlowerupper_,4610,0.42967902000310126
2868,6552,filledlowerupper_,4710,0.43772893772893773
2976,6644,filledlowerupper_,4810,0.44792293798916316
3085,6735,filledlowerupper_,4910,0.4580549368968077
