size intersection,size union,state,k,mean JI
5,15,filledlowerupper_,10,0.3333333333333333
60,160,filledlowerupper_,110,0.375
132,288,filledlowerupper_,210,0.4583333333333333
202,418,filledlowerupper_,310,0.48325358851674644
270,550,filledlowerupper_,410,0.4909090909090909
345,675,filledlowerupper_,510,0.5111111111111111
417,803,filledlowerupper_,610,0.5193026151930261
474,946,filledlowerupper_,710,0.5010570824524313
523,1097,filledlowerupper_,810,0.47675478577939834
593,1227,filledlowerupper_,910,0.4832925835370823
645,1375,filledlowerupper_,1010,0.4690909090909091
693,1527,filledlowerupper_,1110,0.4538310412573674
757,1663,filledlowerupper_,1210,0.45520144317498495
810,1810,filledlowerupper_,1310,0.44751381215469616
865,1955,filledlowerupper_,1410,0.4424552429667519
920,2100,filledlowerupper_,1510,0.4380952380952381
977,2243,filledlowerupper_,1610,0.43557735176103435
1040,2380,filledlowerupper_,1710,0.4369747899159664
1097,2523,filledlowerupper_,1810,0.434799841458581
1146,2674,filledlowerupper_,1910,0.42857142857142855
1193,2827,filledlowerupper_,2010,0.4220021223912275
1243,2977,filledlowerupper_,2110,0.41753443063486734
1292,3128,filledlowerupper_,2210,0.41304347826086957
1340,3280,filledlowerupper_,2310,0.40853658536585363
1397,3423,filledlowerupper_,2410,0.40812153082091734
1450,3570,filledlowerupper_,2510,0.4061624649859944
1491,3729,filledlowerupper_,2610,0.3998390989541432
1546,3874,filledlowerupper_,2710,0.3990707279297883
1602,4018,filledlowerupper_,2810,0.3987058237929318
1662,4158,filledlowerupper_,2910,0.3997113997113997
1726,4294,filledlowerupper_,3010,0.4019562179785748
1787,4433,filledlowerupper_,3110,0.40311301601624183
1850,4570,filledlowerupper_,3210,0.4048140043763676
1911,4709,filledlowerupper_,3310,0.4058186451475897
1974,4846,filledlowerupper_,3410,0.4073462649607924
2045,4975,filledlowerupper_,3510,0.41105527638190953
2108,5112,filledlowerupper_,3610,0.41236306729264477
2183,5237,filledlowerupper_,3710,0.4168417032652282
2239,5381,filledlowerupper_,3810,0.41609366288793903
2295,5525,filledlowerupper_,3910,0.4153846153846154
2350,5670,filledlowerupper_,4010,0.4144620811287478
2408,5812,filledlowerupper_,4110,0.41431520991052995
2480,5940,filledlowerupper_,4210,0.4175084175084175
2549,6071,filledlowerupper_,4310,0.4198649316422336
2632,6188,filledlowerupper_,4410,0.4253393665158371
2716,6304,filledlowerupper_,4510,0.43083756345177665
2795,6425,filledlowerupper_,4610,0.4350194552529183
2891,6529,filledlowerupper_,4710,0.4427936896921427
2995,6625,filledlowerupper_,4810,0.4520754716981132
3095,6725,filledlowerupper_,4910,0.46022304832713756
