size intersection,size union,state,k,mean JI
7,13,filledlowerupper_,10,0.5384615384615384
76,144,filledlowerupper_,110,0.5277777777777778
148,272,filledlowerupper_,210,0.5441176470588235
227,393,filledlowerupper_,310,0.5776081424936387
308,512,filledlowerupper_,410,0.6015625
398,622,filledlowerupper_,510,0.639871382636656
484,736,filledlowerupper_,610,0.657608695652174
561,859,filledlowerupper_,710,0.6530849825378346
641,979,filledlowerupper_,810,0.6547497446373851
721,1099,filledlowerupper_,910,0.6560509554140127
794,1226,filledlowerupper_,1010,0.6476345840130505
869,1351,filledlowerupper_,1110,0.6432272390821614
945,1475,filledlowerupper_,1210,0.6406779661016949
1016,1604,filledlowerupper_,1310,0.6334164588528678
1109,1711,filledlowerupper_,1410,0.6481589713617767
1189,1831,filledlowerupper_,1510,0.6493719279082468
1263,1957,filledlowerupper_,1610,0.6453755748594788
1322,2098,filledlowerupper_,1710,0.6301239275500476
1400,2220,filledlowerupper_,1810,0.6306306306306306
1477,2343,filledlowerupper_,1910,0.6303883909517712
1542,2478,filledlowerupper_,2010,0.6222760290556901
1610,2610,filledlowerupper_,2110,0.6168582375478927
1680,2740,filledlowerupper_,2210,0.6131386861313869
1759,2861,filledlowerupper_,2310,0.6148199930094372
1834,2986,filledlowerupper_,2410,0.6141995981245814
1914,3106,filledlowerupper_,2510,0.6162266580811333
1987,3233,filledlowerupper_,2610,0.6145994432415713
2069,3351,filledlowerupper_,2710,0.6174276335422262
2149,3471,filledlowerupper_,2810,0.6191299337366754
2229,3591,filledlowerupper_,2910,0.620718462823726
2314,3706,filledlowerupper_,3010,0.6243928764166217
2396,3824,filledlowerupper_,3110,0.6265690376569037
2477,3943,filledlowerupper_,3210,0.6282018767435963
2559,4061,filledlowerupper_,3310,0.6301403595173602
2648,4172,filledlowerupper_,3410,0.6347075743048898
2725,4295,filledlowerupper_,3510,0.6344586728754366
2816,4404,filledlowerupper_,3610,0.6394187102633969
2900,4520,filledlowerupper_,3710,0.6415929203539823
2990,4630,filledlowerupper_,3810,0.6457883369330454
3082,4738,filledlowerupper_,3910,0.6504854368932039
3166,4854,filledlowerupper_,4010,0.6522455706633704
3252,4968,filledlowerupper_,4110,0.6545893719806763
3343,5077,filledlowerupper_,4210,0.6584597203072681
3443,5177,filledlowerupper_,4310,0.6650569828085764
3555,5265,filledlowerupper_,4410,0.6752136752136753
3665,5355,filledlowerupper_,4510,0.6844070961718021
3787,5433,filledlowerupper_,4610,0.6970366280139886
3906,5514,filledlowerupper_,4710,0.7083786724700761
4051,5569,filledlowerupper_,4810,0.7274196444604059
4215,5605,filledlowerupper_,4910,0.752007136485281
