size intersection,size union,state,k,mean JI
6,14,filledlowerupper_,10,0.42857142857142855
66,154,filledlowerupper_,110,0.42857142857142855
141,279,filledlowerupper_,210,0.5053763440860215
194,426,filledlowerupper_,310,0.45539906103286387
271,549,filledlowerupper_,410,0.4936247723132969
338,682,filledlowerupper_,510,0.49560117302052786
413,807,filledlowerupper_,610,0.5117719950433705
464,956,filledlowerupper_,710,0.48535564853556484
537,1083,filledlowerupper_,810,0.49584487534626037
598,1222,filledlowerupper_,910,0.48936170212765956
653,1367,filledlowerupper_,1010,0.4776883686905633
723,1497,filledlowerupper_,1110,0.48296593186372744
784,1636,filledlowerupper_,1210,0.4792176039119804
850,1770,filledlowerupper_,1310,0.480225988700565
904,1916,filledlowerupper_,1410,0.4718162839248434
964,2056,filledlowerupper_,1510,0.4688715953307393
1026,2194,filledlowerupper_,1610,0.4676390154968095
1082,2338,filledlowerupper_,1710,0.4627887082976903
1145,2475,filledlowerupper_,1810,0.4626262626262626
1200,2620,filledlowerupper_,1910,0.4580152671755725
1255,2765,filledlowerupper_,2010,0.4538878842676311
1311,2909,filledlowerupper_,2110,0.45067033344792023
1363,3057,filledlowerupper_,2210,0.44586195616617597
1416,3204,filledlowerupper_,2310,0.4419475655430712
1478,3342,filledlowerupper_,2410,0.4422501496110114
1541,3479,filledlowerupper_,2510,0.44294337453291177
1597,3623,filledlowerupper_,2610,0.4407949213359095
1659,3761,filledlowerupper_,2710,0.4411060888061686
1729,3891,filledlowerupper_,2810,0.4443587766640966
1776,4044,filledlowerupper_,2910,0.4391691394658754
1840,4180,filledlowerupper_,3010,0.44019138755980863
1906,4314,filledlowerupper_,3110,0.4418173388966157
1968,4452,filledlowerupper_,3210,0.4420485175202156
2027,4593,filledlowerupper_,3310,0.4413237535379926
2082,4738,filledlowerupper_,3410,0.4394259181089067
2137,4883,filledlowerupper_,3510,0.4376407945934876
2198,5022,filledlowerupper_,3610,0.4376742333731581
2256,5164,filledlowerupper_,3710,0.43687064291247096
2328,5292,filledlowerupper_,3810,0.4399092970521542
2387,5433,filledlowerupper_,3910,0.43935210749125714
2451,5569,filledlowerupper_,4010,0.44011492188902857
2514,5706,filledlowerupper_,4110,0.4405888538380652
2575,5845,filledlowerupper_,4210,0.4405474764756202
2655,5965,filledlowerupper_,4310,0.4450963956412406
2725,6095,filledlowerupper_,4410,0.4470877768662838
2811,6209,filledlowerupper_,4510,0.4527299081977774
2884,6336,filledlowerupper_,4610,0.4551767676767677
2971,6449,filledlowerupper_,4710,0.46069158008993644
3065,6555,filledlowerupper_,4810,0.467581998474447
3166,6654,filledlowerupper_,4910,0.4758040276525398
