size intersection,size union,state,k,mean JI
5,15,filledlowerupper_,10,0.3333333333333333
48,172,filledlowerupper_,110,0.27906976744186046
80,340,filledlowerupper_,210,0.23529411764705882
118,502,filledlowerupper_,310,0.2350597609561753
152,668,filledlowerupper_,410,0.2275449101796407
190,830,filledlowerupper_,510,0.2289156626506024
233,987,filledlowerupper_,610,0.23606889564336372
277,1143,filledlowerupper_,710,0.24234470691163604
325,1295,filledlowerupper_,810,0.25096525096525096
366,1454,filledlowerupper_,910,0.2517193947730399
408,1612,filledlowerupper_,1010,0.2531017369727047
460,1760,filledlowerupper_,1110,0.26136363636363635
521,1899,filledlowerupper_,1210,0.2743549236440232
580,2040,filledlowerupper_,1310,0.28431372549019607
632,2188,filledlowerupper_,1410,0.28884826325411334
690,2330,filledlowerupper_,1510,0.296137339055794
738,2482,filledlowerupper_,1610,0.29734085414987915
786,2634,filledlowerupper_,1710,0.2984054669703872
835,2785,filledlowerupper_,1810,0.2998204667863555
884,2936,filledlowerupper_,1910,0.3010899182561308
930,3090,filledlowerupper_,2010,0.30097087378640774
992,3228,filledlowerupper_,2110,0.3073110285006196
1040,3380,filledlowerupper_,2210,0.3076923076923077
1099,3521,filledlowerupper_,2310,0.3121272365805169
1157,3663,filledlowerupper_,2410,0.3158613158613159
1219,3801,filledlowerupper_,2510,0.32070507761115497
1277,3943,filledlowerupper_,2610,0.3238650773522698
1340,4080,filledlowerupper_,2710,0.3284313725490196
1393,4227,filledlowerupper_,2810,0.3295481428909392
1448,4372,filledlowerupper_,2910,0.3311985361390668
1505,4515,filledlowerupper_,3010,0.3333333333333333
1563,4657,filledlowerupper_,3110,0.33562379214086324
1624,4796,filledlowerupper_,3210,0.3386155129274395
1685,4935,filledlowerupper_,3310,0.3414387031408308
1746,5074,filledlowerupper_,3410,0.34410721324398896
1815,5205,filledlowerupper_,3510,0.34870317002881845
1891,5329,filledlowerupper_,3610,0.35485081628823417
1976,5444,filledlowerupper_,3710,0.3629684055841293
2053,5567,filledlowerupper_,3810,0.36878031255613436
2128,5692,filledlowerupper_,3910,0.37385804638088543
2211,5809,filledlowerupper_,4010,0.3806162850748838
2299,5921,filledlowerupper_,4110,0.388279006924506
2391,6029,filledlowerupper_,4210,0.3965831812904296
2483,6137,filledlowerupper_,4310,0.40459507902884145
2591,6229,filledlowerupper_,4410,0.4159576175951196
2699,6321,filledlowerupper_,4510,0.4269894004113273
2787,6433,filledlowerupper_,4610,0.433234882636406
2904,6516,filledlowerupper_,4710,0.44567219152854515
3024,6596,filledlowerupper_,4810,0.4584596725288053
3146,6674,filledlowerupper_,4910,0.4713814803715913
