size intersection,size union,state,k,mean JI
7,13,filledlowerupper_,10,0.5384615384615384
76,144,filledlowerupper_,110,0.5277777777777778
163,257,filledlowerupper_,210,0.6342412451361867
241,379,filledlowerupper_,310,0.6358839050131926
324,496,filledlowerupper_,410,0.6532258064516129
412,608,filledlowerupper_,510,0.6776315789473685
503,717,filledlowerupper_,610,0.701534170153417
573,847,filledlowerupper_,710,0.6765053128689492
643,977,filledlowerupper_,810,0.6581371545547595
723,1097,filledlowerupper_,910,0.659070191431176
805,1215,filledlowerupper_,1010,0.6625514403292181
866,1354,filledlowerupper_,1110,0.6395864106351551
929,1491,filledlowerupper_,1210,0.6230717639168344
1002,1618,filledlowerupper_,1310,0.619283065512979
1079,1741,filledlowerupper_,1410,0.6197587593337163
1151,1869,filledlowerupper_,1510,0.6158373461744249
1234,1986,filledlowerupper_,1610,0.62134944612286
1306,2114,filledlowerupper_,1710,0.6177861873226111
1367,2253,filledlowerupper_,1810,0.6067465601420329
1439,2381,filledlowerupper_,1910,0.6043679126417472
1512,2508,filledlowerupper_,2010,0.6028708133971292
1588,2632,filledlowerupper_,2110,0.6033434650455927
1654,2766,filledlowerupper_,2210,0.5979754157628344
1732,2888,filledlowerupper_,2310,0.5997229916897507
1811,3009,filledlowerupper_,2410,0.6018610834164174
1887,3133,filledlowerupper_,2510,0.6022981168209384
1956,3264,filledlowerupper_,2610,0.5992647058823529
2031,3389,filledlowerupper_,2710,0.5992918264974919
2095,3525,filledlowerupper_,2810,0.5943262411347517
2181,3639,filledlowerupper_,2910,0.5993404781533388
2279,3741,filledlowerupper_,3010,0.6091954022988506
2362,3858,filledlowerupper_,3110,0.6122343182996371
2450,3970,filledlowerupper_,3210,0.6171284634760705
2539,4081,filledlowerupper_,3310,0.6221514334721882
2634,4186,filledlowerupper_,3410,0.6292403248924988
2728,4292,filledlowerupper_,3510,0.6356011183597391
2823,4397,filledlowerupper_,3610,0.6420286559017512
2910,4510,filledlowerupper_,3710,0.6452328159645233
3003,4617,filledlowerupper_,3810,0.6504223521767382
3103,4717,filledlowerupper_,3910,0.6578333686665253
3207,4813,filledlowerupper_,4010,0.6663203822979431
3313,4907,filledlowerupper_,4110,0.675157937640106
3429,4991,filledlowerupper_,4210,0.6870366659987979
3554,5066,filledlowerupper_,4310,0.7015396762731938
3678,5142,filledlowerupper_,4410,0.7152858809801633
3820,5200,filledlowerupper_,4510,0.7346153846153847
3974,5246,filledlowerupper_,4610,0.7575295463210064
4125,5295,filledlowerupper_,4710,0.7790368271954674
4291,5329,filledlowerupper_,4810,0.8052167386001126
4458,5362,filledlowerupper_,4910,0.8314061917195077
