size intersection,size union,state,k,mean JI
4,16,filledlowerupper_,10,0.25
39,181,filledlowerupper_,110,0.2154696132596685
74,346,filledlowerupper_,210,0.2138728323699422
107,513,filledlowerupper_,310,0.20857699805068225
142,678,filledlowerupper_,410,0.20943952802359883
182,838,filledlowerupper_,510,0.2171837708830549
222,998,filledlowerupper_,610,0.22244488977955912
263,1157,filledlowerupper_,710,0.22731201382886776
299,1321,filledlowerupper_,810,0.22634367903103708
347,1473,filledlowerupper_,910,0.2355736591989138
383,1637,filledlowerupper_,1010,0.23396456933414783
435,1785,filledlowerupper_,1110,0.24369747899159663
487,1933,filledlowerupper_,1210,0.25193998965338854
531,2089,filledlowerupper_,1310,0.25418860698898993
583,2237,filledlowerupper_,1410,0.26061689763075546
636,2384,filledlowerupper_,1510,0.26677852348993286
691,2529,filledlowerupper_,1610,0.27323052589956504
741,2679,filledlowerupper_,1710,0.2765957446808511
796,2824,filledlowerupper_,1810,0.2818696883852691
838,2982,filledlowerupper_,1910,0.28101945003353457
883,3137,filledlowerupper_,2010,0.2814791201785145
928,3292,filledlowerupper_,2110,0.2818955042527339
986,3434,filledlowerupper_,2210,0.2871287128712871
1043,3577,filledlowerupper_,2310,0.29158512720156554
1100,3720,filledlowerupper_,2410,0.2956989247311828
1154,3866,filledlowerupper_,2510,0.2984997413347129
1203,4017,filledlowerupper_,2610,0.2994772218073189
1274,4146,filledlowerupper_,2710,0.30728412928123494
1334,4286,filledlowerupper_,2810,0.3112459169388707
1407,4413,filledlowerupper_,2910,0.318830727396329
1474,4546,filledlowerupper_,3010,0.32424109106907173
1530,4690,filledlowerupper_,3110,0.326226012793177
1593,4827,filledlowerupper_,3210,0.3300186451211933
1653,4967,filledlowerupper_,3310,0.3327964566136501
1724,5096,filledlowerupper_,3410,0.33830455259026687
1795,5225,filledlowerupper_,3510,0.3435406698564593
1867,5353,filledlowerupper_,3610,0.34877638707266956
1948,5472,filledlowerupper_,3710,0.35599415204678364
2013,5607,filledlowerupper_,3810,0.3590155163188871
2080,5740,filledlowerupper_,3910,0.3623693379790941
2161,5859,filledlowerupper_,4010,0.3688342720600785
2241,5979,filledlowerupper_,4110,0.3748118414450577
2323,6097,filledlowerupper_,4210,0.3810070526488437
2411,6209,filledlowerupper_,4310,0.38830729586084717
2507,6313,filledlowerupper_,4410,0.3971170600348487
2612,6408,filledlowerupper_,4510,0.4076154806491885
2726,6494,filledlowerupper_,4610,0.4197720973206036
2847,6573,filledlowerupper_,4710,0.43313555454130537
2977,6643,filledlowerupper_,4810,0.4481409001956947
3094,6726,filledlowerupper_,4910,0.4600059470710675
