size intersection,size union,state,k,mean JI
6,14,filledlowerupper_,10,0.42857142857142855
74,146,filledlowerupper_,110,0.5068493150684932
150,270,filledlowerupper_,210,0.5555555555555556
215,405,filledlowerupper_,310,0.5308641975308642
296,524,filledlowerupper_,410,0.5648854961832062
383,637,filledlowerupper_,510,0.6012558869701727
467,753,filledlowerupper_,610,0.6201859229747676
551,869,filledlowerupper_,710,0.6340621403912543
620,1000,filledlowerupper_,810,0.62
686,1134,filledlowerupper_,910,0.6049382716049383
750,1270,filledlowerupper_,1010,0.5905511811023622
825,1395,filledlowerupper_,1110,0.5913978494623656
900,1520,filledlowerupper_,1210,0.5921052631578947
974,1646,filledlowerupper_,1310,0.5917375455650061
1045,1775,filledlowerupper_,1410,0.5887323943661972
1127,1893,filledlowerupper_,1510,0.595351294241944
1192,2028,filledlowerupper_,1610,0.5877712031558185
1266,2154,filledlowerupper_,1710,0.5877437325905293
1345,2275,filledlowerupper_,1810,0.5912087912087912
1406,2414,filledlowerupper_,1910,0.5824357912178956
1488,2532,filledlowerupper_,2010,0.5876777251184834
1546,2674,filledlowerupper_,2110,0.5781600598354525
1606,2814,filledlowerupper_,2210,0.5707178393745558
1685,2935,filledlowerupper_,2310,0.5741056218057922
1763,3057,filledlowerupper_,2410,0.5767091920183186
1843,3177,filledlowerupper_,2510,0.5801070192005037
1911,3309,filledlowerupper_,2610,0.5775158658204895
1988,3432,filledlowerupper_,2710,0.5792540792540792
2073,3547,filledlowerupper_,2810,0.5844375528615732
2152,3668,filledlowerupper_,2910,0.5866957470010905
2239,3781,filledlowerupper_,3010,0.5921713832319492
2314,3906,filledlowerupper_,3110,0.5924219150025601
2389,4031,filledlowerupper_,3210,0.5926569089555942
2466,4154,filledlowerupper_,3310,0.5936446798266731
2534,4286,filledlowerupper_,3410,0.5912272515165655
2632,4388,filledlowerupper_,3510,0.5998176845943483
2710,4510,filledlowerupper_,3610,0.6008869179600886
2798,4622,filledlowerupper_,3710,0.6053656425789702
2874,4746,filledlowerupper_,3810,0.6055625790139064
2971,4849,filledlowerupper_,3910,0.6127036502371623
3066,4954,filledlowerupper_,4010,0.6188938231731934
3169,5051,filledlowerupper_,4110,0.6274005147495545
3270,5150,filledlowerupper_,4210,0.6349514563106796
3382,5238,filledlowerupper_,4310,0.6456662848415425
3513,5307,filledlowerupper_,4410,0.6619559072922555
3635,5385,filledlowerupper_,4510,0.6750232126276694
3758,5462,filledlowerupper_,4610,0.688026363969242
3898,5522,filledlowerupper_,4710,0.7059036580948932
4030,5590,filledlowerupper_,4810,0.7209302325581395
4187,5633,filledlowerupper_,4910,0.7432984200248536
