size intersection,size union,state,k,mean JI
3,17,filledlowerupper_,10,0.17647058823529413
39,181,filledlowerupper_,110,0.2154696132596685
68,352,filledlowerupper_,210,0.19318181818181818
98,522,filledlowerupper_,310,0.18773946360153257
129,691,filledlowerupper_,410,0.18668596237337193
158,862,filledlowerupper_,510,0.18329466357308585
198,1022,filledlowerupper_,610,0.19373776908023482
231,1189,filledlowerupper_,710,0.19428090832632464
268,1352,filledlowerupper_,810,0.19822485207100593
314,1506,filledlowerupper_,910,0.20849933598937584
349,1671,filledlowerupper_,1010,0.20885697187312985
394,1826,filledlowerupper_,1110,0.2157721796276013
437,1983,filledlowerupper_,1210,0.22037317196167422
491,2129,filledlowerupper_,1310,0.23062470643494598
545,2275,filledlowerupper_,1410,0.23956043956043957
586,2434,filledlowerupper_,1510,0.2407559572719803
637,2583,filledlowerupper_,1610,0.24661246612466126
675,2745,filledlowerupper_,1710,0.2459016393442623
728,2892,filledlowerupper_,1810,0.2517289073305671
783,3037,filledlowerupper_,1910,0.25782021731972343
831,3189,filledlowerupper_,2010,0.2605832549388523
882,3338,filledlowerupper_,2110,0.26423007789095265
940,3480,filledlowerupper_,2210,0.27011494252873564
982,3638,filledlowerupper_,2310,0.26992853216052776
1042,3778,filledlowerupper_,2410,0.27580730545262044
1104,3916,filledlowerupper_,2510,0.2819203268641471
1171,4049,filledlowerupper_,2610,0.2892072116571993
1231,4189,filledlowerupper_,2710,0.2938648842205777
1293,4327,filledlowerupper_,2810,0.2988213542870349
1343,4477,filledlowerupper_,2910,0.2999776636140272
1407,4613,filledlowerupper_,3010,0.30500758725341426
1473,4747,filledlowerupper_,3110,0.31030124289024646
1548,4872,filledlowerupper_,3210,0.31773399014778325
1610,5010,filledlowerupper_,3310,0.3213572854291417
1674,5146,filledlowerupper_,3410,0.3253012048192771
1730,5290,filledlowerupper_,3510,0.3270321361058601
1802,5418,filledlowerupper_,3610,0.33259505352528607
1876,5544,filledlowerupper_,3710,0.3383838383838384
1953,5667,filledlowerupper_,3810,0.3446267866596083
2029,5791,filledlowerupper_,3910,0.35037126575720945
2106,5914,filledlowerupper_,4010,0.35610415962123776
2180,6040,filledlowerupper_,4110,0.3609271523178808
2264,6156,filledlowerupper_,4210,0.3677712800519818
2361,6259,filledlowerupper_,4310,0.37721680779677264
2459,6361,filledlowerupper_,4410,0.38657443798144947
2557,6463,filledlowerupper_,4510,0.39563670122234257
2663,6557,filledlowerupper_,4610,0.40613085252402015
2784,6636,filledlowerupper_,4710,0.41952983725135623
2902,6718,filledlowerupper_,4810,0.43197380172670435
3030,6790,filledlowerupper_,4910,0.44624447717231225
