size intersection,size union,state,k,mean JI
3,17,filledlowerupper_,10,0.17647058823529413
60,160,filledlowerupper_,110,0.375
129,291,filledlowerupper_,210,0.44329896907216493
190,430,filledlowerupper_,310,0.4418604651162791
251,569,filledlowerupper_,410,0.44112478031634444
319,701,filledlowerupper_,510,0.4550641940085592
395,825,filledlowerupper_,610,0.47878787878787876
456,964,filledlowerupper_,710,0.4730290456431535
517,1103,filledlowerupper_,810,0.46872166817769717
573,1247,filledlowerupper_,910,0.4595028067361668
621,1399,filledlowerupper_,1010,0.44388849177984274
683,1537,filledlowerupper_,1110,0.44437215354586856
737,1683,filledlowerupper_,1210,0.43790849673202614
788,1832,filledlowerupper_,1310,0.43013100436681223
850,1970,filledlowerupper_,1410,0.43147208121827413
914,2106,filledlowerupper_,1510,0.43399810066476735
980,2240,filledlowerupper_,1610,0.4375
1042,2378,filledlowerupper_,1710,0.4381833473507149
1109,2511,filledlowerupper_,1810,0.44165671047391475
1156,2664,filledlowerupper_,1910,0.4339339339339339
1200,2820,filledlowerupper_,2010,0.425531914893617
1247,2973,filledlowerupper_,2110,0.41944164143962326
1295,3125,filledlowerupper_,2210,0.4144
1337,3283,filledlowerupper_,2310,0.4072494669509595
1385,3435,filledlowerupper_,2410,0.4032023289665211
1435,3585,filledlowerupper_,2510,0.400278940027894
1497,3723,filledlowerupper_,2610,0.40209508460918614
1559,3861,filledlowerupper_,2710,0.40378140378140376
1616,4004,filledlowerupper_,2810,0.4035964035964036
1667,4153,filledlowerupper_,2910,0.4013965807849747
1725,4295,filledlowerupper_,3010,0.40162980209545984
1778,4442,filledlowerupper_,3110,0.40027014858171994
1841,4579,filledlowerupper_,3210,0.4020528499672418
1896,4724,filledlowerupper_,3310,0.40135478408128705
1956,4864,filledlowerupper_,3410,0.40213815789473684
2021,4999,filledlowerupper_,3510,0.40428085617123427
2080,5140,filledlowerupper_,3610,0.4046692607003891
2147,5273,filledlowerupper_,3710,0.4071685947278589
2205,5415,filledlowerupper_,3810,0.407202216066482
2267,5553,filledlowerupper_,3910,0.4082477939852332
2325,5695,filledlowerupper_,4010,0.40825285338015804
2390,5830,filledlowerupper_,4110,0.4099485420240137
2463,5957,filledlowerupper_,4210,0.4134631525935874
2536,6084,filledlowerupper_,4310,0.4168310322156476
2622,6198,filledlowerupper_,4410,0.4230396902226525
2703,6317,filledlowerupper_,4510,0.42789298717745766
2785,6435,filledlowerupper_,4610,0.43278943278943277
2874,6546,filledlowerupper_,4710,0.4390467461044913
2977,6643,filledlowerupper_,4810,0.4481409001956947
3080,6740,filledlowerupper_,4910,0.456973293768546
