size intersection,size union,state,k,mean JI
3,17,filledlowerupper_,10,0.17647058823529413
32,188,filledlowerupper_,110,0.1702127659574468
68,352,filledlowerupper_,210,0.19318181818181818
99,521,filledlowerupper_,310,0.19001919385796545
133,687,filledlowerupper_,410,0.19359534206695778
163,857,filledlowerupper_,510,0.19019836639439908
206,1014,filledlowerupper_,610,0.20315581854043394
234,1186,filledlowerupper_,710,0.1973018549747049
269,1351,filledlowerupper_,810,0.1991117690599556
309,1511,filledlowerupper_,910,0.20450033090668432
347,1673,filledlowerupper_,1010,0.20741183502689778
390,1830,filledlowerupper_,1110,0.21311475409836064
444,1976,filledlowerupper_,1210,0.22469635627530365
491,2129,filledlowerupper_,1310,0.23062470643494598
540,2280,filledlowerupper_,1410,0.23684210526315788
594,2426,filledlowerupper_,1510,0.2448474855729596
652,2568,filledlowerupper_,1610,0.2538940809968847
690,2730,filledlowerupper_,1710,0.25274725274725274
753,2867,filledlowerupper_,1810,0.26264387861876526
785,3035,filledlowerupper_,1910,0.2586490939044481
834,3186,filledlowerupper_,2010,0.2617702448210923
888,3332,filledlowerupper_,2110,0.2665066026410564
954,3466,filledlowerupper_,2210,0.27524523946912866
1003,3617,filledlowerupper_,2310,0.2773016311860658
1062,3758,filledlowerupper_,2410,0.2825971261309207
1130,3890,filledlowerupper_,2510,0.29048843187660667
1185,4035,filledlowerupper_,2610,0.2936802973977695
1245,4175,filledlowerupper_,2710,0.29820359281437125
1320,4300,filledlowerupper_,2810,0.30697674418604654
1375,4445,filledlowerupper_,2910,0.3093363329583802
1441,4579,filledlowerupper_,3010,0.3146975322122734
1509,4711,filledlowerupper_,3110,0.32031415835279137
1575,4845,filledlowerupper_,3210,0.32507739938080493
1646,4974,filledlowerupper_,3310,0.33092078809811015
1726,5094,filledlowerupper_,3410,0.3388299960738123
1790,5230,filledlowerupper_,3510,0.3422562141491396
1857,5363,filledlowerupper_,3610,0.3462614208465411
1930,5490,filledlowerupper_,3710,0.35154826958105645
1996,5624,filledlowerupper_,3810,0.35490753911806544
2070,5750,filledlowerupper_,3910,0.36
2157,5863,filledlowerupper_,4010,0.3679003922906362
2240,5980,filledlowerupper_,4110,0.3745819397993311
2322,6098,filledlowerupper_,4210,0.38078058379796653
2413,6207,filledlowerupper_,4310,0.3887546318672467
2519,6301,filledlowerupper_,4410,0.3997778130455483
2624,6396,filledlowerupper_,4510,0.41025641025641024
2731,6489,filledlowerupper_,4610,0.4208660810602558
2847,6573,filledlowerupper_,4710,0.43313555454130537
2963,6657,filledlowerupper_,4810,0.44509538831305395
3100,6720,filledlowerupper_,4910,0.46130952380952384
