size intersection,size union,state,k,mean JI
7,13,filledlowerupper_,10,0.5384615384615384
78,142,filledlowerupper_,110,0.5492957746478874
159,261,filledlowerupper_,210,0.6091954022988506
235,385,filledlowerupper_,310,0.6103896103896104
307,513,filledlowerupper_,410,0.5984405458089669
390,630,filledlowerupper_,510,0.6190476190476191
470,750,filledlowerupper_,610,0.6266666666666667
545,875,filledlowerupper_,710,0.6228571428571429
620,1000,filledlowerupper_,810,0.62
684,1136,filledlowerupper_,910,0.602112676056338
762,1258,filledlowerupper_,1010,0.6057233704292527
835,1385,filledlowerupper_,1110,0.6028880866425993
907,1513,filledlowerupper_,1210,0.5994712491738269
976,1644,filledlowerupper_,1310,0.5936739659367397
1050,1770,filledlowerupper_,1410,0.5932203389830508
1125,1895,filledlowerupper_,1510,0.5936675461741425
1198,2022,filledlowerupper_,1610,0.592482690405539
1275,2145,filledlowerupper_,1710,0.5944055944055944
1338,2282,filledlowerupper_,1810,0.5863277826468011
1421,2399,filledlowerupper_,1910,0.5923301375573156
1498,2522,filledlowerupper_,2010,0.5939730372720063
1580,2640,filledlowerupper_,2110,0.5984848484848485
1653,2767,filledlowerupper_,2210,0.597397903867004
1724,2896,filledlowerupper_,2310,0.5953038674033149
1787,3033,filledlowerupper_,2410,0.5891856247939334
1865,3155,filledlowerupper_,2510,0.5911251980982567
1950,3270,filledlowerupper_,2610,0.5963302752293578
2032,3388,filledlowerupper_,2710,0.5997638724911453
2119,3501,filledlowerupper_,2810,0.6052556412453585
2188,3632,filledlowerupper_,2910,0.6024229074889867
2284,3736,filledlowerupper_,3010,0.6113490364025695
2384,3836,filledlowerupper_,3110,0.62148070907195
2476,3944,filledlowerupper_,3210,0.6277890466531441
2554,4066,filledlowerupper_,3310,0.6281357599606493
2650,4170,filledlowerupper_,3410,0.6354916067146283
2744,4276,filledlowerupper_,3510,0.6417212347988774
2840,4380,filledlowerupper_,3610,0.6484018264840182
2941,4479,filledlowerupper_,3710,0.6566197812011609
3040,4580,filledlowerupper_,3810,0.6637554585152838
3137,4683,filledlowerupper_,3910,0.6698697416186206
3239,4781,filledlowerupper_,4010,0.6774733319389249
3342,4878,filledlowerupper_,4110,0.6851168511685117
3460,4960,filledlowerupper_,4210,0.6975806451612904
3579,5041,filledlowerupper_,4310,0.7099781789327514
3697,5123,filledlowerupper_,4410,0.7216474721842671
3829,5191,filledlowerupper_,4510,0.7376228087073782
3978,5242,filledlowerupper_,4610,0.7588706600534147
4127,5293,filledlowerupper_,4710,0.7797090496882675
4284,5336,filledlowerupper_,4810,0.802848575712144
4452,5368,filledlowerupper_,4910,0.8293591654247392
