size intersection,size union,state,k,mean JI
8,12,filledlowerupper_,10,0.6666666666666666
71,149,filledlowerupper_,110,0.47651006711409394
135,285,filledlowerupper_,210,0.47368421052631576
200,420,filledlowerupper_,310,0.47619047619047616
264,556,filledlowerupper_,410,0.4748201438848921
342,678,filledlowerupper_,510,0.504424778761062
408,812,filledlowerupper_,610,0.5024630541871922
469,951,filledlowerupper_,710,0.4931650893796004
531,1089,filledlowerupper_,810,0.48760330578512395
581,1239,filledlowerupper_,910,0.4689265536723164
644,1376,filledlowerupper_,1010,0.4680232558139535
700,1520,filledlowerupper_,1110,0.4605263157894737
749,1671,filledlowerupper_,1210,0.44823459006582883
797,1823,filledlowerupper_,1310,0.4371914426769062
848,1972,filledlowerupper_,1410,0.4300202839756592
906,2114,filledlowerupper_,1510,0.42857142857142855
975,2245,filledlowerupper_,1610,0.43429844097995546
1036,2384,filledlowerupper_,1710,0.43456375838926176
1090,2530,filledlowerupper_,1810,0.4308300395256917
1143,2677,filledlowerupper_,1910,0.4269704893537542
1207,2813,filledlowerupper_,2010,0.4290792747955919
1247,2973,filledlowerupper_,2110,0.41944164143962326
1302,3118,filledlowerupper_,2210,0.41757536882617063
1344,3276,filledlowerupper_,2310,0.41025641025641024
1377,3443,filledlowerupper_,2410,0.3999419111240198
1430,3590,filledlowerupper_,2510,0.3983286908077994
1476,3744,filledlowerupper_,2610,0.3942307692307692
1541,3879,filledlowerupper_,2710,0.39726733694251093
1603,4017,filledlowerupper_,2810,0.3990540204132437
1651,4169,filledlowerupper_,2910,0.39601822979131684
1700,4320,filledlowerupper_,3010,0.39351851851851855
1754,4466,filledlowerupper_,3110,0.3927451858486341
1805,4615,filledlowerupper_,3210,0.39111592632719394
1861,4759,filledlowerupper_,3310,0.3910485396091616
1925,4895,filledlowerupper_,3410,0.39325842696629215
1995,5025,filledlowerupper_,3510,0.3970149253731343
2059,5161,filledlowerupper_,3610,0.3989536911451269
2117,5303,filledlowerupper_,3710,0.39920799547425984
2180,5440,filledlowerupper_,3810,0.4007352941176471
2244,5576,filledlowerupper_,3910,0.4024390243902439
2312,5708,filledlowerupper_,4010,0.4050455501051156
2372,5848,filledlowerupper_,4110,0.405608755129959
2453,5967,filledlowerupper_,4210,0.41109435227082286
2539,6081,filledlowerupper_,4310,0.4175300115112646
2613,6207,filledlowerupper_,4410,0.42097631706138233
2699,6321,filledlowerupper_,4510,0.4269894004113273
2792,6428,filledlowerupper_,4610,0.4343497199751089
2887,6533,filledlowerupper_,4710,0.44191030154599725
2977,6643,filledlowerupper_,4810,0.4481409001956947
3089,6731,filledlowerupper_,4910,0.45892140840885454
