size intersection,size union,state,k,mean JI
6,14,filledlowerupper_,10,0.42857142857142855
80,140,filledlowerupper_,110,0.5714285714285714
169,251,filledlowerupper_,210,0.6733067729083665
243,377,filledlowerupper_,310,0.6445623342175066
329,491,filledlowerupper_,410,0.670061099796334
417,603,filledlowerupper_,510,0.6915422885572139
506,714,filledlowerupper_,610,0.7086834733893558
587,833,filledlowerupper_,710,0.7046818727490997
664,956,filledlowerupper_,810,0.694560669456067
737,1083,filledlowerupper_,910,0.6805170821791321
821,1199,filledlowerupper_,1010,0.6847372810675563
889,1331,filledlowerupper_,1110,0.6679188580015026
965,1455,filledlowerupper_,1210,0.6632302405498282
1042,1578,filledlowerupper_,1310,0.6603295310519645
1126,1694,filledlowerupper_,1410,0.6646989374262101
1210,1810,filledlowerupper_,1510,0.6685082872928176
1289,1931,filledlowerupper_,1610,0.6675297773174521
1365,2055,filledlowerupper_,1710,0.6642335766423357
1441,2179,filledlowerupper_,1810,0.661312528682882
1522,2298,filledlowerupper_,1910,0.6623150565709313
1603,2417,filledlowerupper_,2010,0.6632188663632602
1663,2557,filledlowerupper_,2110,0.650371529135706
1732,2688,filledlowerupper_,2210,0.6443452380952381
1810,2810,filledlowerupper_,2310,0.6441281138790036
1891,2929,filledlowerupper_,2410,0.6456128371457835
1962,3058,filledlowerupper_,2510,0.6415958142576847
2033,3187,filledlowerupper_,2610,0.637903984938814
2121,3299,filledlowerupper_,2710,0.6429220976053349
2209,3411,filledlowerupper_,2810,0.6476106713573732
2291,3529,filledlowerupper_,2910,0.6491924057806744
2375,3645,filledlowerupper_,3010,0.6515775034293553
2460,3760,filledlowerupper_,3110,0.6542553191489362
2545,3875,filledlowerupper_,3210,0.6567741935483871
2635,3985,filledlowerupper_,3310,0.6612296110414053
2723,4097,filledlowerupper_,3410,0.6646326580424701
2816,4204,filledlowerupper_,3510,0.6698382492863939
2911,4309,filledlowerupper_,3610,0.6755627755859829
3013,4407,filledlowerupper_,3710,0.6836850465169049
3110,4510,filledlowerupper_,3810,0.6895787139689579
3205,4615,filledlowerupper_,3910,0.6944745395449621
3291,4729,filledlowerupper_,4010,0.6959187989004018
3397,4823,filledlowerupper_,4110,0.70433340244661
3516,4904,filledlowerupper_,4210,0.7169657422512234
3628,4992,filledlowerupper_,4310,0.7267628205128205
3736,5084,filledlowerupper_,4410,0.7348544453186467
3872,5148,filledlowerupper_,4510,0.7521367521367521
4006,5214,filledlowerupper_,4610,0.7683160721135405
4158,5262,filledlowerupper_,4710,0.790193842645382
4317,5303,filledlowerupper_,4810,0.814067508957194
4488,5332,filledlowerupper_,4910,0.8417104276069017
