size intersection,size union,state,k,mean JI
3,17,filledlowerupper_,10,0.17647058823529413
36,184,filledlowerupper_,110,0.1956521739130435
74,346,filledlowerupper_,210,0.2138728323699422
109,511,filledlowerupper_,310,0.21330724070450097
134,686,filledlowerupper_,410,0.19533527696793002
170,850,filledlowerupper_,510,0.2
210,1010,filledlowerupper_,610,0.2079207920792079
243,1177,filledlowerupper_,710,0.2064570943075616
290,1330,filledlowerupper_,810,0.21804511278195488
331,1489,filledlowerupper_,910,0.22229684351914036
384,1636,filledlowerupper_,1010,0.23471882640586797
441,1779,filledlowerupper_,1110,0.2478920741989882
485,1935,filledlowerupper_,1210,0.25064599483204136
546,2074,filledlowerupper_,1310,0.26325940212150434
600,2220,filledlowerupper_,1410,0.2702702702702703
651,2369,filledlowerupper_,1510,0.27479949345715493
707,2513,filledlowerupper_,1610,0.28133704735376047
752,2668,filledlowerupper_,1710,0.2818590704647676
812,2808,filledlowerupper_,1810,0.28917378917378916
858,2962,filledlowerupper_,1910,0.28966914247130315
906,3114,filledlowerupper_,2010,0.2909441233140655
959,3261,filledlowerupper_,2110,0.2940815700705305
1011,3409,filledlowerupper_,2210,0.2965679084775594
1067,3553,filledlowerupper_,2310,0.30030959752321984
1129,3691,filledlowerupper_,2410,0.30587916553779465
1192,3828,filledlowerupper_,2510,0.3113897596656217
1260,3960,filledlowerupper_,2610,0.3181818181818182
1328,4092,filledlowerupper_,2710,0.32453567937438904
1396,4224,filledlowerupper_,2810,0.33049242424242425
1462,4358,filledlowerupper_,2910,0.33547498852684715
1534,4486,filledlowerupper_,3010,0.34195274186357555
1585,4635,filledlowerupper_,3110,0.3419633225458468
1654,4766,filledlowerupper_,3210,0.34704154427192613
1721,4899,filledlowerupper_,3310,0.35129618289446823
1777,5043,filledlowerupper_,3410,0.3523696212571882
1839,5181,filledlowerupper_,3510,0.35495078170237404
1903,5317,filledlowerupper_,3610,0.35790859507240924
1960,5460,filledlowerupper_,3710,0.358974358974359
2030,5590,filledlowerupper_,3810,0.3631484794275492
2109,5711,filledlowerupper_,3910,0.36928734022062687
2184,5836,filledlowerupper_,4010,0.3742289239204935
2268,5952,filledlowerupper_,4110,0.3810483870967742
2344,6076,filledlowerupper_,4210,0.3857801184990125
2431,6189,filledlowerupper_,4310,0.3927936661819357
2531,6289,filledlowerupper_,4410,0.4024487199872794
2635,6385,filledlowerupper_,4510,0.41268598277212215
2737,6483,filledlowerupper_,4610,0.42218108900200524
2847,6573,filledlowerupper_,4710,0.43313555454130537
2961,6659,filledlowerupper_,4810,0.44466136056464933
3087,6733,filledlowerupper_,4910,0.4584880439625724
