size intersection,size union,state,k,mean JI
8,12,filledlowerupper_,10,0.6666666666666666
89,131,filledlowerupper_,110,0.6793893129770993
177,243,filledlowerupper_,210,0.7283950617283951
250,370,filledlowerupper_,310,0.6756756756756757
337,483,filledlowerupper_,410,0.6977225672877847
423,597,filledlowerupper_,510,0.7085427135678392
507,713,filledlowerupper_,610,0.7110799438990182
593,827,filledlowerupper_,710,0.717049576783555
657,963,filledlowerupper_,810,0.6822429906542056
731,1089,filledlowerupper_,910,0.6712580348943985
813,1207,filledlowerupper_,1010,0.6735708367854184
900,1320,filledlowerupper_,1110,0.6818181818181818
974,1446,filledlowerupper_,1210,0.673582295988935
1052,1568,filledlowerupper_,1310,0.6709183673469388
1134,1686,filledlowerupper_,1410,0.6725978647686833
1222,1798,filledlowerupper_,1510,0.6796440489432704
1294,1926,filledlowerupper_,1610,0.671858774662513
1380,2040,filledlowerupper_,1710,0.6764705882352942
1455,2165,filledlowerupper_,1810,0.6720554272517321
1534,2286,filledlowerupper_,1910,0.6710411198600175
1613,2407,filledlowerupper_,2010,0.6701287910261736
1695,2525,filledlowerupper_,2110,0.6712871287128713
1767,2653,filledlowerupper_,2210,0.6660384470410856
1847,2773,filledlowerupper_,2310,0.6660656328885683
1921,2899,filledlowerupper_,2410,0.662642290444981
2008,3012,filledlowerupper_,2510,0.6666666666666666
2096,3124,filledlowerupper_,2610,0.6709346991037132
2187,3233,filledlowerupper_,2710,0.676461490875348
2268,3352,filledlowerupper_,2810,0.6766109785202864
2349,3471,filledlowerupper_,2910,0.6767502160760588
2431,3589,filledlowerupper_,3010,0.6773474505433268
2516,3704,filledlowerupper_,3110,0.6792656587473002
2606,3814,filledlowerupper_,3210,0.6832721552176193
2683,3937,filledlowerupper_,3310,0.681483362966726
2781,4039,filledlowerupper_,3410,0.6885367665263679
2866,4154,filledlowerupper_,3510,0.6899374097255657
2958,4262,filledlowerupper_,3610,0.6940403566400751
3064,4356,filledlowerupper_,3710,0.7033976124885216
3143,4477,filledlowerupper_,3810,0.7020326111235202
3241,4579,filledlowerupper_,3910,0.7077964621096309
3333,4687,filledlowerupper_,4010,0.7111158523575848
3449,4771,filledlowerupper_,4110,0.7229092433452107
3559,4861,filledlowerupper_,4210,0.7321538778029212
3672,4948,filledlowerupper_,4310,0.7421180274858529
3793,5027,filledlowerupper_,4410,0.7545255619653869
3916,5104,filledlowerupper_,4510,0.7672413793103449
4049,5171,filledlowerupper_,4610,0.7830206923225682
4195,5225,filledlowerupper_,4710,0.8028708133971292
4351,5269,filledlowerupper_,4810,0.8257733915353958
4525,5295,filledlowerupper_,4910,0.8545797922568461
