size intersection,size union,state,k,mean JI
1,19,filledlowerupper_,10,0.05263157894736842
54,166,filledlowerupper_,110,0.3253012048192771
107,313,filledlowerupper_,210,0.34185303514376997
157,463,filledlowerupper_,310,0.3390928725701944
218,602,filledlowerupper_,410,0.36212624584717606
295,725,filledlowerupper_,510,0.4068965517241379
359,861,filledlowerupper_,610,0.4169570267131243
412,1008,filledlowerupper_,710,0.4087301587301587
463,1157,filledlowerupper_,810,0.40017286084701814
519,1301,filledlowerupper_,910,0.398923904688701
582,1438,filledlowerupper_,1010,0.4047287899860918
635,1585,filledlowerupper_,1110,0.40063091482649843
689,1731,filledlowerupper_,1210,0.3980358174465627
730,1890,filledlowerupper_,1310,0.3862433862433862
793,2027,filledlowerupper_,1410,0.3912185495806611
839,2181,filledlowerupper_,1510,0.3846859238881247
899,2321,filledlowerupper_,1610,0.3873330461008186
966,2454,filledlowerupper_,1710,0.39364303178484106
1005,2615,filledlowerupper_,1810,0.384321223709369
1051,2769,filledlowerupper_,1910,0.37955940772842184
1101,2919,filledlowerupper_,2010,0.3771839671120247
1148,3072,filledlowerupper_,2110,0.3736979166666667
1196,3224,filledlowerupper_,2210,0.3709677419354839
1236,3384,filledlowerupper_,2310,0.36524822695035464
1277,3543,filledlowerupper_,2410,0.36042901495907426
1328,3692,filledlowerupper_,2510,0.35969664138678226
1378,3842,filledlowerupper_,2610,0.3586673607496096
1411,4009,filledlowerupper_,2710,0.35195809428785235
1472,4148,filledlowerupper_,2810,0.3548698167791707
1523,4297,filledlowerupper_,2910,0.3544333255759832
1563,4457,filledlowerupper_,3010,0.3506843168050258
1611,4609,filledlowerupper_,3110,0.3495335213712302
1675,4745,filledlowerupper_,3210,0.3530031612223393
1735,4885,filledlowerupper_,3310,0.35516888433981575
1780,5040,filledlowerupper_,3410,0.3531746031746032
1851,5169,filledlowerupper_,3510,0.3580963435867673
1912,5308,filledlowerupper_,3610,0.3602110022607385
1963,5457,filledlowerupper_,3710,0.35972145867692873
2013,5607,filledlowerupper_,3810,0.3590155163188871
2064,5756,filledlowerupper_,3910,0.35858234885337037
2119,5901,filledlowerupper_,4010,0.35909167937637687
2181,6039,filledlowerupper_,4110,0.3611525086934923
2236,6184,filledlowerupper_,4210,0.3615782664941785
2302,6318,filledlowerupper_,4310,0.36435580880025326
2371,6449,filledlowerupper_,4410,0.3676538998294309
2444,6576,filledlowerupper_,4510,0.37165450121654503
2528,6692,filledlowerupper_,4610,0.37776449491930664
2610,6810,filledlowerupper_,4710,0.3832599118942731
2692,6928,filledlowerupper_,4810,0.38856812933025403
2787,7033,filledlowerupper_,4910,0.3962747049623205
