size intersection,size union,state,k,mean JI
5,15,filledlowerupper_,10,0.3333333333333333
71,149,filledlowerupper_,110,0.47651006711409394
157,263,filledlowerupper_,210,0.596958174904943
230,390,filledlowerupper_,310,0.5897435897435898
305,515,filledlowerupper_,410,0.5922330097087378
380,640,filledlowerupper_,510,0.59375
476,744,filledlowerupper_,610,0.6397849462365591
551,869,filledlowerupper_,710,0.6340621403912543
616,1004,filledlowerupper_,810,0.6135458167330677
689,1131,filledlowerupper_,910,0.6091954022988506
777,1243,filledlowerupper_,1010,0.6251005631536605
846,1374,filledlowerupper_,1110,0.6157205240174672
923,1497,filledlowerupper_,1210,0.6165664662658651
990,1630,filledlowerupper_,1310,0.6073619631901841
1073,1747,filledlowerupper_,1410,0.6141957641671437
1148,1872,filledlowerupper_,1510,0.6132478632478633
1223,1997,filledlowerupper_,1610,0.6124186279419128
1300,2120,filledlowerupper_,1710,0.6132075471698113
1376,2244,filledlowerupper_,1810,0.6131907308377896
1453,2367,filledlowerupper_,1910,0.6138572032108154
1529,2491,filledlowerupper_,2010,0.613809714973906
1599,2621,filledlowerupper_,2110,0.6100724914154902
1669,2751,filledlowerupper_,2210,0.6066884769174845
1745,2875,filledlowerupper_,2310,0.6069565217391304
1822,2998,filledlowerupper_,2410,0.6077384923282189
1900,3120,filledlowerupper_,2510,0.6089743589743589
1984,3236,filledlowerupper_,2610,0.6131025957972805
2071,3349,filledlowerupper_,2710,0.6183935503135264
2164,3456,filledlowerupper_,2810,0.6261574074074074
2249,3571,filledlowerupper_,2910,0.6297955754690563
2327,3693,filledlowerupper_,3010,0.6301110208502573
2405,3815,filledlowerupper_,3110,0.6304062909567497
2486,3934,filledlowerupper_,3210,0.6319267920691408
2581,4039,filledlowerupper_,3310,0.6390195592968556
2665,4155,filledlowerupper_,3410,0.641395908543923
2756,4264,filledlowerupper_,3510,0.6463414634146342
2851,4369,filledlowerupper_,3610,0.6525520714122225
2952,4468,filledlowerupper_,3710,0.6606982990152194
3043,4577,filledlowerupper_,3810,0.6648459689753113
3138,4682,filledlowerupper_,3910,0.6702263989747971
3244,4776,filledlowerupper_,4010,0.6792294807370184
3361,4859,filledlowerupper_,4110,0.6917061123688002
3459,4961,filledlowerupper_,4210,0.6972384599879057
3562,5058,filledlowerupper_,4310,0.7042309213127719
3686,5134,filledlowerupper_,4410,0.7179587066614725
3824,5196,filledlowerupper_,4510,0.7359507313317937
3969,5251,filledlowerupper_,4610,0.7558560274233479
4117,5303,filledlowerupper_,4710,0.7763530077314728
4271,5349,filledlowerupper_,4810,0.7984670031781641
4445,5375,filledlowerupper_,4910,0.8269767441860465
