size intersection,size union,state,k,mean JI
7,13,filledlowerupper_,10,0.5384615384615384
73,147,filledlowerupper_,110,0.4965986394557823
141,279,filledlowerupper_,210,0.5053763440860215
205,415,filledlowerupper_,310,0.4939759036144578
267,553,filledlowerupper_,410,0.48282097649186256
341,679,filledlowerupper_,510,0.5022091310751104
412,808,filledlowerupper_,610,0.5099009900990099
467,953,filledlowerupper_,710,0.4900314795383001
522,1098,filledlowerupper_,810,0.47540983606557374
574,1246,filledlowerupper_,910,0.4606741573033708
642,1378,filledlowerupper_,1010,0.46589259796806964
698,1522,filledlowerupper_,1110,0.45860709592641263
753,1667,filledlowerupper_,1210,0.4517096580683863
814,1806,filledlowerupper_,1310,0.45071982281284606
872,1948,filledlowerupper_,1410,0.44763860369609854
933,2087,filledlowerupper_,1510,0.4470531863919502
981,2239,filledlowerupper_,1610,0.43814202769093347
1044,2376,filledlowerupper_,1710,0.4393939393939394
1103,2517,filledlowerupper_,1810,0.4382201032975765
1160,2660,filledlowerupper_,1910,0.43609022556390975
1214,2806,filledlowerupper_,2010,0.43264433357091947
1257,2963,filledlowerupper_,2110,0.4242321970975363
1288,3132,filledlowerupper_,2210,0.4112388250319285
1331,3289,filledlowerupper_,2310,0.40468227424749165
1388,3432,filledlowerupper_,2410,0.40442890442890445
1433,3587,filledlowerupper_,2510,0.3994981879007527
1493,3727,filledlowerupper_,2610,0.4005902870941776
1548,3872,filledlowerupper_,2710,0.39979338842975204
1604,4016,filledlowerupper_,2810,0.399402390438247
1662,4158,filledlowerupper_,2910,0.3997113997113997
1718,4302,filledlowerupper_,3010,0.399349139934914
1769,4451,filledlowerupper_,3110,0.39743877780274095
1821,4599,filledlowerupper_,3210,0.395955642530985
1874,4746,filledlowerupper_,3310,0.3948588284871471
1936,4884,filledlowerupper_,3410,0.3963963963963964
2010,5010,filledlowerupper_,3510,0.40119760479041916
2075,5145,filledlowerupper_,3610,0.4033041788143829
2137,5283,filledlowerupper_,3710,0.4045050160893432
2197,5423,filledlowerupper_,3810,0.4051263138484234
2263,5557,filledlowerupper_,3910,0.40723411912902646
2324,5696,filledlowerupper_,4010,0.4080056179775281
2385,5835,filledlowerupper_,4110,0.4087403598971722
2453,5967,filledlowerupper_,4210,0.41109435227082286
2522,6098,filledlowerupper_,4310,0.4135782223679895
2601,6219,filledlowerupper_,4410,0.4182344428364689
2689,6331,filledlowerupper_,4510,0.424735428842205
2763,6457,filledlowerupper_,4610,0.42790769707294407
2852,6568,filledlowerupper_,4710,0.4342265529841656
2938,6682,filledlowerupper_,4810,0.4396887159533074
3051,6769,filledlowerupper_,4910,0.4507312749298272
