size intersection,size union,state,k,mean JI
6,14,filledlowerupper_,10,0.42857142857142855
74,146,filledlowerupper_,110,0.5068493150684932
150,270,filledlowerupper_,210,0.5555555555555556
222,398,filledlowerupper_,310,0.5577889447236181
286,534,filledlowerupper_,410,0.5355805243445693
374,646,filledlowerupper_,510,0.5789473684210527
459,761,filledlowerupper_,610,0.6031537450722734
533,887,filledlowerupper_,710,0.6009019165727171
599,1021,filledlowerupper_,810,0.5866797257590598
668,1152,filledlowerupper_,910,0.5798611111111112
735,1285,filledlowerupper_,1010,0.5719844357976653
802,1418,filledlowerupper_,1110,0.5655853314527504
865,1555,filledlowerupper_,1210,0.5562700964630225
925,1695,filledlowerupper_,1310,0.5457227138643068
993,1827,filledlowerupper_,1410,0.5435139573070608
1065,1955,filledlowerupper_,1510,0.5447570332480819
1138,2082,filledlowerupper_,1610,0.5465898174831892
1216,2204,filledlowerupper_,1710,0.5517241379310345
1291,2329,filledlowerupper_,1810,0.5543151567196222
1348,2472,filledlowerupper_,1910,0.5453074433656958
1422,2598,filledlowerupper_,2010,0.5473441108545035
1490,2730,filledlowerupper_,2110,0.5457875457875457
1561,2859,filledlowerupper_,2210,0.5459951031829311
1635,2985,filledlowerupper_,2310,0.5477386934673367
1718,3102,filledlowerupper_,2410,0.5538362346872985
1794,3226,filledlowerupper_,2510,0.5561066336019839
1866,3354,filledlowerupper_,2610,0.556350626118068
1938,3482,filledlowerupper_,2710,0.5565766800689259
2014,3606,filledlowerupper_,2810,0.5585135884636716
2102,3718,filledlowerupper_,2910,0.565357719203873
2184,3836,filledlowerupper_,3010,0.5693430656934306
2275,3945,filledlowerupper_,3110,0.5766793409378961
2360,4060,filledlowerupper_,3210,0.5812807881773399
2447,4173,filledlowerupper_,3310,0.5863886891924275
2533,4287,filledlowerupper_,3410,0.5908560765103802
2614,4406,filledlowerupper_,3510,0.5932818883340899
2700,4520,filledlowerupper_,3610,0.5973451327433629
2791,4629,filledlowerupper_,3710,0.6029379995679413
2904,4716,filledlowerupper_,3810,0.6157760814249363
3006,4814,filledlowerupper_,3910,0.6244287494806814
3115,4905,filledlowerupper_,4010,0.6350662589194699
3234,4986,filledlowerupper_,4110,0.6486161251504212
3362,5058,filledlowerupper_,4210,0.6646896006326611
3492,5128,filledlowerupper_,4310,0.6809672386895476
3620,5200,filledlowerupper_,4410,0.6961538461538461
3755,5265,filledlowerupper_,4510,0.7132003798670465
3905,5315,filledlowerupper_,4610,0.7347130761994356
4059,5361,filledlowerupper_,4710,0.7571348628987129
4219,5401,filledlowerupper_,4810,0.7811516385854471
4391,5429,filledlowerupper_,4910,0.8088045680604162
