size intersection,size union,state,k,mean JI
6,14,filledlowerupper_,10,0.42857142857142855
64,156,filledlowerupper_,110,0.41025641025641024
129,291,filledlowerupper_,210,0.44329896907216493
190,430,filledlowerupper_,310,0.4418604651162791
263,557,filledlowerupper_,410,0.47217235188509876
328,692,filledlowerupper_,510,0.47398843930635837
392,828,filledlowerupper_,610,0.47342995169082125
461,959,filledlowerupper_,710,0.4807090719499479
507,1113,filledlowerupper_,810,0.4555256064690027
565,1255,filledlowerupper_,910,0.450199203187251
628,1392,filledlowerupper_,1010,0.4511494252873563
683,1537,filledlowerupper_,1110,0.44437215354586856
735,1685,filledlowerupper_,1210,0.4362017804154303
785,1835,filledlowerupper_,1310,0.42779291553133514
843,1977,filledlowerupper_,1410,0.4264036418816389
897,2123,filledlowerupper_,1510,0.4225153085256712
954,2266,filledlowerupper_,1610,0.4210061782877317
1007,2413,filledlowerupper_,1710,0.41732283464566927
1059,2561,filledlowerupper_,1810,0.4135103475204998
1111,2709,filledlowerupper_,1910,0.41011443337024733
1169,2851,filledlowerupper_,2010,0.4100315678709225
1220,3000,filledlowerupper_,2110,0.4066666666666667
1278,3142,filledlowerupper_,2210,0.4067472947167409
1323,3297,filledlowerupper_,2310,0.4012738853503185
1374,3446,filledlowerupper_,2410,0.3987231572838073
1423,3597,filledlowerupper_,2510,0.3956074506533222
1463,3757,filledlowerupper_,2610,0.3894064413095555
1521,3899,filledlowerupper_,2710,0.39010002564760193
1568,4052,filledlowerupper_,2810,0.386969397828233
1628,4192,filledlowerupper_,2910,0.3883587786259542
1692,4328,filledlowerupper_,3010,0.3909426987060998
1742,4478,filledlowerupper_,3110,0.3890129522108084
1799,4621,filledlowerupper_,3210,0.3893096732309024
1861,4759,filledlowerupper_,3310,0.3910485396091616
1930,4890,filledlowerupper_,3410,0.3946830265848671
2005,5015,filledlowerupper_,3510,0.39980059820538383
2062,5158,filledlowerupper_,3610,0.39976735168670025
2128,5292,filledlowerupper_,3710,0.4021164021164021
2187,5433,filledlowerupper_,3810,0.40254003313086695
2256,5564,filledlowerupper_,3910,0.40546369518332137
2316,5704,filledlowerupper_,4010,0.4060308555399719
2383,5837,filledlowerupper_,4110,0.4082576666095597
2454,5966,filledlowerupper_,4210,0.4113308749580959
2532,6088,filledlowerupper_,4310,0.4159001314060447
2628,6192,filledlowerupper_,4410,0.42441860465116277
2713,6307,filledlowerupper_,4510,0.43015696844775647
2804,6416,filledlowerupper_,4610,0.43703241895261846
2891,6529,filledlowerupper_,4710,0.4427936896921427
2992,6628,filledlowerupper_,4810,0.45141822570911283
3101,6719,filledlowerupper_,4910,0.4615270129483554
