size intersection,size union,state,k,mean JI
7,13,filledlowerupper_,10,0.5384615384615384
89,131,filledlowerupper_,110,0.6793893129770993
175,245,filledlowerupper_,210,0.7142857142857143
255,365,filledlowerupper_,310,0.6986301369863014
329,491,filledlowerupper_,410,0.670061099796334
417,603,filledlowerupper_,510,0.6915422885572139
485,735,filledlowerupper_,610,0.6598639455782312
560,860,filledlowerupper_,710,0.6511627906976745
624,996,filledlowerupper_,810,0.6265060240963856
712,1108,filledlowerupper_,910,0.6425992779783394
780,1240,filledlowerupper_,1010,0.6290322580645161
864,1356,filledlowerupper_,1110,0.6371681415929203
950,1470,filledlowerupper_,1210,0.6462585034013606
1010,1610,filledlowerupper_,1310,0.6273291925465838
1081,1739,filledlowerupper_,1410,0.6216216216216216
1147,1873,filledlowerupper_,1510,0.612386545648692
1224,1996,filledlowerupper_,1610,0.6132264529058116
1302,2118,filledlowerupper_,1710,0.6147308781869688
1391,2229,filledlowerupper_,1810,0.6240466576940332
1461,2359,filledlowerupper_,1910,0.6193302246714709
1553,2467,filledlowerupper_,2010,0.6295095257397649
1639,2581,filledlowerupper_,2110,0.6350251840371949
1714,2706,filledlowerupper_,2210,0.6334072431633407
1797,2823,filledlowerupper_,2310,0.6365568544102019
1885,2935,filledlowerupper_,2410,0.6422487223168655
1975,3045,filledlowerupper_,2510,0.6486042692939245
2053,3167,filledlowerupper_,2610,0.6482475528891696
2142,3278,filledlowerupper_,2710,0.6534472239170226
2224,3396,filledlowerupper_,2810,0.6548881036513545
2311,3509,filledlowerupper_,2910,0.658592191507552
2405,3615,filledlowerupper_,3010,0.665283540802213
2493,3727,filledlowerupper_,3110,0.6689026026294607
2584,3836,filledlowerupper_,3210,0.6736183524504692
2675,3945,filledlowerupper_,3310,0.6780735107731305
2760,4060,filledlowerupper_,3410,0.6798029556650246
2854,4166,filledlowerupper_,3510,0.6850696111377821
2943,4277,filledlowerupper_,3610,0.6880991349076455
3040,4380,filledlowerupper_,3710,0.6940639269406392
3130,4490,filledlowerupper_,3810,0.6971046770601337
3230,4590,filledlowerupper_,3910,0.7037037037037037
3327,4693,filledlowerupper_,4010,0.7089281909226508
3432,4788,filledlowerupper_,4110,0.7167919799498746
3543,4877,filledlowerupper_,4210,0.7264711913061308
3660,4960,filledlowerupper_,4310,0.7379032258064516
3785,5035,filledlowerupper_,4410,0.7517378351539226
3923,5097,filledlowerupper_,4510,0.7696684324112223
4064,5156,filledlowerupper_,4610,0.7882079131109387
4220,5200,filledlowerupper_,4710,0.8115384615384615
4379,5241,filledlowerupper_,4810,0.8355275710742225
4546,5274,filledlowerupper_,4910,0.8619643534319302
