size intersection,size union,state,k,mean JI
2,18,filledlowerupper_,10,0.1111111111111111
28,192,filledlowerupper_,110,0.14583333333333334
49,371,filledlowerupper_,210,0.1320754716981132
61,559,filledlowerupper_,310,0.10912343470483005
75,745,filledlowerupper_,410,0.10067114093959731
93,927,filledlowerupper_,510,0.10032362459546926
107,1113,filledlowerupper_,610,0.09613656783468104
126,1294,filledlowerupper_,710,0.0973724884080371
144,1476,filledlowerupper_,810,0.0975609756097561
168,1652,filledlowerupper_,910,0.1016949152542373
197,1823,filledlowerupper_,1010,0.10806363137685135
229,1991,filledlowerupper_,1110,0.1150175791059769
256,2164,filledlowerupper_,1210,0.11829944547134935
288,2332,filledlowerupper_,1310,0.1234991423670669
323,2497,filledlowerupper_,1410,0.12935522627152582
354,2666,filledlowerupper_,1510,0.13278319579894973
386,2834,filledlowerupper_,1610,0.13620324629498942
413,3007,filledlowerupper_,1710,0.13734619221815764
451,3169,filledlowerupper_,1810,0.142316188071947
481,3339,filledlowerupper_,1910,0.14405510631925728
519,3501,filledlowerupper_,2010,0.14824335904027422
544,3676,filledlowerupper_,2110,0.14798694232861806
574,3846,filledlowerupper_,2210,0.14924596983879354
607,4013,filledlowerupper_,2310,0.1512584101669574
638,4182,filledlowerupper_,2410,0.1525585844093735
670,4350,filledlowerupper_,2510,0.15402298850574714
703,4517,filledlowerupper_,2610,0.15563427053353995
730,4690,filledlowerupper_,2710,0.15565031982942432
769,4851,filledlowerupper_,2810,0.1585240156668728
806,5014,filledlowerupper_,2910,0.16074990027921818
838,5182,filledlowerupper_,3010,0.1617136240833655
880,5340,filledlowerupper_,3110,0.1647940074906367
918,5502,filledlowerupper_,3210,0.1668484187568157
962,5658,filledlowerupper_,3310,0.17002474372569812
994,5826,filledlowerupper_,3410,0.17061448678338484
1035,5985,filledlowerupper_,3510,0.17293233082706766
1073,6147,filledlowerupper_,3610,0.1745566943224337
1107,6313,filledlowerupper_,3710,0.1753524473309045
1143,6477,filledlowerupper_,3810,0.17647058823529413
1182,6638,filledlowerupper_,3910,0.17806568243446821
1226,6794,filledlowerupper_,4010,0.18045334118339712
1265,6955,filledlowerupper_,4110,0.18188353702372395
1315,7105,filledlowerupper_,4210,0.18508092892329345
1363,7257,filledlowerupper_,4310,0.18781865784759544
1411,7409,filledlowerupper_,4410,0.19044405452827642
1477,7543,filledlowerupper_,4510,0.19581068540368554
1526,7694,filledlowerupper_,4610,0.19833636599948012
1591,7829,filledlowerupper_,4710,0.20321880189040745
1653,7967,filledlowerupper_,4810,0.20748085854148363
1723,8097,filledlowerupper_,4910,0.21279486229467703
