size intersection,size union,state,k,mean JI
1,19,filledlowerupper_,10,0.05263157894736842
54,166,filledlowerupper_,110,0.3253012048192771
112,308,filledlowerupper_,210,0.36363636363636365
178,442,filledlowerupper_,310,0.40271493212669685
243,577,filledlowerupper_,410,0.42114384748700173
314,706,filledlowerupper_,510,0.4447592067988669
376,844,filledlowerupper_,610,0.44549763033175355
428,992,filledlowerupper_,710,0.4314516129032258
484,1136,filledlowerupper_,810,0.426056338028169
546,1274,filledlowerupper_,910,0.42857142857142855
600,1420,filledlowerupper_,1010,0.4225352112676056
652,1568,filledlowerupper_,1110,0.41581632653061223
703,1717,filledlowerupper_,1210,0.40943506115317413
762,1858,filledlowerupper_,1310,0.4101184068891281
819,2001,filledlowerupper_,1410,0.40929535232383807
867,2153,filledlowerupper_,1510,0.4026939154667905
918,2302,filledlowerupper_,1610,0.3987836663770634
970,2450,filledlowerupper_,1710,0.39591836734693875
1009,2611,filledlowerupper_,1810,0.3864419762543087
1049,2771,filledlowerupper_,1910,0.37856369541681706
1091,2929,filledlowerupper_,2010,0.3724820757937863
1135,3085,filledlowerupper_,2110,0.3679092382495948
1168,3252,filledlowerupper_,2210,0.3591635916359164
1209,3411,filledlowerupper_,2310,0.3544415127528584
1271,3549,filledlowerupper_,2410,0.35812905043674276
1313,3707,filledlowerupper_,2510,0.3541947666576747
1356,3864,filledlowerupper_,2610,0.35093167701863354
1392,4028,filledlowerupper_,2710,0.3455809334657398
1449,4171,filledlowerupper_,2810,0.3473987053464397
1495,4325,filledlowerupper_,2910,0.34566473988439306
1537,4483,filledlowerupper_,3010,0.342850769573946
1586,4634,filledlowerupper_,3110,0.3422529132498921
1632,4788,filledlowerupper_,3210,0.3408521303258145
1683,4937,filledlowerupper_,3310,0.3408952805347377
1736,5084,filledlowerupper_,3410,0.34146341463414637
1791,5229,filledlowerupper_,3510,0.342512908777969
1852,5368,filledlowerupper_,3610,0.3450074515648286
1910,5510,filledlowerupper_,3710,0.3466424682395644
1970,5650,filledlowerupper_,3810,0.3486725663716814
2020,5800,filledlowerupper_,3910,0.3482758620689655
2077,5943,filledlowerupper_,4010,0.34948679118290427
2134,6086,filledlowerupper_,4110,0.35064081498521193
2188,6232,filledlowerupper_,4210,0.35109114249037227
2254,6366,filledlowerupper_,4310,0.3540684888469997
2317,6503,filledlowerupper_,4410,0.356297093649085
2389,6631,filledlowerupper_,4510,0.3602774845423013
2462,6758,filledlowerupper_,4610,0.3643089671500444
2540,6880,filledlowerupper_,4710,0.3691860465116279
2635,6985,filledlowerupper_,4810,0.3772369362920544
2728,7092,filledlowerupper_,4910,0.38465877044557245
