size intersection,size union,state,k,mean JI
5,15,filledlowerupper_,10,0.3333333333333333
59,161,filledlowerupper_,110,0.36645962732919257
115,305,filledlowerupper_,210,0.3770491803278688
178,442,filledlowerupper_,310,0.40271493212669685
246,574,filledlowerupper_,410,0.42857142857142855
314,706,filledlowerupper_,510,0.4447592067988669
388,832,filledlowerupper_,610,0.46634615384615385
453,967,filledlowerupper_,710,0.46845915201654603
511,1109,filledlowerupper_,810,0.46077547339945896
563,1257,filledlowerupper_,910,0.4478918058870326
620,1400,filledlowerupper_,1010,0.44285714285714284
672,1548,filledlowerupper_,1110,0.43410852713178294
730,1690,filledlowerupper_,1210,0.4319526627218935
791,1829,filledlowerupper_,1310,0.4324767632586113
844,1976,filledlowerupper_,1410,0.4271255060728745
906,2114,filledlowerupper_,1510,0.42857142857142855
959,2261,filledlowerupper_,1610,0.4241486068111455
1022,2398,filledlowerupper_,1710,0.4261884904086739
1072,2548,filledlowerupper_,1810,0.4207221350078493
1121,2699,filledlowerupper_,1910,0.4153390144497962
1179,2841,filledlowerupper_,2010,0.4149947201689546
1226,2994,filledlowerupper_,2110,0.4094856379425518
1282,3138,filledlowerupper_,2210,0.40854047163798596
1331,3289,filledlowerupper_,2310,0.40468227424749165
1378,3442,filledlowerupper_,2410,0.40034863451481695
1435,3585,filledlowerupper_,2510,0.400278940027894
1502,3718,filledlowerupper_,2610,0.4039806347498655
1571,3849,filledlowerupper_,2710,0.40815796310730057
1629,3991,filledlowerupper_,2810,0.40816837885241797
1696,4124,filledlowerupper_,2910,0.41125121241513096
1750,4270,filledlowerupper_,3010,0.4098360655737705
1803,4417,filledlowerupper_,3110,0.40819560787865067
1869,4551,filledlowerupper_,3210,0.4106789716545814
1919,4701,filledlowerupper_,3310,0.4082110189321421
1989,4831,filledlowerupper_,3410,0.41171600082798593
2050,4970,filledlowerupper_,3510,0.4124748490945674
2121,5099,filledlowerupper_,3610,0.4159639144930378
2186,5234,filledlowerupper_,3710,0.4176538020634314
2242,5378,filledlowerupper_,3810,0.4168835998512458
2297,5523,filledlowerupper_,3910,0.41589715734202426
2357,5663,filledlowerupper_,4010,0.4162104891400318
2429,5791,filledlowerupper_,4110,0.4194439647729235
2500,5920,filledlowerupper_,4210,0.4222972972972973
2564,6056,filledlowerupper_,4310,0.4233817701453104
2635,6185,filledlowerupper_,4410,0.4260307194826192
2721,6299,filledlowerupper_,4510,0.43197332909985714
2821,6399,filledlowerupper_,4610,0.4408501328332552
2921,6499,filledlowerupper_,4710,0.4494537621172488
3026,6594,filledlowerupper_,4810,0.4589020321504398
3133,6687,filledlowerupper_,4910,0.46852101091670406
