size intersection,size union,state,k,mean JI
5,15,filledlowerupper_,10,0.3333333333333333
72,148,filledlowerupper_,110,0.4864864864864865
158,262,filledlowerupper_,210,0.6030534351145038
238,382,filledlowerupper_,310,0.6230366492146597
311,509,filledlowerupper_,410,0.6110019646365422
402,618,filledlowerupper_,510,0.6504854368932039
492,728,filledlowerupper_,610,0.6758241758241759
568,852,filledlowerupper_,710,0.6666666666666666
650,970,filledlowerupper_,810,0.6701030927835051
719,1101,filledlowerupper_,910,0.6530426884650318
795,1225,filledlowerupper_,1010,0.6489795918367347
862,1358,filledlowerupper_,1110,0.6347569955817378
938,1482,filledlowerupper_,1210,0.6329284750337382
1005,1615,filledlowerupper_,1310,0.6222910216718266
1080,1740,filledlowerupper_,1410,0.6206896551724138
1160,1860,filledlowerupper_,1510,0.6236559139784946
1238,1982,filledlowerupper_,1610,0.6246215943491423
1321,2099,filledlowerupper_,1710,0.62934730824202
1397,2223,filledlowerupper_,1810,0.6284300494826811
1461,2359,filledlowerupper_,1910,0.6193302246714709
1537,2483,filledlowerupper_,2010,0.6190092629883206
1620,2600,filledlowerupper_,2110,0.6230769230769231
1695,2725,filledlowerupper_,2210,0.6220183486238532
1774,2846,filledlowerupper_,2310,0.623330990864371
1852,2968,filledlowerupper_,2410,0.623989218328841
1935,3085,filledlowerupper_,2510,0.6272285251215559
2007,3213,filledlowerupper_,2610,0.6246498599439776
2097,3323,filledlowerupper_,2710,0.6310562744507975
2189,3431,filledlowerupper_,2810,0.638006412124745
2278,3542,filledlowerupper_,2910,0.6431394692264257
2363,3657,filledlowerupper_,3010,0.6461580530489472
2449,3771,filledlowerupper_,3110,0.6494298594537258
2537,3883,filledlowerupper_,3210,0.6533608035024465
2617,4003,filledlowerupper_,3310,0.6537596802398201
2718,4102,filledlowerupper_,3410,0.6626036079960994
2811,4209,filledlowerupper_,3510,0.6678545972915182
2900,4320,filledlowerupper_,3610,0.6712962962962963
2985,4435,filledlowerupper_,3710,0.673055242390079
3080,4540,filledlowerupper_,3810,0.6784140969162996
3184,4636,filledlowerupper_,3910,0.6867989646246765
3272,4748,filledlowerupper_,4010,0.6891322662173547
3368,4852,filledlowerupper_,4110,0.6941467436108821
3476,4944,filledlowerupper_,4210,0.7030744336569579
3589,5031,filledlowerupper_,4310,0.7133770622142716
3712,5108,filledlowerupper_,4410,0.7267032106499608
3842,5178,filledlowerupper_,4510,0.7419853225183468
3978,5242,filledlowerupper_,4610,0.7588706600534147
4122,5298,filledlowerupper_,4710,0.7780294450736127
4289,5331,filledlowerupper_,4810,0.804539486025136
4462,5358,filledlowerupper_,4910,0.8327734229189996
