size intersection,size union,state,k,mean JI
1,19,filledlowerupper_,10,0.05263157894736842
55,165,filledlowerupper_,110,0.3333333333333333
115,305,filledlowerupper_,210,0.3770491803278688
178,442,filledlowerupper_,310,0.40271493212669685
252,568,filledlowerupper_,410,0.44366197183098594
325,695,filledlowerupper_,510,0.4676258992805755
384,836,filledlowerupper_,610,0.45933014354066987
437,983,filledlowerupper_,710,0.44455747711088506
481,1139,filledlowerupper_,810,0.42230026338893767
541,1279,filledlowerupper_,910,0.42298670836591085
597,1423,filledlowerupper_,1010,0.4195361911454673
652,1568,filledlowerupper_,1110,0.41581632653061223
706,1714,filledlowerupper_,1210,0.411901983663944
756,1864,filledlowerupper_,1310,0.4055793991416309
799,2021,filledlowerupper_,1410,0.3953488372093023
858,2162,filledlowerupper_,1510,0.396854764107308
914,2306,filledlowerupper_,1610,0.396357328707719
976,2444,filledlowerupper_,1710,0.3993453355155483
1018,2602,filledlowerupper_,1810,0.39123750960799386
1060,2760,filledlowerupper_,1910,0.38405797101449274
1107,2913,filledlowerupper_,2010,0.3800205973223481
1141,3079,filledlowerupper_,2110,0.37057486196817147
1177,3243,filledlowerupper_,2210,0.3629355534998458
1215,3405,filledlowerupper_,2310,0.3568281938325991
1250,3570,filledlowerupper_,2410,0.35014005602240894
1288,3732,filledlowerupper_,2510,0.34512325830653806
1336,3884,filledlowerupper_,2610,0.34397528321318227
1384,4036,filledlowerupper_,2710,0.34291377601585726
1436,4184,filledlowerupper_,2810,0.34321223709369025
1485,4335,filledlowerupper_,2910,0.34256055363321797
1533,4487,filledlowerupper_,3010,0.3416536661466459
1578,4642,filledlowerupper_,3110,0.33993968117190865
1641,4779,filledlowerupper_,3210,0.3433772755806654
1699,4921,filledlowerupper_,3310,0.3452550294655558
1746,5074,filledlowerupper_,3410,0.34410721324398896
1801,5219,filledlowerupper_,3510,0.3450852653765089
1864,5356,filledlowerupper_,3610,0.3480209111277072
1925,5495,filledlowerupper_,3710,0.3503184713375796
1989,5631,filledlowerupper_,3810,0.3532232285562067
2058,5762,filledlowerupper_,3910,0.3571676501214856
2122,5898,filledlowerupper_,4010,0.35978297728043407
2175,6045,filledlowerupper_,4110,0.3598014888337469
2232,6188,filledlowerupper_,4210,0.36069812540400775
2304,6316,filledlowerupper_,4310,0.3647878404053198
2372,6448,filledlowerupper_,4410,0.36786600496277916
2439,6581,filledlowerupper_,4510,0.37061236894089045
2517,6703,filledlowerupper_,4610,0.3755035058928838
2602,6818,filledlowerupper_,4710,0.381636843649164
2698,6922,filledlowerupper_,4810,0.38977174227101996
2788,7032,filledlowerupper_,4910,0.39647326507394764
