size intersection,size union,state,k,mean JI
3,17,filledlowerupper_,10,0.17647058823529413
35,185,filledlowerupper_,110,0.1891891891891892
71,349,filledlowerupper_,210,0.2034383954154728
105,515,filledlowerupper_,310,0.20388349514563106
138,682,filledlowerupper_,410,0.20234604105571846
166,854,filledlowerupper_,510,0.19437939110070257
212,1008,filledlowerupper_,610,0.21031746031746032
249,1171,filledlowerupper_,710,0.2126387702818104
291,1329,filledlowerupper_,810,0.21896162528216703
335,1485,filledlowerupper_,910,0.2255892255892256
382,1638,filledlowerupper_,1010,0.23321123321123322
429,1791,filledlowerupper_,1110,0.23953098827470687
478,1942,filledlowerupper_,1210,0.24613800205973224
526,2094,filledlowerupper_,1310,0.2511938872970392
583,2237,filledlowerupper_,1410,0.26061689763075546
639,2381,filledlowerupper_,1510,0.26837463250734983
701,2519,filledlowerupper_,1610,0.278285033743549
746,2674,filledlowerupper_,1710,0.27898279730740466
799,2821,filledlowerupper_,1810,0.28323289613612196
846,2974,filledlowerupper_,1910,0.2844653665097512
894,3126,filledlowerupper_,2010,0.28598848368522073
948,3272,filledlowerupper_,2110,0.28973105134474325
1010,3410,filledlowerupper_,2210,0.2961876832844575
1066,3554,filledlowerupper_,2310,0.2999437253798537
1121,3699,filledlowerupper_,2410,0.30305487969721545
1173,3847,filledlowerupper_,2510,0.3049129191577853
1236,3984,filledlowerupper_,2610,0.3102409638554217
1283,4137,filledlowerupper_,2710,0.310128112158569
1341,4279,filledlowerupper_,2810,0.3133909792007478
1420,4400,filledlowerupper_,2910,0.32272727272727275
1480,4540,filledlowerupper_,3010,0.32599118942731276
1539,4681,filledlowerupper_,3110,0.32877590258491773
1604,4816,filledlowerupper_,3210,0.3330564784053156
1672,4948,filledlowerupper_,3310,0.3379143088116411
1745,5075,filledlowerupper_,3410,0.3438423645320197
1805,5215,filledlowerupper_,3510,0.3461169702780441
1881,5339,filledlowerupper_,3610,0.35231316725978645
1950,5470,filledlowerupper_,3710,0.35648994515539306
2024,5596,filledlowerupper_,3810,0.36168691922802
2106,5714,filledlowerupper_,3910,0.36856842842142107
2185,5835,filledlowerupper_,4010,0.3744644387317909
2269,5951,filledlowerupper_,4110,0.3812804570660393
2366,6054,filledlowerupper_,4210,0.39081598942847706
2461,6159,filledlowerupper_,4310,0.39957785354765385
2555,6265,filledlowerupper_,4410,0.40782122905027934
2643,6377,filledlowerupper_,4510,0.41445820918927395
2741,6479,filledlowerupper_,4610,0.42305911406081187
2862,6558,filledlowerupper_,4710,0.4364135407136322
2994,6626,filledlowerupper_,4810,0.4518563235738002
3119,6701,filledlowerupper_,4910,0.4654529174750037
