size intersection,size union,state,k,mean JI
7,13,filledlowerupper_,10,0.5384615384615384
81,139,filledlowerupper_,110,0.5827338129496403
162,258,filledlowerupper_,210,0.627906976744186
238,382,filledlowerupper_,310,0.6230366492146597
322,498,filledlowerupper_,410,0.6465863453815262
417,603,filledlowerupper_,510,0.6915422885572139
494,726,filledlowerupper_,610,0.6804407713498623
568,852,filledlowerupper_,710,0.6666666666666666
634,986,filledlowerupper_,810,0.6430020283975659
713,1107,filledlowerupper_,910,0.6440831074977417
784,1236,filledlowerupper_,1010,0.6343042071197411
854,1366,filledlowerupper_,1110,0.6251830161054173
906,1514,filledlowerupper_,1210,0.5984147952443857
987,1633,filledlowerupper_,1310,0.6044090630740968
1051,1769,filledlowerupper_,1410,0.5941209723007349
1127,1893,filledlowerupper_,1510,0.595351294241944
1193,2027,filledlowerupper_,1610,0.5885545140601874
1261,2159,filledlowerupper_,1710,0.5840666975451598
1331,2289,filledlowerupper_,1810,0.581476627348187
1420,2400,filledlowerupper_,1910,0.5916666666666667
1490,2530,filledlowerupper_,2010,0.5889328063241107
1558,2662,filledlowerupper_,2110,0.585274229902329
1616,2804,filledlowerupper_,2210,0.5763195435092725
1685,2935,filledlowerupper_,2310,0.5741056218057922
1760,3060,filledlowerupper_,2410,0.5751633986928104
1837,3183,filledlowerupper_,2510,0.5771284951303801
1924,3296,filledlowerupper_,2610,0.5837378640776699
2002,3418,filledlowerupper_,2710,0.585722644821533
2080,3540,filledlowerupper_,2810,0.5875706214689266
2169,3651,filledlowerupper_,2910,0.5940838126540674
2251,3769,filledlowerupper_,3010,0.5972406473865747
2344,3876,filledlowerupper_,3110,0.6047471620227038
2426,3994,filledlowerupper_,3210,0.6074111166750125
2505,4115,filledlowerupper_,3310,0.6087484811664642
2604,4216,filledlowerupper_,3410,0.6176470588235294
2694,4326,filledlowerupper_,3510,0.6227461858529819
2794,4426,filledlowerupper_,3610,0.6312697695436059
2888,4532,filledlowerupper_,3710,0.6372462488967343
2981,4639,filledlowerupper_,3810,0.6425953869368398
3085,4735,filledlowerupper_,3910,0.6515311510031679
3198,4822,filledlowerupper_,4010,0.6632102861883036
3309,4911,filledlowerupper_,4110,0.6737935247403788
3435,4985,filledlowerupper_,4210,0.6890672016048145
3560,5060,filledlowerupper_,4310,0.7035573122529645
3703,5117,filledlowerupper_,4410,0.7236662106703147
3851,5169,filledlowerupper_,4510,0.7450183787966724
3998,5222,filledlowerupper_,4610,0.7656070471083876
4149,5271,filledlowerupper_,4710,0.7871371656232214
4311,5309,filledlowerupper_,4810,0.8120173290638538
4483,5337,filledlowerupper_,4910,0.8399850103054151
