size intersection,size union,state,k,mean JI
5,15,filledlowerupper_,10,0.3333333333333333
69,151,filledlowerupper_,110,0.45695364238410596
137,283,filledlowerupper_,210,0.4840989399293286
197,423,filledlowerupper_,310,0.4657210401891253
260,560,filledlowerupper_,410,0.4642857142857143
330,690,filledlowerupper_,510,0.4782608695652174
393,827,filledlowerupper_,610,0.4752116082224909
448,972,filledlowerupper_,710,0.4609053497942387
505,1115,filledlowerupper_,810,0.452914798206278
562,1258,filledlowerupper_,910,0.4467408585055644
622,1398,filledlowerupper_,1010,0.4449213161659514
680,1540,filledlowerupper_,1110,0.44155844155844154
740,1680,filledlowerupper_,1210,0.44047619047619047
789,1831,filledlowerupper_,1310,0.4309120699071546
841,1979,filledlowerupper_,1410,0.4249621020717534
898,2122,filledlowerupper_,1510,0.4231856738925542
955,2265,filledlowerupper_,1610,0.4216335540838852
1017,2403,filledlowerupper_,1710,0.4232209737827715
1078,2542,filledlowerupper_,1810,0.4240755310778914
1133,2687,filledlowerupper_,1910,0.42165984369184967
1192,2828,filledlowerupper_,2010,0.4214992927864215
1239,2981,filledlowerupper_,2110,0.41563233814156325
1297,3123,filledlowerupper_,2210,0.4153057957092539
1353,3267,filledlowerupper_,2310,0.41414141414141414
1406,3414,filledlowerupper_,2410,0.4118336262448741
1461,3559,filledlowerupper_,2510,0.410508569822984
1511,3709,filledlowerupper_,2610,0.4073874359665678
1569,3851,filledlowerupper_,2710,0.4074266424305375
1622,3998,filledlowerupper_,2810,0.40570285142571283
1682,4138,filledlowerupper_,2910,0.4064765587240213
1735,4285,filledlowerupper_,3010,0.4049008168028005
1796,4424,filledlowerupper_,3110,0.40596745027124775
1859,4561,filledlowerupper_,3210,0.40758605568954176
1920,4700,filledlowerupper_,3310,0.4085106382978723
1979,4841,filledlowerupper_,3410,0.4087998347448874
2041,4979,filledlowerupper_,3510,0.40992167101827676
2108,5112,filledlowerupper_,3610,0.41236306729264477
2169,5251,filledlowerupper_,3710,0.41306417825176156
2228,5392,filledlowerupper_,3810,0.4132047477744807
2283,5537,filledlowerupper_,3910,0.41231713924507857
2351,5669,filledlowerupper_,4010,0.41471158934556357
2414,5806,filledlowerupper_,4110,0.4157767826386497
2488,5932,filledlowerupper_,4210,0.4194200944032367
2570,6050,filledlowerupper_,4310,0.42479338842975206
2653,6167,filledlowerupper_,4410,0.4301929625425653
2728,6292,filledlowerupper_,4510,0.43356643356643354
2818,6402,filledlowerupper_,4610,0.4401749453295845
2911,6509,filledlowerupper_,4710,0.44722691657704716
3001,6619,filledlowerupper_,4810,0.4533917510197915
3104,6716,filledlowerupper_,4910,0.46217986896962476
