size intersection,size union,state,k,mean JI
8,12,filledlowerupper_,10,0.6666666666666666
70,150,filledlowerupper_,110,0.4666666666666667
147,273,filledlowerupper_,210,0.5384615384615384
202,418,filledlowerupper_,310,0.48325358851674644
271,549,filledlowerupper_,410,0.4936247723132969
345,675,filledlowerupper_,510,0.5111111111111111
418,802,filledlowerupper_,610,0.5211970074812967
468,952,filledlowerupper_,710,0.49159663865546216
527,1093,filledlowerupper_,810,0.48215919487648673
581,1239,filledlowerupper_,910,0.4689265536723164
643,1377,filledlowerupper_,1010,0.46695715323166304
700,1520,filledlowerupper_,1110,0.4605263157894737
743,1677,filledlowerupper_,1210,0.4430530709600477
790,1830,filledlowerupper_,1310,0.43169398907103823
848,1972,filledlowerupper_,1410,0.4300202839756592
899,2121,filledlowerupper_,1510,0.42385667138142386
963,2257,filledlowerupper_,1610,0.4266725742135578
1014,2406,filledlowerupper_,1710,0.42144638403990026
1058,2562,filledlowerupper_,1810,0.4129586260733802
1116,2704,filledlowerupper_,1910,0.41272189349112426
1170,2850,filledlowerupper_,2010,0.4105263157894737
1218,3002,filledlowerupper_,2110,0.4057295136575616
1266,3154,filledlowerupper_,2210,0.4013950538998098
1311,3309,filledlowerupper_,2310,0.39619220308250225
1363,3457,filledlowerupper_,2410,0.39427249059878505
1407,3613,filledlowerupper_,2510,0.3894270689177968
1462,3758,filledlowerupper_,2610,0.38903672166045766
1512,3908,filledlowerupper_,2710,0.38689866939611056
1563,4057,filledlowerupper_,2810,0.3852600443677594
1612,4208,filledlowerupper_,2910,0.3830798479087453
1671,4349,filledlowerupper_,3010,0.38422625891009426
1725,4495,filledlowerupper_,3110,0.38375973303670746
1783,4637,filledlowerupper_,3210,0.3845158507655812
1840,4780,filledlowerupper_,3310,0.38493723849372385
1917,4903,filledlowerupper_,3410,0.39098511115643486
1986,5034,filledlowerupper_,3510,0.39451728247914186
2043,5177,filledlowerupper_,3610,0.39463009464941085
2101,5319,filledlowerupper_,3710,0.3949990599736793
2163,5457,filledlowerupper_,3810,0.3963716327652556
2224,5596,filledlowerupper_,3910,0.39742673338098644
2300,5720,filledlowerupper_,4010,0.4020979020979021
2369,5851,filledlowerupper_,4110,0.40488805332421807
2444,5976,filledlowerupper_,4210,0.40896921017402943
2516,6104,filledlowerupper_,4310,0.4121887287024902
2600,6220,filledlowerupper_,4410,0.4180064308681672
2678,6342,filledlowerupper_,4510,0.42226426994638916
2775,6445,filledlowerupper_,4610,0.430566330488751
2857,6563,filledlowerupper_,4710,0.43531921377418864
2954,6666,filledlowerupper_,4810,0.44314431443144314
3065,6755,filledlowerupper_,4910,0.4537379718726869
