size intersection,size union,state,k,mean JI
5,15,filledlowerupper_,10,0.3333333333333333
59,161,filledlowerupper_,110,0.36645962732919257
119,301,filledlowerupper_,210,0.3953488372093023
178,442,filledlowerupper_,310,0.40271493212669685
250,570,filledlowerupper_,410,0.43859649122807015
318,702,filledlowerupper_,510,0.452991452991453
384,836,filledlowerupper_,610,0.45933014354066987
434,986,filledlowerupper_,710,0.44016227180527384
483,1137,filledlowerupper_,810,0.42480211081794195
531,1289,filledlowerupper_,910,0.41194724592707527
581,1439,filledlowerupper_,1010,0.40375260597637247
636,1584,filledlowerupper_,1110,0.4015151515151515
684,1736,filledlowerupper_,1210,0.39400921658986177
733,1887,filledlowerupper_,1310,0.38844727080021196
782,2038,filledlowerupper_,1410,0.3837095191364082
830,2190,filledlowerupper_,1510,0.3789954337899543
886,2334,filledlowerupper_,1610,0.3796058269065981
928,2492,filledlowerupper_,1710,0.3723916532905297
973,2647,filledlowerupper_,1810,0.3675859463543634
1024,2796,filledlowerupper_,1910,0.36623748211731044
1072,2948,filledlowerupper_,2010,0.36363636363636365
1110,3110,filledlowerupper_,2110,0.35691318327974275
1161,3259,filledlowerupper_,2210,0.35624424670144217
1194,3426,filledlowerupper_,2310,0.34851138353765326
1238,3582,filledlowerupper_,2410,0.34561697375767725
1285,3735,filledlowerupper_,2510,0.34404283801874164
1330,3890,filledlowerupper_,2610,0.34190231362467866
1378,4042,filledlowerupper_,2710,0.3409203364670955
1437,4183,filledlowerupper_,2810,0.3435333492708582
1486,4334,filledlowerupper_,2910,0.34287032764190123
1530,4490,filledlowerupper_,3010,0.34075723830734966
1576,4644,filledlowerupper_,3110,0.33936261843238585
1629,4791,filledlowerupper_,3210,0.3400125234815279
1679,4941,filledlowerupper_,3310,0.33980975511030154
1747,5073,filledlowerupper_,3410,0.3443721663709836
1814,5206,filledlowerupper_,3510,0.3484441029581252
1863,5357,filledlowerupper_,3610,0.3477692738473026
1925,5495,filledlowerupper_,3710,0.3503184713375796
1989,5631,filledlowerupper_,3810,0.3532232285562067
2047,5773,filledlowerupper_,3910,0.3545816733067729
2103,5917,filledlowerupper_,4010,0.3554165962480987
2166,6054,filledlowerupper_,4110,0.35777998017839446
2222,6198,filledlowerupper_,4210,0.3585027428202646
2296,6324,filledlowerupper_,4310,0.3630613535736875
2365,6455,filledlowerupper_,4410,0.36638264910921764
2438,6582,filledlowerupper_,4510,0.3704041324825281
2505,6715,filledlowerupper_,4610,0.3730454206999255
2596,6824,filledlowerupper_,4710,0.38042203985932005
2703,6917,filledlowerupper_,4810,0.39077634812780104
2807,7013,filledlowerupper_,4910,0.4002566661913589
