size intersection,size union,state,k,mean JI
1,19,filledlowerupper_,10,0.05263157894736842
22,198,filledlowerupper_,110,0.1111111111111111
34,386,filledlowerupper_,210,0.08808290155440414
49,571,filledlowerupper_,310,0.08581436077057793
62,758,filledlowerupper_,410,0.08179419525065963
76,944,filledlowerupper_,510,0.08050847457627118
90,1130,filledlowerupper_,610,0.07964601769911504
97,1323,filledlowerupper_,710,0.07331821617535904
114,1506,filledlowerupper_,810,0.07569721115537849
134,1686,filledlowerupper_,910,0.07947805456702253
154,1866,filledlowerupper_,1010,0.08252947481243302
179,2041,filledlowerupper_,1110,0.08770210681038706
198,2222,filledlowerupper_,1210,0.0891089108910891
229,2391,filledlowerupper_,1310,0.09577582601422
256,2564,filledlowerupper_,1410,0.0998439937597504
283,2737,filledlowerupper_,1510,0.10339788089148703
316,2904,filledlowerupper_,1610,0.10881542699724518
348,3072,filledlowerupper_,1710,0.11328125
380,3240,filledlowerupper_,1810,0.11728395061728394
411,3409,filledlowerupper_,1910,0.12056321501906718
447,3573,filledlowerupper_,2010,0.12510495382031905
473,3747,filledlowerupper_,2110,0.1262343207899653
510,3910,filledlowerupper_,2210,0.13043478260869565
545,4075,filledlowerupper_,2310,0.13374233128834356
576,4244,filledlowerupper_,2410,0.1357210179076343
611,4409,filledlowerupper_,2510,0.13858017691086413
640,4580,filledlowerupper_,2610,0.13973799126637554
675,4745,filledlowerupper_,2710,0.1422550052687039
708,4912,filledlowerupper_,2810,0.14413680781758959
739,5081,filledlowerupper_,2910,0.1454438102735682
765,5255,filledlowerupper_,3010,0.1455756422454805
811,5409,filledlowerupper_,3110,0.14993529303013495
851,5569,filledlowerupper_,3210,0.15281019931765127
888,5732,filledlowerupper_,3310,0.15491974877878575
929,5891,filledlowerupper_,3410,0.1576981836700051
972,6048,filledlowerupper_,3510,0.16071428571428573
1017,6203,filledlowerupper_,3610,0.16395292600354666
1069,6351,filledlowerupper_,3710,0.16831994961423397
1120,6500,filledlowerupper_,3810,0.1723076923076923
1153,6667,filledlowerupper_,3910,0.17294135293235338
1190,6830,filledlowerupper_,4010,0.17423133235724744
1238,6982,filledlowerupper_,4110,0.17731309080492696
1283,7137,filledlowerupper_,4210,0.179767409275606
1328,7292,filledlowerupper_,4310,0.1821173889193637
1380,7440,filledlowerupper_,4410,0.18548387096774194
1439,7581,filledlowerupper_,4510,0.1898166468803588
1495,7725,filledlowerupper_,4610,0.1935275080906149
1555,7865,filledlowerupper_,4710,0.19771137952956136
1621,7999,filledlowerupper_,4810,0.20265033129141144
1691,8129,filledlowerupper_,4910,0.20802066674867759
