size intersection,size union,state,k,mean JI
7,13,filledlowerupper_,10,0.5384615384615384
78,142,filledlowerupper_,110,0.5492957746478874
166,254,filledlowerupper_,210,0.6535433070866141
243,377,filledlowerupper_,310,0.6445623342175066
320,500,filledlowerupper_,410,0.64
419,601,filledlowerupper_,510,0.697171381031614
512,708,filledlowerupper_,610,0.7231638418079096
592,828,filledlowerupper_,710,0.714975845410628
666,954,filledlowerupper_,810,0.6981132075471698
737,1083,filledlowerupper_,910,0.6805170821791321
817,1203,filledlowerupper_,1010,0.6791354945968412
894,1326,filledlowerupper_,1110,0.6742081447963801
969,1451,filledlowerupper_,1210,0.667815299793246
1037,1583,filledlowerupper_,1310,0.655085281111813
1113,1707,filledlowerupper_,1410,0.6520210896309314
1198,1822,filledlowerupper_,1510,0.6575192096597146
1272,1948,filledlowerupper_,1610,0.6529774127310062
1356,2064,filledlowerupper_,1710,0.6569767441860465
1438,2182,filledlowerupper_,1810,0.6590284142988084
1515,2305,filledlowerupper_,1910,0.6572668112798264
1588,2432,filledlowerupper_,2010,0.6529605263157895
1652,2568,filledlowerupper_,2110,0.6433021806853583
1712,2708,filledlowerupper_,2210,0.6322008862629247
1784,2836,filledlowerupper_,2310,0.6290550070521862
1860,2960,filledlowerupper_,2410,0.6283783783783784
1941,3079,filledlowerupper_,2510,0.6303994803507632
2026,3194,filledlowerupper_,2610,0.6343143393863494
2103,3317,filledlowerupper_,2710,0.6340066324992463
2188,3432,filledlowerupper_,2810,0.6375291375291375
2272,3548,filledlowerupper_,2910,0.6403607666290868
2360,3660,filledlowerupper_,3010,0.644808743169399
2454,3766,filledlowerupper_,3110,0.651619755708975
2552,3868,filledlowerupper_,3210,0.6597724922440538
2642,3978,filledlowerupper_,3310,0.6641528406234288
2728,4092,filledlowerupper_,3410,0.6666666666666666
2812,4208,filledlowerupper_,3510,0.6682509505703422
2899,4321,filledlowerupper_,3610,0.6709095116871094
2989,4431,filledlowerupper_,3710,0.674565560821485
3079,4541,filledlowerupper_,3810,0.678044483593922
3199,4621,filledlowerupper_,3910,0.6922743994806319
3299,4721,filledlowerupper_,4010,0.6987926286803643
3401,4819,filledlowerupper_,4110,0.7057480805146296
3517,4903,filledlowerupper_,4210,0.7173159290230471
3631,4989,filledlowerupper_,4310,0.7278011625576267
3760,5060,filledlowerupper_,4410,0.7430830039525692
3899,5121,filledlowerupper_,4510,0.7613747314977544
4042,5178,filledlowerupper_,4610,0.7806102742371572
4191,5229,filledlowerupper_,4710,0.8014916810097533
4345,5275,filledlowerupper_,4810,0.8236966824644549
4518,5302,filledlowerupper_,4910,0.8521312712184081
