size intersection,size union,state,k,mean JI
7,13,filledlowerupper_,10,0.5384615384615384
70,150,filledlowerupper_,110,0.4666666666666667
139,281,filledlowerupper_,210,0.49466192170818507
200,420,filledlowerupper_,310,0.47619047619047616
269,551,filledlowerupper_,410,0.4882032667876588
343,677,filledlowerupper_,510,0.5066469719350074
408,812,filledlowerupper_,610,0.5024630541871922
463,957,filledlowerupper_,710,0.48380355276907
515,1105,filledlowerupper_,810,0.4660633484162896
574,1246,filledlowerupper_,910,0.4606741573033708
630,1390,filledlowerupper_,1010,0.45323741007194246
688,1532,filledlowerupper_,1110,0.4490861618798956
736,1684,filledlowerupper_,1210,0.43705463182897863
784,1836,filledlowerupper_,1310,0.42701525054466233
840,1980,filledlowerupper_,1410,0.42424242424242425
894,2126,filledlowerupper_,1510,0.4205079962370649
959,2261,filledlowerupper_,1610,0.4241486068111455
1014,2406,filledlowerupper_,1710,0.42144638403990026
1075,2545,filledlowerupper_,1810,0.4223968565815324
1137,2683,filledlowerupper_,1910,0.42377935147223256
1193,2827,filledlowerupper_,2010,0.4220021223912275
1244,2976,filledlowerupper_,2110,0.41801075268817206
1288,3132,filledlowerupper_,2210,0.4112388250319285
1339,3281,filledlowerupper_,2310,0.40810728436452304
1386,3434,filledlowerupper_,2410,0.4036109493302271
1437,3583,filledlowerupper_,2510,0.4010605637733743
1492,3728,filledlowerupper_,2610,0.4002145922746781
1543,3877,filledlowerupper_,2710,0.3979881351560485
1599,4021,filledlowerupper_,2810,0.3976622730664014
1652,4168,filledlowerupper_,2910,0.3963531669865643
1709,4311,filledlowerupper_,3010,0.3964277429830666
1769,4451,filledlowerupper_,3110,0.39743877780274095
1828,4592,filledlowerupper_,3210,0.3980836236933798
1879,4741,filledlowerupper_,3310,0.39632988820923853
1945,4875,filledlowerupper_,3410,0.39897435897435896
2003,5017,filledlowerupper_,3510,0.39924257524416984
2060,5160,filledlowerupper_,3610,0.3992248062015504
2116,5304,filledlowerupper_,3710,0.39894419306184015
2188,5432,filledlowerupper_,3810,0.4027982326951399
2258,5562,filledlowerupper_,3910,0.4059690758719885
2328,5692,filledlowerupper_,4010,0.4089950808151792
2387,5833,filledlowerupper_,4110,0.4092233841933825
2465,5955,filledlowerupper_,4210,0.4139378673383711
2537,6083,filledlowerupper_,4310,0.41706394870951835
2601,6219,filledlowerupper_,4410,0.4182344428364689
2684,6336,filledlowerupper_,4510,0.4236111111111111
2782,6438,filledlowerupper_,4610,0.43212177694936316
2890,6530,filledlowerupper_,4710,0.442572741194487
2998,6622,filledlowerupper_,4810,0.45273331319842947
3112,6708,filledlowerupper_,4910,0.4639236732259988
