size intersection,size union,state,k,mean JI
8,12,filledlowerupper_,10,0.6666666666666666
77,143,filledlowerupper_,110,0.5384615384615384
146,274,filledlowerupper_,210,0.5328467153284672
209,411,filledlowerupper_,310,0.5085158150851582
275,545,filledlowerupper_,410,0.5045871559633027
342,678,filledlowerupper_,510,0.504424778761062
423,797,filledlowerupper_,610,0.5307402760351317
482,938,filledlowerupper_,710,0.5138592750533049
540,1080,filledlowerupper_,810,0.5
588,1232,filledlowerupper_,910,0.4772727272727273
646,1374,filledlowerupper_,1010,0.47016011644832606
693,1527,filledlowerupper_,1110,0.4538310412573674
764,1656,filledlowerupper_,1210,0.4613526570048309
827,1793,filledlowerupper_,1310,0.4612381483547128
894,1926,filledlowerupper_,1410,0.46417445482866043
952,2068,filledlowerupper_,1510,0.46034816247582205
1018,2202,filledlowerupper_,1610,0.4623069936421435
1074,2346,filledlowerupper_,1710,0.4578005115089514
1135,2485,filledlowerupper_,1810,0.4567404426559356
1190,2630,filledlowerupper_,1910,0.4524714828897338
1246,2774,filledlowerupper_,2010,0.44917087238644554
1300,2920,filledlowerupper_,2110,0.4452054794520548
1343,3077,filledlowerupper_,2210,0.43646408839779005
1409,3211,filledlowerupper_,2310,0.4388041108688882
1464,3356,filledlowerupper_,2410,0.4362336114421931
1512,3508,filledlowerupper_,2510,0.43101482326111745
1573,3647,filledlowerupper_,2610,0.43131340828077874
1641,3779,filledlowerupper_,2710,0.4342418629267002
1702,3918,filledlowerupper_,2810,0.43440530883103623
1764,4056,filledlowerupper_,2910,0.4349112426035503
1823,4197,filledlowerupper_,3010,0.434357874672385
1882,4338,filledlowerupper_,3110,0.433840479483633
1944,4476,filledlowerupper_,3210,0.4343163538873995
2010,4610,filledlowerupper_,3310,0.4360086767895879
2077,4743,filledlowerupper_,3410,0.43790849673202614
2136,4884,filledlowerupper_,3510,0.43734643734643736
2189,5031,filledlowerupper_,3610,0.43510236533492347
2250,5170,filledlowerupper_,3710,0.43520309477756286
2314,5306,filledlowerupper_,3810,0.4361100640784018
2368,5452,filledlowerupper_,3910,0.4343360234776229
2435,5585,filledlowerupper_,4010,0.4359892569382274
2505,5715,filledlowerupper_,4110,0.43832020997375326
2564,5856,filledlowerupper_,4210,0.4378415300546448
2632,5988,filledlowerupper_,4310,0.4395457581830327
2703,6117,filledlowerupper_,4410,0.441883276115743
2789,6231,filledlowerupper_,4510,0.4476007061466859
2863,6357,filledlowerupper_,4610,0.4503696712285669
2958,6462,filledlowerupper_,4710,0.45775301764159704
3057,6563,filledlowerupper_,4810,0.4657930824318147
3152,6668,filledlowerupper_,4910,0.47270545890821836
