size intersection,size union,state,k,mean JI
6,14,filledlowerupper_,10,0.42857142857142855
69,151,filledlowerupper_,110,0.45695364238410596
136,284,filledlowerupper_,210,0.4788732394366197
202,418,filledlowerupper_,310,0.48325358851674644
269,551,filledlowerupper_,410,0.4882032667876588
345,675,filledlowerupper_,510,0.5111111111111111
415,805,filledlowerupper_,610,0.515527950310559
477,943,filledlowerupper_,710,0.5058324496288441
531,1089,filledlowerupper_,810,0.48760330578512395
582,1238,filledlowerupper_,910,0.4701130856219709
652,1368,filledlowerupper_,1010,0.4766081871345029
704,1516,filledlowerupper_,1110,0.46437994722955145
748,1672,filledlowerupper_,1210,0.4473684210526316
799,1821,filledlowerupper_,1310,0.4387699066447007
855,1965,filledlowerupper_,1410,0.4351145038167939
894,2126,filledlowerupper_,1510,0.4205079962370649
961,2259,filledlowerupper_,1610,0.42540947321823813
1020,2400,filledlowerupper_,1710,0.425
1083,2537,filledlowerupper_,1810,0.4268821442648798
1131,2689,filledlowerupper_,1910,0.4206024544440312
1173,2847,filledlowerupper_,2010,0.41201264488935724
1219,3001,filledlowerupper_,2110,0.40619793402199267
1256,3164,filledlowerupper_,2210,0.3969658659924147
1306,3314,filledlowerupper_,2310,0.3940856970428485
1359,3461,filledlowerupper_,2410,0.39266108061253974
1412,3608,filledlowerupper_,2510,0.39135254988913526
1457,3763,filledlowerupper_,2610,0.38719107095402605
1502,3918,filledlowerupper_,2710,0.3833588565594691
1565,4055,filledlowerupper_,2810,0.38594327990135635
1622,4198,filledlowerupper_,2910,0.3863744640304907
1677,4343,filledlowerupper_,3010,0.38613861386138615
1725,4495,filledlowerupper_,3110,0.38375973303670746
1783,4637,filledlowerupper_,3210,0.3845158507655812
1856,4764,filledlowerupper_,3310,0.3895885810243493
1913,4907,filledlowerupper_,3410,0.38985123293254537
1971,5049,filledlowerupper_,3510,0.39037433155080214
2032,5188,filledlowerupper_,3610,0.39167309175019277
2086,5334,filledlowerupper_,3710,0.3910761154855643
2154,5466,filledlowerupper_,3810,0.3940724478594951
2220,5600,filledlowerupper_,3910,0.3964285714285714
2287,5733,filledlowerupper_,4010,0.39891854177568464
2352,5868,filledlowerupper_,4110,0.40081799591002043
2435,5985,filledlowerupper_,4210,0.4068504594820384
2508,6112,filledlowerupper_,4310,0.41034031413612565
2583,6237,filledlowerupper_,4410,0.41414141414141414
2667,6353,filledlowerupper_,4510,0.41980166850306944
2755,6465,filledlowerupper_,4610,0.42614075792730083
2851,6569,filledlowerupper_,4710,0.4340082204292891
2953,6667,filledlowerupper_,4810,0.4429278536073196
3067,6753,filledlowerupper_,4910,0.4541685176958389
