size intersection,size union,state,k,mean JI
3,17,filledlowerupper_,10,0.17647058823529413
23,197,filledlowerupper_,110,0.116751269035533
39,381,filledlowerupper_,210,0.10236220472440945
54,566,filledlowerupper_,310,0.09540636042402827
67,753,filledlowerupper_,410,0.08897742363877822
85,935,filledlowerupper_,510,0.09090909090909091
103,1117,filledlowerupper_,610,0.09221128021486123
124,1296,filledlowerupper_,710,0.09567901234567901
145,1475,filledlowerupper_,810,0.09830508474576272
166,1654,filledlowerupper_,910,0.1003627569528416
190,1830,filledlowerupper_,1010,0.10382513661202186
221,1999,filledlowerupper_,1110,0.11055527763881941
253,2167,filledlowerupper_,1210,0.116751269035533
291,2329,filledlowerupper_,1310,0.12494632889652212
325,2495,filledlowerupper_,1410,0.13026052104208416
352,2668,filledlowerupper_,1510,0.13193403298350825
386,2834,filledlowerupper_,1610,0.13620324629498942
417,3003,filledlowerupper_,1710,0.13886113886113885
444,3176,filledlowerupper_,1810,0.1397984886649874
469,3351,filledlowerupper_,1910,0.13995822142643988
498,3522,filledlowerupper_,2010,0.141396933560477
530,3690,filledlowerupper_,2110,0.14363143631436315
567,3853,filledlowerupper_,2210,0.14715805865559303
596,4024,filledlowerupper_,2310,0.1481113320079523
634,4186,filledlowerupper_,2410,0.15145723841376016
658,4362,filledlowerupper_,2510,0.1508482347546997
699,4521,filledlowerupper_,2610,0.1546118115461181
731,4689,filledlowerupper_,2710,0.15589677969716356
753,4867,filledlowerupper_,2810,0.1547154304499692
786,5034,filledlowerupper_,2910,0.15613825983313467
836,5184,filledlowerupper_,3010,0.16126543209876543
872,5348,filledlowerupper_,3110,0.1630516080777861
917,5503,filledlowerupper_,3210,0.16663638015627838
954,5666,filledlowerupper_,3310,0.16837274973526298
997,5823,filledlowerupper_,3410,0.17121758543705992
1044,5976,filledlowerupper_,3510,0.1746987951807229
1093,6127,filledlowerupper_,3610,0.17839072955769544
1132,6288,filledlowerupper_,3710,0.18002544529262088
1170,6450,filledlowerupper_,3810,0.1813953488372093
1206,6614,filledlowerupper_,3910,0.18234048986997278
1243,6777,filledlowerupper_,4010,0.18341449018739855
1284,6936,filledlowerupper_,4110,0.185121107266436
1327,7093,filledlowerupper_,4210,0.18708585929789934
1372,7248,filledlowerupper_,4310,0.18929359823399558
1418,7402,filledlowerupper_,4410,0.19156984598757093
1465,7555,filledlowerupper_,4510,0.19391131700860356
1520,7700,filledlowerupper_,4610,0.1974025974025974
1586,7834,filledlowerupper_,4710,0.202450855246362
1651,7969,filledlowerupper_,4810,0.20717781402936378
1715,8105,filledlowerupper_,4910,0.21159777914867367
