size intersection,size union,state,k,mean JI
4,16,filledlowerupper_,10,0.25
40,180,filledlowerupper_,110,0.2222222222222222
75,345,filledlowerupper_,210,0.21739130434782608
104,516,filledlowerupper_,310,0.20155038759689922
137,683,filledlowerupper_,410,0.2005856515373353
177,843,filledlowerupper_,510,0.2099644128113879
210,1010,filledlowerupper_,610,0.2079207920792079
258,1162,filledlowerupper_,710,0.22203098106712565
291,1329,filledlowerupper_,810,0.21896162528216703
326,1494,filledlowerupper_,910,0.2182061579651941
374,1646,filledlowerupper_,1010,0.22721749696233293
412,1808,filledlowerupper_,1110,0.22787610619469026
456,1964,filledlowerupper_,1210,0.23217922606924643
513,2107,filledlowerupper_,1310,0.24347413383958236
573,2247,filledlowerupper_,1410,0.25500667556742324
627,2393,filledlowerupper_,1510,0.2620142081069787
675,2545,filledlowerupper_,1610,0.26522593320235754
721,2699,filledlowerupper_,1710,0.2671359762875139
761,2859,filledlowerupper_,1810,0.26617698495977615
810,3010,filledlowerupper_,1910,0.2691029900332226
861,3159,filledlowerupper_,2010,0.2725546058879392
916,3304,filledlowerupper_,2110,0.2772397094430993
965,3455,filledlowerupper_,2210,0.2793053545586107
1034,3586,filledlowerupper_,2310,0.2883435582822086
1084,3736,filledlowerupper_,2410,0.29014989293361887
1148,3872,filledlowerupper_,2510,0.2964876033057851
1203,4017,filledlowerupper_,2610,0.2994772218073189
1251,4169,filledlowerupper_,2710,0.30007195970256656
1315,4305,filledlowerupper_,2810,0.305458768873403
1373,4447,filledlowerupper_,2910,0.30874747020463233
1437,4583,filledlowerupper_,3010,0.31355007636919047
1498,4722,filledlowerupper_,3110,0.31723845828038966
1569,4851,filledlowerupper_,3210,0.32343846629560913
1638,4982,filledlowerupper_,3310,0.3287836210357286
1711,5109,filledlowerupper_,3410,0.33489919749461733
1776,5244,filledlowerupper_,3510,0.33867276887871856
1855,5365,filledlowerupper_,3610,0.34575955265610436
1923,5497,filledlowerupper_,3710,0.3498271784609787
1997,5623,filledlowerupper_,3810,0.35514849724346437
2085,5735,filledlowerupper_,3910,0.36355710549258935
2176,5844,filledlowerupper_,4010,0.3723477070499658
2259,5961,filledlowerupper_,4110,0.3789632611977856
2353,6067,filledlowerupper_,4210,0.38783583319597825
2457,6163,filledlowerupper_,4310,0.39866947914976475
2541,6279,filledlowerupper_,4410,0.40468227424749165
2654,6366,filledlowerupper_,4510,0.4169022934338674
2767,6453,filledlowerupper_,4610,0.4287928095459476
2879,6541,filledlowerupper_,4710,0.4401467665494573
2987,6633,filledlowerupper_,4810,0.4503241368913011
3103,6717,filledlowerupper_,4910,0.46196218549947893
