size intersection,size union,state,k,mean JI
1,19,filledlowerupper_,10,0.05263157894736842
32,188,filledlowerupper_,110,0.1702127659574468
59,361,filledlowerupper_,210,0.1634349030470914
71,549,filledlowerupper_,310,0.12932604735883424
104,716,filledlowerupper_,410,0.1452513966480447
127,893,filledlowerupper_,510,0.1422172452407615
145,1075,filledlowerupper_,610,0.13488372093023257
171,1249,filledlowerupper_,710,0.13690952762209768
207,1413,filledlowerupper_,810,0.1464968152866242
229,1591,filledlowerupper_,910,0.14393463230672532
256,1764,filledlowerupper_,1010,0.14512471655328799
294,1926,filledlowerupper_,1110,0.1526479750778816
325,2095,filledlowerupper_,1210,0.15513126491646778
359,2261,filledlowerupper_,1310,0.15877930119416186
390,2430,filledlowerupper_,1410,0.16049382716049382
427,2593,filledlowerupper_,1510,0.16467412263787118
455,2765,filledlowerupper_,1610,0.16455696202531644
477,2943,filledlowerupper_,1710,0.1620795107033639
508,3112,filledlowerupper_,1810,0.16323907455012854
530,3290,filledlowerupper_,1910,0.16109422492401215
560,3460,filledlowerupper_,2010,0.16184971098265896
594,3626,filledlowerupper_,2110,0.16381687810259238
619,3801,filledlowerupper_,2210,0.1628518810839253
646,3974,filledlowerupper_,2310,0.16255661801711122
686,4134,filledlowerupper_,2410,0.165940977261732
714,4306,filledlowerupper_,2510,0.1658151416627961
752,4468,filledlowerupper_,2610,0.1683079677708147
787,4633,filledlowerupper_,2710,0.1698683358515001
815,4805,filledlowerupper_,2810,0.1696149843912591
849,4971,filledlowerupper_,2910,0.1707905853952927
889,5131,filledlowerupper_,3010,0.17326057298772168
932,5288,filledlowerupper_,3110,0.1762481089258699
963,5457,filledlowerupper_,3210,0.17647058823529413
1012,5608,filledlowerupper_,3310,0.1804564907275321
1049,5771,filledlowerupper_,3410,0.1817709235834344
1081,5939,filledlowerupper_,3510,0.18201717460851996
1116,6104,filledlowerupper_,3610,0.18283093053735255
1148,6272,filledlowerupper_,3710,0.18303571428571427
1187,6433,filledlowerupper_,3810,0.18451733250427482
1232,6588,filledlowerupper_,3910,0.1870066788099575
1268,6752,filledlowerupper_,4010,0.1877962085308057
1315,6905,filledlowerupper_,4110,0.19044170890658943
1354,7066,filledlowerupper_,4210,0.19162185111803
1403,7217,filledlowerupper_,4310,0.1944021061382846
1462,7358,filledlowerupper_,4410,0.19869529763522698
1524,7496,filledlowerupper_,4510,0.2033084311632871
1569,7651,filledlowerupper_,4610,0.20507123251862502
1638,7782,filledlowerupper_,4710,0.2104857363145721
1690,7930,filledlowerupper_,4810,0.21311475409836064
1753,8067,filledlowerupper_,4910,0.21730507003842817
