size intersection,size union,state,k,mean JI
4,16,filledlowerupper_,10,0.25
60,160,filledlowerupper_,110,0.375
107,313,filledlowerupper_,210,0.34185303514376997
166,454,filledlowerupper_,310,0.3656387665198238
221,599,filledlowerupper_,410,0.36894824707846413
285,735,filledlowerupper_,510,0.3877551020408163
367,853,filledlowerupper_,610,0.43024618991793667
420,1000,filledlowerupper_,710,0.42
477,1143,filledlowerupper_,810,0.41732283464566927
527,1293,filledlowerupper_,910,0.4075792730085073
577,1443,filledlowerupper_,1010,0.39986139986139985
629,1591,filledlowerupper_,1110,0.3953488372093023
692,1728,filledlowerupper_,1210,0.40046296296296297
750,1870,filledlowerupper_,1310,0.40106951871657753
808,2012,filledlowerupper_,1410,0.40159045725646125
867,2153,filledlowerupper_,1510,0.4026939154667905
925,2295,filledlowerupper_,1610,0.40305010893246185
981,2439,filledlowerupper_,1710,0.4022140221402214
1044,2576,filledlowerupper_,1810,0.4052795031055901
1101,2719,filledlowerupper_,1910,0.4049282824567856
1154,2866,filledlowerupper_,2010,0.4026517794836008
1203,3017,filledlowerupper_,2110,0.3987404706662247
1266,3154,filledlowerupper_,2210,0.4013950538998098
1309,3311,filledlowerupper_,2310,0.3953488372093023
1368,3452,filledlowerupper_,2410,0.3962920046349942
1415,3605,filledlowerupper_,2510,0.3925104022191401
1471,3749,filledlowerupper_,2610,0.39237129901307016
1529,3891,filledlowerupper_,2710,0.3929581084554099
1588,4032,filledlowerupper_,2810,0.39384920634920634
1643,4177,filledlowerupper_,2910,0.3933445056260474
1702,4318,filledlowerupper_,3010,0.39416396479851784
1763,4457,filledlowerupper_,3110,0.39555754992147185
1832,4588,filledlowerupper_,3210,0.3993025283347864
1894,4726,filledlowerupper_,3310,0.4007617435463394
1960,4860,filledlowerupper_,3410,0.40329218106995884
2015,5005,filledlowerupper_,3510,0.4025974025974026
2080,5140,filledlowerupper_,3610,0.4046692607003891
2140,5280,filledlowerupper_,3710,0.4053030303030303
2201,5419,filledlowerupper_,3810,0.4061634988005167
2266,5554,filledlowerupper_,3910,0.4079942383867483
2324,5696,filledlowerupper_,4010,0.4080056179775281
2398,5822,filledlowerupper_,4110,0.41188594984541393
2462,5958,filledlowerupper_,4210,0.41322591473648873
2539,6081,filledlowerupper_,4310,0.4175300115112646
2615,6205,filledlowerupper_,4410,0.42143432715551976
2699,6321,filledlowerupper_,4510,0.4269894004113273
2788,6432,filledlowerupper_,4610,0.43345771144278605
2876,6544,filledlowerupper_,4710,0.4394865525672372
2976,6644,filledlowerupper_,4810,0.44792293798916316
3076,6744,filledlowerupper_,4910,0.4561091340450771
