size intersection,size union,state,k,mean JI
3,17,filledlowerupper_,10,0.17647058823529413
34,186,filledlowerupper_,110,0.1827956989247312
77,343,filledlowerupper_,210,0.22448979591836735
111,509,filledlowerupper_,310,0.2180746561886051
145,675,filledlowerupper_,410,0.21481481481481482
180,840,filledlowerupper_,510,0.21428571428571427
227,993,filledlowerupper_,610,0.22860020140986909
269,1151,filledlowerupper_,710,0.23370981754995657
317,1303,filledlowerupper_,810,0.24328472755180353
365,1455,filledlowerupper_,910,0.2508591065292096
409,1611,filledlowerupper_,1010,0.2538795779019243
451,1769,filledlowerupper_,1110,0.25494629734313173
508,1912,filledlowerupper_,1210,0.26569037656903766
570,2050,filledlowerupper_,1310,0.2780487804878049
637,2183,filledlowerupper_,1410,0.2918002748511223
684,2336,filledlowerupper_,1510,0.2928082191780822
733,2487,filledlowerupper_,1610,0.29473260956976277
790,2630,filledlowerupper_,1710,0.30038022813688214
848,2772,filledlowerupper_,1810,0.3059163059163059
903,2917,filledlowerupper_,1910,0.30956462118615014
954,3066,filledlowerupper_,2010,0.3111545988258317
1008,3212,filledlowerupper_,2110,0.3138231631382316
1069,3351,filledlowerupper_,2210,0.31900925096985977
1119,3501,filledlowerupper_,2310,0.3196229648671808
1178,3642,filledlowerupper_,2410,0.3234486545853926
1249,3771,filledlowerupper_,2510,0.33121188013789443
1313,3907,filledlowerupper_,2610,0.33606347581264395
1380,4040,filledlowerupper_,2710,0.3415841584158416
1436,4184,filledlowerupper_,2810,0.34321223709369025
1504,4316,filledlowerupper_,2910,0.3484708063021316
1580,4440,filledlowerupper_,3010,0.35585585585585583
1655,4565,filledlowerupper_,3110,0.36254107338444685
1725,4695,filledlowerupper_,3210,0.36741214057507987
1787,4833,filledlowerupper_,3310,0.36974963790606247
1855,4965,filledlowerupper_,3410,0.37361530715005037
1923,5097,filledlowerupper_,3510,0.37728075338434375
1991,5229,filledlowerupper_,3610,0.3807611397972844
2056,5364,filledlowerupper_,3710,0.3832960477255779
2124,5496,filledlowerupper_,3810,0.3864628820960699
2194,5626,filledlowerupper_,3910,0.389975115535016
2266,5754,filledlowerupper_,4010,0.39381299965241573
2335,5885,filledlowerupper_,4110,0.3967714528462192
2408,6012,filledlowerupper_,4210,0.40053226879574183
2504,6116,filledlowerupper_,4310,0.40941792020928713
2594,6226,filledlowerupper_,4410,0.41663989720526823
2688,6332,filledlowerupper_,4510,0.4245104232469994
2790,6430,filledlowerupper_,4610,0.43390357698289267
2904,6516,filledlowerupper_,4710,0.44567219152854515
3026,6594,filledlowerupper_,4810,0.4589020321504398
3155,6665,filledlowerupper_,4910,0.47336834208552137
