size intersection,size union,state,k,mean JI
9,11,filledlowerupper_,10,0.8181818181818182
79,141,filledlowerupper_,110,0.5602836879432624
170,250,filledlowerupper_,210,0.68
239,381,filledlowerupper_,310,0.6272965879265092
326,494,filledlowerupper_,410,0.659919028340081
409,611,filledlowerupper_,510,0.6693944353518821
487,733,filledlowerupper_,610,0.6643929058663028
566,854,filledlowerupper_,710,0.6627634660421545
645,975,filledlowerupper_,810,0.6615384615384615
719,1101,filledlowerupper_,910,0.6530426884650318
790,1230,filledlowerupper_,1010,0.6422764227642277
858,1362,filledlowerupper_,1110,0.6299559471365639
933,1487,filledlowerupper_,1210,0.6274377942165433
1006,1614,filledlowerupper_,1310,0.6232961586121437
1082,1738,filledlowerupper_,1410,0.622554660529344
1153,1867,filledlowerupper_,1510,0.6175682913765399
1231,1989,filledlowerupper_,1610,0.6189039718451483
1308,2112,filledlowerupper_,1710,0.6193181818181818
1381,2239,filledlowerupper_,1810,0.6167932112550245
1458,2362,filledlowerupper_,1910,0.6172734970364098
1527,2493,filledlowerupper_,2010,0.6125150421179302
1604,2616,filledlowerupper_,2110,0.6131498470948012
1677,2743,filledlowerupper_,2210,0.6113744075829384
1759,2861,filledlowerupper_,2310,0.6148199930094372
1838,2982,filledlowerupper_,2410,0.6163648558014755
1922,3098,filledlowerupper_,2510,0.6204002582311169
2005,3215,filledlowerupper_,2610,0.6236391912908242
2076,3344,filledlowerupper_,2710,0.6208133971291866
2155,3465,filledlowerupper_,2810,0.6219336219336219
2242,3578,filledlowerupper_,2910,0.626607043040805
2338,3682,filledlowerupper_,3010,0.6349809885931559
2420,3800,filledlowerupper_,3110,0.6368421052631579
2516,3904,filledlowerupper_,3210,0.6444672131147541
2606,4014,filledlowerupper_,3310,0.6492277030393623
2703,4117,filledlowerupper_,3410,0.6565460286616468
2788,4232,filledlowerupper_,3510,0.6587901701323251
2886,4334,filledlowerupper_,3610,0.6658975542224274
2977,4443,filledlowerupper_,3710,0.6700427638982669
3069,4551,filledlowerupper_,3810,0.6743572841133817
3168,4652,filledlowerupper_,3910,0.6809974204643164
3259,4761,filledlowerupper_,4010,0.6845200588111742
3358,4862,filledlowerupper_,4110,0.690662278897573
3471,4949,filledlowerupper_,4210,0.7013538088502728
3585,5035,filledlowerupper_,4310,0.7120158887785502
3705,5115,filledlowerupper_,4410,0.7243401759530792
3827,5193,filledlowerupper_,4510,0.7369535913730021
3976,5244,filledlowerupper_,4610,0.7581998474446987
4132,5288,filledlowerupper_,4710,0.7813918305597579
4290,5330,filledlowerupper_,4810,0.8048780487804879
4459,5361,filledlowerupper_,4910,0.8317478082447305
