size intersection,size union,state,k,mean JI
1,19,filledlowerupper_,10,0.05263157894736842
49,171,filledlowerupper_,110,0.28654970760233917
115,305,filledlowerupper_,210,0.3770491803278688
188,432,filledlowerupper_,310,0.4351851851851852
256,564,filledlowerupper_,410,0.45390070921985815
336,684,filledlowerupper_,510,0.49122807017543857
397,823,filledlowerupper_,610,0.4823815309842041
460,960,filledlowerupper_,710,0.4791666666666667
517,1103,filledlowerupper_,810,0.46872166817769717
571,1249,filledlowerupper_,910,0.45716573258606885
640,1380,filledlowerupper_,1010,0.463768115942029
691,1529,filledlowerupper_,1110,0.45192936559843033
753,1667,filledlowerupper_,1210,0.4517096580683863
802,1818,filledlowerupper_,1310,0.44114411441144114
862,1958,filledlowerupper_,1410,0.4402451481103167
920,2100,filledlowerupper_,1510,0.4380952380952381
992,2228,filledlowerupper_,1610,0.4452423698384201
1055,2365,filledlowerupper_,1710,0.44608879492600423
1112,2508,filledlowerupper_,1810,0.4433811802232855
1172,2648,filledlowerupper_,1910,0.4425981873111782
1217,2803,filledlowerupper_,2010,0.4341776667855869
1256,2964,filledlowerupper_,2110,0.42375168690958165
1310,3110,filledlowerupper_,2210,0.4212218649517685
1358,3262,filledlowerupper_,2310,0.41630901287553645
1408,3412,filledlowerupper_,2410,0.4126611957796014
1459,3561,filledlowerupper_,2510,0.40971637180567255
1520,3700,filledlowerupper_,2610,0.41081081081081083
1570,3850,filledlowerupper_,2710,0.4077922077922078
1623,3997,filledlowerupper_,2810,0.4060545409056793
1692,4128,filledlowerupper_,2910,0.40988372093023256
1744,4276,filledlowerupper_,3010,0.4078578110383536
1792,4428,filledlowerupper_,3110,0.4046973803071364
1853,4567,filledlowerupper_,3210,0.4057368075322969
1906,4714,filledlowerupper_,3310,0.4043275350021213
1964,4856,filledlowerupper_,3410,0.40444810543657334
2029,4991,filledlowerupper_,3510,0.4065317571628932
2096,5124,filledlowerupper_,3610,0.4090554254488681
2152,5268,filledlowerupper_,3710,0.4085041761579347
2218,5402,filledlowerupper_,3810,0.41058867086264345
2283,5537,filledlowerupper_,3910,0.41231713924507857
2363,5657,filledlowerupper_,4010,0.4177125684992045
2431,5789,filledlowerupper_,4110,0.41993435826567627
2507,5913,filledlowerupper_,4210,0.423981058684255
2580,6040,filledlowerupper_,4310,0.4271523178807947
2665,6155,filledlowerupper_,4410,0.4329813160032494
2730,6290,filledlowerupper_,4510,0.43402225755166934
2823,6397,filledlowerupper_,4610,0.4413006096607785
2910,6510,filledlowerupper_,4710,0.4470046082949309
3008,6612,filledlowerupper_,4810,0.45493042952208107
3104,6716,filledlowerupper_,4910,0.46217986896962476
