size intersection,size union,state,k,mean JI
8,12,filledlowerupper_,10,0.6666666666666666
89,131,filledlowerupper_,110,0.6793893129770993
177,243,filledlowerupper_,210,0.7283950617283951
254,366,filledlowerupper_,310,0.6939890710382514
343,477,filledlowerupper_,410,0.7190775681341719
439,581,filledlowerupper_,510,0.7555938037865749
525,695,filledlowerupper_,610,0.7553956834532374
619,801,filledlowerupper_,710,0.7727840199750312
687,933,filledlowerupper_,810,0.7363344051446945
762,1058,filledlowerupper_,910,0.720226843100189
839,1181,filledlowerupper_,1010,0.7104149026248942
922,1298,filledlowerupper_,1110,0.7103235747303543
1009,1411,filledlowerupper_,1210,0.7150956768249468
1089,1531,filledlowerupper_,1310,0.7112998040496408
1171,1649,filledlowerupper_,1410,0.7101273499090358
1246,1774,filledlowerupper_,1510,0.7023675310033822
1336,1884,filledlowerupper_,1610,0.7091295116772823
1413,2007,filledlowerupper_,1710,0.7040358744394619
1487,2133,filledlowerupper_,1810,0.6971401781528364
1567,2253,filledlowerupper_,1910,0.6955170883266756
1655,2365,filledlowerupper_,2010,0.6997885835095138
1746,2474,filledlowerupper_,2110,0.7057396928051738
1819,2601,filledlowerupper_,2210,0.6993464052287581
1902,2718,filledlowerupper_,2310,0.6997792494481236
1983,2837,filledlowerupper_,2410,0.6989777934437786
2062,2958,filledlowerupper_,2510,0.6970926301555105
2150,3070,filledlowerupper_,2610,0.7003257328990228
2241,3179,filledlowerupper_,2710,0.704938659955961
2325,3295,filledlowerupper_,2810,0.7056145675265554
2411,3409,filledlowerupper_,2910,0.7072455265473746
2510,3510,filledlowerupper_,3010,0.7150997150997151
2599,3621,filledlowerupper_,3110,0.7177575255454295
2685,3735,filledlowerupper_,3210,0.7188755020080321
2769,3851,filledlowerupper_,3310,0.7190340171384056
2862,3958,filledlowerupper_,3410,0.7230924709449217
2953,4067,filledlowerupper_,3510,0.7260880255716744
3042,4178,filledlowerupper_,3610,0.7280995691718526
3135,4285,filledlowerupper_,3710,0.7316219369894983
3232,4388,filledlowerupper_,3810,0.7365542388331814
3342,4478,filledlowerupper_,3910,0.7463153193389906
3439,4581,filledlowerupper_,4010,0.7507094520846976
3526,4694,filledlowerupper_,4110,0.7511717085641244
3628,4792,filledlowerupper_,4210,0.7570951585976627
3738,4882,filledlowerupper_,4310,0.7656698074559607
3854,4966,filledlowerupper_,4410,0.7760773258155457
3974,5046,filledlowerupper_,4510,0.7875544986127626
4112,5108,filledlowerupper_,4610,0.8050117462803446
4256,5164,filledlowerupper_,4710,0.8241673121611154
4416,5204,filledlowerupper_,4810,0.8485780169100692
4585,5235,filledlowerupper_,4910,0.8758357211079274
