size intersection,size union,state,k,mean JI
7,13,filledlowerupper_,10,0.5384615384615384
80,140,filledlowerupper_,110,0.5714285714285714
164,256,filledlowerupper_,210,0.640625
236,384,filledlowerupper_,310,0.6145833333333334
311,509,filledlowerupper_,410,0.6110019646365422
399,621,filledlowerupper_,510,0.642512077294686
476,744,filledlowerupper_,610,0.6397849462365591
558,862,filledlowerupper_,710,0.6473317865429234
634,986,filledlowerupper_,810,0.6430020283975659
703,1117,filledlowerupper_,910,0.6293643688451208
772,1248,filledlowerupper_,1010,0.6185897435897436
843,1377,filledlowerupper_,1110,0.6122004357298475
921,1499,filledlowerupper_,1210,0.6144096064042696
991,1629,filledlowerupper_,1310,0.6083486801718846
1076,1744,filledlowerupper_,1410,0.6169724770642202
1160,1860,filledlowerupper_,1510,0.6236559139784946
1226,1994,filledlowerupper_,1610,0.6148445336008024
1292,2128,filledlowerupper_,1710,0.6071428571428571
1368,2252,filledlowerupper_,1810,0.6074600355239786
1450,2370,filledlowerupper_,1910,0.6118143459915611
1523,2497,filledlowerupper_,2010,0.6099319183019624
1599,2621,filledlowerupper_,2110,0.6100724914154902
1663,2757,filledlowerupper_,2210,0.6031918752266957
1735,2885,filledlowerupper_,2310,0.6013864818024264
1810,3010,filledlowerupper_,2410,0.6013289036544851
1898,3122,filledlowerupper_,2510,0.6079436258808456
1969,3251,filledlowerupper_,2610,0.605659796985543
2055,3365,filledlowerupper_,2710,0.6106983655274889
2131,3489,filledlowerupper_,2810,0.6107767268558326
2217,3603,filledlowerupper_,2910,0.6153205661948377
2313,3707,filledlowerupper_,3010,0.6239546803345023
2400,3820,filledlowerupper_,3110,0.6282722513089005
2486,3934,filledlowerupper_,3210,0.6319267920691408
2575,4045,filledlowerupper_,3310,0.6365883807169345
2671,4149,filledlowerupper_,3410,0.6437695830320559
2766,4254,filledlowerupper_,3510,0.6502115655853314
2863,4357,filledlowerupper_,3610,0.6571035115905439
2945,4475,filledlowerupper_,3710,0.6581005586592179
3035,4585,filledlowerupper_,3810,0.6619411123227917
3126,4694,filledlowerupper_,3910,0.6659565402641671
3231,4789,filledlowerupper_,4010,0.674671121319691
3347,4873,filledlowerupper_,4110,0.6868458854914837
3466,4954,filledlowerupper_,4210,0.6996366572466693
3578,5042,filledlowerupper_,4310,0.7096390321301072
3704,5116,filledlowerupper_,4410,0.7240031274433151
3833,5187,filledlowerupper_,4510,0.7389627915943705
3982,5238,filledlowerupper_,4610,0.7602138220694922
4120,5300,filledlowerupper_,4710,0.7773584905660378
4287,5333,filledlowerupper_,4810,0.8038627414213388
4459,5361,filledlowerupper_,4910,0.8317478082447305
