size intersection,size union,state,k,mean JI
7,13,filledlowerupper_,10,0.5384615384615384
66,154,filledlowerupper_,110,0.42857142857142855
132,288,filledlowerupper_,210,0.4583333333333333
202,418,filledlowerupper_,310,0.48325358851674644
259,561,filledlowerupper_,410,0.46167557932263814
328,692,filledlowerupper_,510,0.47398843930635837
396,824,filledlowerupper_,610,0.48058252427184467
448,972,filledlowerupper_,710,0.4609053497942387
488,1132,filledlowerupper_,810,0.43109540636042404
537,1283,filledlowerupper_,910,0.4185502727981294
594,1426,filledlowerupper_,1010,0.4165497896213184
645,1575,filledlowerupper_,1110,0.4095238095238095
690,1730,filledlowerupper_,1210,0.3988439306358382
738,1882,filledlowerupper_,1310,0.39213602550478216
786,2034,filledlowerupper_,1410,0.3864306784660767
848,2172,filledlowerupper_,1510,0.39042357274401474
890,2330,filledlowerupper_,1610,0.38197424892703863
940,2480,filledlowerupper_,1710,0.3790322580645161
982,2638,filledlowerupper_,1810,0.37225170583775585
1027,2793,filledlowerupper_,1910,0.3677049767275331
1082,2938,filledlowerupper_,2010,0.3682777399591559
1131,3089,filledlowerupper_,2110,0.36613790870831986
1174,3246,filledlowerupper_,2210,0.3616759088108441
1217,3403,filledlowerupper_,2310,0.3576256244490156
1269,3551,filledlowerupper_,2410,0.35736412278231483
1326,3694,filledlowerupper_,2510,0.35896047644829454
1375,3845,filledlowerupper_,2610,0.3576072821846554
1427,3993,filledlowerupper_,2710,0.35737540696218384
1477,4143,filledlowerupper_,2810,0.35650494810523775
1528,4292,filledlowerupper_,2910,0.3560111835973905
1587,4433,filledlowerupper_,3010,0.3579968418678096
1648,4572,filledlowerupper_,3110,0.36045494313210846
1712,4708,filledlowerupper_,3210,0.36363636363636365
1770,4850,filledlowerupper_,3310,0.3649484536082474
1831,4989,filledlowerupper_,3410,0.36700741631589495
1891,5129,filledlowerupper_,3510,0.3686878533827257
1961,5259,filledlowerupper_,3610,0.37288457881726567
2026,5394,filledlowerupper_,3710,0.37560252131998517
2091,5529,filledlowerupper_,3810,0.37818773738469885
2149,5671,filledlowerupper_,3910,0.3789455122553342
2225,5795,filledlowerupper_,4010,0.3839516824849008
2301,5919,filledlowerupper_,4110,0.38874809934110494
2376,6044,filledlowerupper_,4210,0.3931171409662475
2467,6153,filledlowerupper_,4310,0.40094262961157157
2545,6275,filledlowerupper_,4410,0.4055776892430279
2647,6373,filledlowerupper_,4510,0.4153459908991056
2723,6497,filledlowerupper_,4610,0.4191165153147607
2813,6607,filledlowerupper_,4710,0.4257605569850159
2921,6699,filledlowerupper_,4810,0.4360352291386774
3034,6786,filledlowerupper_,4910,0.44709696433834367
