size intersection,size union,state,k,mean JI
8,12,filledlowerupper_,10,0.6666666666666666
87,133,filledlowerupper_,110,0.6541353383458647
175,245,filledlowerupper_,210,0.7142857142857143
256,364,filledlowerupper_,310,0.7032967032967034
346,474,filledlowerupper_,410,0.729957805907173
429,591,filledlowerupper_,510,0.7258883248730964
520,700,filledlowerupper_,610,0.7428571428571429
611,809,filledlowerupper_,710,0.7552533992583437
695,925,filledlowerupper_,810,0.7513513513513513
776,1044,filledlowerupper_,910,0.7432950191570882
856,1164,filledlowerupper_,1010,0.7353951890034365
934,1286,filledlowerupper_,1110,0.7262830482115086
1011,1409,filledlowerupper_,1210,0.7175301632363378
1089,1531,filledlowerupper_,1310,0.7112998040496408
1172,1648,filledlowerupper_,1410,0.7111650485436893
1256,1764,filledlowerupper_,1510,0.7120181405895691
1345,1875,filledlowerupper_,1610,0.7173333333333334
1425,1995,filledlowerupper_,1710,0.7142857142857143
1502,2118,filledlowerupper_,1810,0.7091595845136922
1575,2245,filledlowerupper_,1910,0.7015590200445434
1642,2378,filledlowerupper_,2010,0.6904962153069807
1725,2495,filledlowerupper_,2110,0.6913827655310621
1803,2617,filledlowerupper_,2210,0.6889568207871609
1890,2730,filledlowerupper_,2310,0.6923076923076923
1984,2836,filledlowerupper_,2410,0.6995768688293371
2064,2956,filledlowerupper_,2510,0.6982408660351827
2150,3070,filledlowerupper_,2610,0.7003257328990228
2246,3174,filledlowerupper_,2710,0.7076244486452425
2334,3286,filledlowerupper_,2810,0.7102860620815581
2416,3404,filledlowerupper_,2910,0.7097532314923619
2497,3523,filledlowerupper_,3010,0.7087709338631848
2577,3643,filledlowerupper_,3110,0.7073840241559155
2660,3760,filledlowerupper_,3210,0.7074468085106383
2751,3869,filledlowerupper_,3310,0.7110364435254588
2841,3979,filledlowerupper_,3410,0.713998492083438
2918,4102,filledlowerupper_,3510,0.711360312042906
3021,4199,filledlowerupper_,3610,0.7194570135746606
3119,4301,filledlowerupper_,3710,0.7251801906533364
3209,4411,filledlowerupper_,3810,0.727499433235094
3295,4525,filledlowerupper_,3910,0.7281767955801105
3384,4636,filledlowerupper_,4010,0.7299396031061259
3486,4734,filledlowerupper_,4110,0.7363751584283904
3577,4843,filledlowerupper_,4210,0.7385917819533347
3687,4933,filledlowerupper_,4310,0.7474153659031015
3800,5020,filledlowerupper_,4410,0.7569721115537849
3941,5079,filledlowerupper_,4510,0.7759401456979721
4085,5135,filledlowerupper_,4610,0.7955209347614411
4216,5204,filledlowerupper_,4710,0.8101460415065335
4379,5241,filledlowerupper_,4810,0.8355275710742225
4545,5275,filledlowerupper_,4910,0.861611374407583
