size intersection,size union,state,k,mean JI
9,11,filledlowerupper_,10,0.8181818181818182
87,133,filledlowerupper_,110,0.6541353383458647
163,257,filledlowerupper_,210,0.6342412451361867
245,375,filledlowerupper_,310,0.6533333333333333
309,511,filledlowerupper_,410,0.6046966731898239
396,624,filledlowerupper_,510,0.6346153846153846
462,758,filledlowerupper_,610,0.6094986807387863
521,899,filledlowerupper_,710,0.5795328142380423
581,1039,filledlowerupper_,810,0.559191530317613
650,1170,filledlowerupper_,910,0.5555555555555556
714,1306,filledlowerupper_,1010,0.5467075038284839
770,1450,filledlowerupper_,1110,0.5310344827586206
825,1595,filledlowerupper_,1210,0.5172413793103449
871,1749,filledlowerupper_,1310,0.49799885648942255
924,1896,filledlowerupper_,1410,0.4873417721518987
1000,2020,filledlowerupper_,1510,0.49504950495049505
1062,2158,filledlowerupper_,1610,0.49212233549582945
1138,2282,filledlowerupper_,1710,0.49868536371603855
1198,2422,filledlowerupper_,1810,0.49463253509496286
1246,2574,filledlowerupper_,1910,0.4840714840714841
1285,2735,filledlowerupper_,2010,0.46983546617915906
1336,2884,filledlowerupper_,2110,0.463245492371706
1384,3036,filledlowerupper_,2210,0.45586297760210803
1429,3191,filledlowerupper_,2310,0.44782199937323725
1485,3335,filledlowerupper_,2410,0.4452773613193403
1530,3490,filledlowerupper_,2510,0.4383954154727794
1586,3634,filledlowerupper_,2610,0.4364336818932306
1640,3780,filledlowerupper_,2710,0.43386243386243384
1688,3932,filledlowerupper_,2810,0.42929806714140384
1743,4077,filledlowerupper_,2910,0.4275202354672553
1794,4226,filledlowerupper_,3010,0.4245149077141505
1860,4360,filledlowerupper_,3110,0.42660550458715596
1924,4496,filledlowerupper_,3210,0.4279359430604982
1990,4630,filledlowerupper_,3310,0.4298056155507559
2067,4753,filledlowerupper_,3410,0.4348832316431727
2140,4880,filledlowerupper_,3510,0.4385245901639344
2212,5008,filledlowerupper_,3610,0.4416932907348243
2265,5155,filledlowerupper_,3710,0.4393792434529583
2322,5298,filledlowerupper_,3810,0.43827859569648925
2382,5438,filledlowerupper_,3910,0.43802868701728576
2441,5579,filledlowerupper_,4010,0.4375336081735078
2494,5726,filledlowerupper_,4110,0.4355571079287461
2556,5864,filledlowerupper_,4210,0.4358799454297408
2627,5993,filledlowerupper_,4310,0.43834473552477893
2703,6117,filledlowerupper_,4410,0.441883276115743
2785,6235,filledlowerupper_,4510,0.4466720128307939
2872,6348,filledlowerupper_,4610,0.4524259609325772
2960,6460,filledlowerupper_,4710,0.4582043343653251
3060,6560,filledlowerupper_,4810,0.46646341463414637
3169,6651,filledlowerupper_,4910,0.47646970380393927
