size intersection,size union,state,k,mean JI
7,13,filledlowerupper_,10,0.5384615384615384
68,152,filledlowerupper_,110,0.4473684210526316
136,284,filledlowerupper_,210,0.4788732394366197
206,414,filledlowerupper_,310,0.4975845410628019
282,538,filledlowerupper_,410,0.5241635687732342
375,645,filledlowerupper_,510,0.5813953488372093
455,765,filledlowerupper_,610,0.5947712418300654
528,892,filledlowerupper_,710,0.5919282511210763
598,1022,filledlowerupper_,810,0.5851272015655578
658,1162,filledlowerupper_,910,0.5662650602409639
722,1298,filledlowerupper_,1010,0.5562403697996918
793,1427,filledlowerupper_,1110,0.5557112824106517
859,1561,filledlowerupper_,1210,0.5502882767456758
919,1701,filledlowerupper_,1310,0.540270429159318
990,1830,filledlowerupper_,1410,0.5409836065573771
1058,1962,filledlowerupper_,1510,0.5392456676860347
1126,2094,filledlowerupper_,1610,0.5377268385864374
1199,2221,filledlowerupper_,1710,0.539846915803692
1262,2358,filledlowerupper_,1810,0.5351993214588634
1329,2491,filledlowerupper_,1910,0.5335206744279406
1395,2625,filledlowerupper_,2010,0.5314285714285715
1453,2767,filledlowerupper_,2110,0.5251174557282255
1517,2903,filledlowerupper_,2210,0.5225628660006889
1575,3045,filledlowerupper_,2310,0.5172413793103449
1644,3176,filledlowerupper_,2410,0.517632241813602
1713,3307,filledlowerupper_,2510,0.5179921378893256
1785,3435,filledlowerupper_,2610,0.519650655021834
1861,3559,filledlowerupper_,2710,0.522899690924417
1936,3684,filledlowerupper_,2810,0.5255157437567861
2011,3809,filledlowerupper_,2910,0.5279600945129955
2094,3926,filledlowerupper_,3010,0.5333672949566989
2175,4045,filledlowerupper_,3110,0.5377008652657602
2243,4177,filledlowerupper_,3210,0.5369882690926502
2322,4298,filledlowerupper_,3310,0.5402512796649604
2394,4426,filledlowerupper_,3410,0.5408947130591957
2477,4543,filledlowerupper_,3510,0.5452344265903588
2559,4661,filledlowerupper_,3610,0.5490238146320532
2652,4768,filledlowerupper_,3710,0.5562080536912751
2735,4885,filledlowerupper_,3810,0.5598771750255885
2838,4982,filledlowerupper_,3910,0.569650742673625
2945,5075,filledlowerupper_,4010,0.5802955665024631
3051,5169,filledlowerupper_,4110,0.5902495647127104
3169,5251,filledlowerupper_,4210,0.6035040944581984
3292,5328,filledlowerupper_,4310,0.6178678678678678
3415,5405,filledlowerupper_,4410,0.6318223866790009
3544,5476,filledlowerupper_,4510,0.6471877282688093
3686,5534,filledlowerupper_,4610,0.6660643295988435
3833,5587,filledlowerupper_,4710,0.6860569178449973
3991,5629,filledlowerupper_,4810,0.7090069284064665
4149,5671,filledlowerupper_,4910,0.7316169987656498
