size intersection,size union,state,k,mean JI
7,13,filledlowerupper_,10,0.5384615384615384
63,157,filledlowerupper_,110,0.4012738853503185
119,301,filledlowerupper_,210,0.3953488372093023
164,456,filledlowerupper_,310,0.35964912280701755
208,612,filledlowerupper_,410,0.33986928104575165
245,775,filledlowerupper_,510,0.3161290322580645
293,927,filledlowerupper_,610,0.31607335490830635
335,1085,filledlowerupper_,710,0.3087557603686636
389,1231,filledlowerupper_,810,0.31600324939073926
437,1383,filledlowerupper_,910,0.31597975415762836
482,1538,filledlowerupper_,1010,0.31339401820546164
532,1688,filledlowerupper_,1110,0.31516587677725116
588,1832,filledlowerupper_,1210,0.32096069868995636
636,1984,filledlowerupper_,1310,0.32056451612903225
689,2131,filledlowerupper_,1410,0.32332238385734396
739,2281,filledlowerupper_,1510,0.32398071021481806
797,2423,filledlowerupper_,1610,0.3289310771770532
859,2561,filledlowerupper_,1710,0.3354158531823506
912,2708,filledlowerupper_,1810,0.33677991137370755
964,2856,filledlowerupper_,1910,0.33753501400560226
1026,2994,filledlowerupper_,2010,0.342685370741483
1091,3129,filledlowerupper_,2110,0.34867369766698625
1149,3271,filledlowerupper_,2210,0.3512687251605014
1220,3400,filledlowerupper_,2310,0.3588235294117647
1285,3535,filledlowerupper_,2410,0.3635077793493635
1345,3675,filledlowerupper_,2510,0.3659863945578231
1405,3815,filledlowerupper_,2610,0.36828309305373524
1466,3954,filledlowerupper_,2710,0.37076378351036926
1523,4097,filledlowerupper_,2810,0.3717354161581645
1581,4239,filledlowerupper_,2910,0.372965322009908
1642,4378,filledlowerupper_,3010,0.3750571037003198
1720,4500,filledlowerupper_,3110,0.38222222222222224
1802,4618,filledlowerupper_,3210,0.3902122130792551
1863,4757,filledlowerupper_,3310,0.39163338238385537
1931,4889,filledlowerupper_,3410,0.39496829617508694
1997,5023,filledlowerupper_,3510,0.3975711726060123
2077,5143,filledlowerupper_,3610,0.40384989305852614
2156,5264,filledlowerupper_,3710,0.4095744680851064
2233,5387,filledlowerupper_,3810,0.41451642843883424
2321,5499,filledlowerupper_,3910,0.4220767412256774
2417,5603,filledlowerupper_,4010,0.4313760485454221
2511,5709,filledlowerupper_,4110,0.4398318444561219
2600,5820,filledlowerupper_,4210,0.44673539518900346
2703,5917,filledlowerupper_,4310,0.4568193341220213
2804,6016,filledlowerupper_,4410,0.4660904255319149
2919,6101,filledlowerupper_,4510,0.4784461563678086
3037,6183,filledlowerupper_,4610,0.49118550865275756
3160,6260,filledlowerupper_,4710,0.5047923322683706
3296,6324,filledlowerupper_,4810,0.5211891208096142
3436,6384,filledlowerupper_,4910,0.5382205513784462
