size intersection,size union,state,k,mean JI
5,15,filledlowerupper_,10,0.3333333333333333
44,176,filledlowerupper_,110,0.25
79,341,filledlowerupper_,210,0.2316715542521994
107,513,filledlowerupper_,310,0.20857699805068225
144,676,filledlowerupper_,410,0.21301775147928995
180,840,filledlowerupper_,510,0.21428571428571427
231,989,filledlowerupper_,610,0.23356926188068755
277,1143,filledlowerupper_,710,0.24234470691163604
321,1299,filledlowerupper_,810,0.2471131639722864
376,1444,filledlowerupper_,910,0.26038781163434904
424,1596,filledlowerupper_,1010,0.2656641604010025
482,1738,filledlowerupper_,1110,0.2773302646720368
540,1880,filledlowerupper_,1210,0.2872340425531915
602,2018,filledlowerupper_,1310,0.2983151635282458
663,2157,filledlowerupper_,1410,0.30737134909596664
727,2293,filledlowerupper_,1510,0.3170518970780637
786,2434,filledlowerupper_,1610,0.3229252259654889
836,2584,filledlowerupper_,1710,0.3235294117647059
896,2724,filledlowerupper_,1810,0.328928046989721
960,2860,filledlowerupper_,1910,0.3356643356643357
1011,3009,filledlowerupper_,2010,0.33599202392821537
1064,3156,filledlowerupper_,2110,0.33713561470215464
1124,3296,filledlowerupper_,2210,0.34101941747572817
1193,3427,filledlowerupper_,2310,0.3481178873650423
1257,3563,filledlowerupper_,2410,0.3527925905136121
1322,3698,filledlowerupper_,2510,0.35749053542455383
1386,3834,filledlowerupper_,2610,0.3615023474178404
1441,3979,filledlowerupper_,2710,0.362151294295049
1504,4116,filledlowerupper_,2810,0.3654033041788144
1571,4249,filledlowerupper_,2910,0.3697340550717816
1634,4386,filledlowerupper_,3010,0.37254901960784315
1691,4529,filledlowerupper_,3110,0.3733716052108633
1753,4667,filledlowerupper_,3210,0.3756160274266124
1822,4798,filledlowerupper_,3310,0.37974155898290957
1879,4941,filledlowerupper_,3410,0.38028739121635297
1942,5078,filledlowerupper_,3510,0.3824340291453328
2009,5211,filledlowerupper_,3610,0.3855306083285358
2085,5335,filledlowerupper_,3710,0.3908153701968135
2164,5456,filledlowerupper_,3810,0.3966275659824047
2228,5592,filledlowerupper_,3910,0.39842632331902716
2304,5716,filledlowerupper_,4010,0.40307907627711687
2379,5841,filledlowerupper_,4110,0.40729327170005136
2460,5960,filledlowerupper_,4210,0.412751677852349
2537,6083,filledlowerupper_,4310,0.41706394870951835
2624,6196,filledlowerupper_,4410,0.4234990316333118
2704,6316,filledlowerupper_,4510,0.42811906269791006
2806,6414,filledlowerupper_,4610,0.4374805113813533
2919,6501,filledlowerupper_,4710,0.44900784494693124
3033,6587,filledlowerupper_,4810,0.4604524062547442
3159,6661,filledlowerupper_,4910,0.4742531151478757
