size intersection,size union,state,k,mean JI
1,19,filledlowerupper_,10,0.05263157894736842
24,196,filledlowerupper_,110,0.12244897959183673
38,382,filledlowerupper_,210,0.09947643979057591
53,567,filledlowerupper_,310,0.09347442680776014
71,749,filledlowerupper_,410,0.09479305740987984
85,935,filledlowerupper_,510,0.09090909090909091
106,1114,filledlowerupper_,610,0.09515260323159784
125,1295,filledlowerupper_,710,0.09652509652509653
145,1475,filledlowerupper_,810,0.09830508474576272
167,1653,filledlowerupper_,910,0.10102843315184513
193,1827,filledlowerupper_,1010,0.1056376573617953
226,1994,filledlowerupper_,1110,0.11334002006018054
259,2161,filledlowerupper_,1210,0.11985192040721888
301,2319,filledlowerupper_,1310,0.12979732643380767
336,2484,filledlowerupper_,1410,0.13526570048309178
366,2654,filledlowerupper_,1510,0.13790504898266767
400,2820,filledlowerupper_,1610,0.14184397163120568
432,2988,filledlowerupper_,1710,0.14457831325301204
460,3160,filledlowerupper_,1810,0.14556962025316456
486,3334,filledlowerupper_,1910,0.14577084583083383
517,3503,filledlowerupper_,2010,0.1475877819012275
542,3678,filledlowerupper_,2110,0.1473626971179989
574,3846,filledlowerupper_,2210,0.14924596983879354
605,4015,filledlowerupper_,2310,0.1506849315068493
639,4181,filledlowerupper_,2410,0.15283425017938293
663,4357,filledlowerupper_,2510,0.15216892357126463
695,4525,filledlowerupper_,2610,0.15359116022099448
723,4697,filledlowerupper_,2710,0.15392803917394082
762,4858,filledlowerupper_,2810,0.1568546727048168
803,5017,filledlowerupper_,2910,0.16005581024516644
843,5177,filledlowerupper_,3010,0.16283561908441183
888,5332,filledlowerupper_,3110,0.16654163540885222
922,5498,filledlowerupper_,3210,0.16769734448890505
953,5667,filledlowerupper_,3310,0.16816657843656255
989,5831,filledlowerupper_,3410,0.16961070142342652
1035,5985,filledlowerupper_,3510,0.17293233082706766
1064,6156,filledlowerupper_,3610,0.1728395061728395
1114,6306,filledlowerupper_,3710,0.1766571519188075
1160,6460,filledlowerupper_,3810,0.17956656346749225
1199,6621,filledlowerupper_,3910,0.18109046971756532
1256,6764,filledlowerupper_,4010,0.1856889414547605
1294,6926,filledlowerupper_,4110,0.1868322263933006
1345,7075,filledlowerupper_,4210,0.19010600706713782
1392,7228,filledlowerupper_,4310,0.19258439402324296
1438,7382,filledlowerupper_,4410,0.1947981576808453
1494,7526,filledlowerupper_,4510,0.19851182567100717
1546,7674,filledlowerupper_,4610,0.20145947354704197
1597,7823,filledlowerupper_,4710,0.20414163364438195
1669,7951,filledlowerupper_,4810,0.20991070305621934
1741,8079,filledlowerupper_,4910,0.21549696744646615
