size intersection,size union,state,k,mean JI
6,14,filledlowerupper_,10,0.42857142857142855
77,143,filledlowerupper_,110,0.5384615384615384
169,251,filledlowerupper_,210,0.6733067729083665
245,375,filledlowerupper_,310,0.6533333333333333
325,495,filledlowerupper_,410,0.6565656565656566
408,612,filledlowerupper_,510,0.6666666666666666
493,727,filledlowerupper_,610,0.6781292984869326
576,844,filledlowerupper_,710,0.6824644549763034
653,967,filledlowerupper_,810,0.6752843846949328
728,1092,filledlowerupper_,910,0.6666666666666666
815,1205,filledlowerupper_,1010,0.6763485477178424
881,1339,filledlowerupper_,1110,0.6579536967886482
955,1465,filledlowerupper_,1210,0.6518771331058021
1026,1594,filledlowerupper_,1310,0.64366373902133
1099,1721,filledlowerupper_,1410,0.6385822196397444
1174,1846,filledlowerupper_,1510,0.6359696641386782
1251,1969,filledlowerupper_,1610,0.6353478923311325
1331,2089,filledlowerupper_,1710,0.6371469602680708
1418,2202,filledlowerupper_,1810,0.6439600363306085
1501,2319,filledlowerupper_,1910,0.6472617507546357
1578,2442,filledlowerupper_,2010,0.6461916461916462
1651,2569,filledlowerupper_,2110,0.6426625145971195
1718,2702,filledlowerupper_,2210,0.6358253145817913
1792,2828,filledlowerupper_,2310,0.6336633663366337
1865,2955,filledlowerupper_,2410,0.6311336717428088
1946,3074,filledlowerupper_,2510,0.6330513988288874
2027,3193,filledlowerupper_,2610,0.6348261822737238
2117,3303,filledlowerupper_,2710,0.6409324856191341
2201,3419,filledlowerupper_,2810,0.6437554840596665
2298,3522,filledlowerupper_,2910,0.6524701873935264
2384,3636,filledlowerupper_,3010,0.6556655665566556
2455,3765,filledlowerupper_,3110,0.6520584329349269
2548,3872,filledlowerupper_,3210,0.6580578512396694
2637,3983,filledlowerupper_,3310,0.6620637710268642
2721,4099,filledlowerupper_,3410,0.6638204440107344
2810,4210,filledlowerupper_,3510,0.667458432304038
2902,4318,filledlowerupper_,3610,0.6720704029643353
3003,4417,filledlowerupper_,3710,0.6798732171156894
3102,4518,filledlowerupper_,3810,0.6865869853917662
3214,4606,filledlowerupper_,3910,0.6977854971775944
3323,4697,filledlowerupper_,4010,0.7074728550138386
3415,4805,filledlowerupper_,4110,0.7107180020811654
3522,4898,filledlowerupper_,4210,0.7190690077582687
3631,4989,filledlowerupper_,4310,0.7278011625576267
3759,5061,filledlowerupper_,4410,0.7427385892116183
3893,5127,filledlowerupper_,4510,0.7593134386580846
4030,5190,filledlowerupper_,4610,0.7764932562620424
4183,5237,filledlowerupper_,4710,0.7987397364903571
4336,5284,filledlowerupper_,4810,0.8205904617713853
4507,5313,filledlowerupper_,4910,0.8482966309053266
