size intersection,size union,state,k,mean JI
4,16,filled01_filled02_filled12_,10,0.4484126984126984
9,31,filled01_filled02_filled12_,20,0.4191185158927094
18,42,filled01_filled02_filled12_,30,0.4523809523809524
26,54,filled01_filled02_filled12_,40,0.5120089786756453
35,65,filled01_filled02_filled12_,50,0.5394334797319872
38,82,filled01_filled02_filled12_,60,0.5267659170098195
44,96,filled01_filled02_filled12_,70,0.5232761932200134
49,111,filled01_filled02_filled12_,80,0.5069756533622546
56,124,filled01_filled02_filled12_,90,0.5352942918925324
65,135,filled01_filled02_filled12_,100,0.5553043829617618
71,149,filled01_filled02_filled12_,110,0.5324373573755418
81,159,filled01_filled02_filled12_,120,0.5542345136555528
86,174,filled01_filled02_filled12_,130,0.549980278535564
90,190,filled01_filled02_filled12_,140,0.5356558437855078
94,206,filled01_filled02_filled12_,150,0.525977433744424
102,218,filled01_filled02_filled12_,160,0.5260925090340939
112,228,filled01_filled02_filled12_,170,0.539667911054123
121,239,filled01_filled02_filled12_,180,0.5552301013649239
126,254,filled01_filled02_filled12_,190,0.5547015589616647
137,263,filled01_filled02_filled12_,200,0.559110926997184
142,278,filled01_filled02_filled12_,210,0.5507687801608391
150,290,filled01_filled02_filled12_,220,0.5481817743857454
156,304,filled01_filled02_filled12_,230,0.5460622432667597
165,315,filled01_filled02_filled12_,240,0.5488098260375488
170,330,filled01_filled02_filled12_,250,0.5340139196846514
175,345,filled01_filled02_filled12_,260,0.5328127077565222
181,359,filled01_filled02_filled12_,270,0.5361831234050377
187,373,filled01_filled02_filled12_,280,0.5362069219271203
193,387,filled01_filled02_filled12_,290,0.5337035854437803
205,395,filled01_filled02_filled12_,300,0.5456337246572328
211,409,filled01_filled02_filled12_,310,0.5416372310800116
216,424,filled01_filled02_filled12_,320,0.5365327219588768
226,434,filled01_filled02_filled12_,330,0.5424874911292568
231,449,filled01_filled02_filled12_,340,0.5424678316893575
236,464,filled01_filled02_filled12_,350,0.5426380200134153
247,473,filled01_filled02_filled12_,360,0.5501001073857107
257,483,filled01_filled02_filled12_,370,0.5496665165870751
263,497,filled01_filled02_filled12_,380,0.5515748398100331
268,512,filled01_filled02_filled12_,390,0.5481495692104242
277,523,filled01_filled02_filled12_,400,0.5476337997829694
288,532,filled01_filled02_filled12_,410,0.5502767536567341
296,544,filled01_filled02_filled12_,420,0.5519172107311666
304,556,filled01_filled02_filled12_,430,0.5515629804852905
309,571,filled01_filled02_filled12_,440,0.5503907316618061
315,585,filled01_filled02_filled12_,450,0.5519131884916497
324,596,filled01_filled02_filled12_,460,0.5516673637732267
332,608,filled01_filled02_filled12_,470,0.5539954340539612
338,622,filled01_filled02_filled12_,480,0.5512064600604313
345,635,filled01_filled02_filled12_,490,0.5543591106564807
354,646,filled01_filled02_filled12_,500,0.5564654305882483
359,661,filled01_filled02_filled12_,510,0.5537123064014107
363,677,filled01_filled02_filled12_,520,0.5488272030998248
375,685,filled01_filled02_filled12_,530,0.5507856184185768
382,698,filled01_filled02_filled12_,540,0.554166140201429
389,711,filled01_filled02_filled12_,550,0.5509422813822723
397,723,filled01_filled02_filled12_,560,0.5513320243610701
403,737,filled01_filled02_filled12_,570,0.5503793154428864
407,753,filled01_filled02_filled12_,580,0.5523354263946041
414,766,filled01_filled02_filled12_,590,0.5520703135198541
424,776,filled01_filled02_filled12_,600,0.5578839618710689
433,787,filled01_filled02_filled12_,610,0.5622304317601761
439,801,filled01_filled02_filled12_,620,0.5645206433854533
447,813,filled01_filled02_filled12_,630,0.5673542930089659
458,822,filled01_filled02_filled12_,640,0.5720519074022583
464,836,filled01_filled02_filled12_,650,0.5708999233988178
470,850,filled01_filled02_filled12_,660,0.5678875300531442
479,861,filled01_filled02_filled12_,670,0.569902493044864
485,875,filled01_filled02_filled12_,680,0.5718490356536354
493,887,filled01_filled02_filled12_,690,0.575591787521559
497,903,filled01_filled02_filled12_,700,0.5751071186751413
506,914,filled01_filled02_filled12_,710,0.5769139350294087
515,925,filled01_filled02_filled12_,720,0.5857172890880756
523,937,filled01_filled02_filled12_,730,0.5873178852283044
530,950,filled01_filled02_filled12_,740,0.5883213897569419
536,964,filled01_filled02_filled12_,750,0.5865463485197077
544,976,filled01_filled02_filled12_,760,0.5875460258213784
551,989,filled01_filled02_filled12_,770,0.5879794897868855
555,1005,filled01_filled02_filled12_,780,0.5830269777782932
563,1017,filled01_filled02_filled12_,790,0.5813209209296252
574,1026,filled01_filled02_filled12_,800,0.5832985301432538
578,1042,filled01_filled02_filled12_,810,0.5796594827993272
582,1058,filled01_filled02_filled12_,820,0.575104110051965
589,1071,filled01_filled02_filled12_,830,0.5777017495890514
597,1083,filled01_filled02_filled12_,840,0.5786973687825503
605,1095,filled01_filled02_filled12_,850,0.5831696142163544
612,1108,filled01_filled02_filled12_,860,0.583625390955867
621,1119,filled01_filled02_filled12_,870,0.584017671624694
632,1128,filled01_filled02_filled12_,880,0.5906684332216248
642,1138,filled01_filled02_filled12_,890,0.5933496924450813
650,1150,filled01_filled02_filled12_,900,0.5936515773538122
656,1164,filled01_filled02_filled12_,910,0.5911534702693186
661,1179,filled01_filled02_filled12_,920,0.5915525458787979
668,1192,filled01_filled02_filled12_,930,0.5928114312530536
676,1204,filled01_filled02_filled12_,940,0.5921861872031847
680,1220,filled01_filled02_filled12_,950,0.5907679612519169
687,1233,filled01_filled02_filled12_,960,0.588417880329343
696,1244,filled01_filled02_filled12_,970,0.5891717821193242
704,1256,filled01_filled02_filled12_,980,0.590799698670125
712,1268,filled01_filled02_filled12_,990,0.5910896937063653
722,1278,filled01_filled02_filled12_,1000,0.5904665916473025
728,1292,filled01_filled02_filled12_,1010,0.5920842033672008
735,1305,filled01_filled02_filled12_,1020,0.5919555373828237
742,1318,filled01_filled02_filled12_,1030,0.5930809592637406
749,1331,filled01_filled02_filled12_,1040,0.5933632097771787
756,1344,filled01_filled02_filled12_,1050,0.5940605368780448
765,1355,filled01_filled02_filled12_,1060,0.59511367288184
776,1364,filled01_filled02_filled12_,1070,0.5973297597799564
783,1377,filled01_filled02_filled12_,1080,0.5971558069759334
793,1387,filled01_filled02_filled12_,1090,0.5989343735497498
798,1402,filled01_filled02_filled12_,1100,0.5976264145114047
804,1416,filled01_filled02_filled12_,1110,0.5994579349498731
815,1425,filled01_filled02_filled12_,1120,0.6003547826455947
821,1439,filled01_filled02_filled12_,1130,0.599757084607771
832,1448,filled01_filled02_filled12_,1140,0.5998802849321193
838,1462,filled01_filled02_filled12_,1150,0.6008553671661012
846,1474,filled01_filled02_filled12_,1160,0.6006291295008328
852,1488,filled01_filled02_filled12_,1170,0.5997411185445233
854,1506,filled01_filled02_filled12_,1180,0.5963432252009288
861,1519,filled01_filled02_filled12_,1190,0.5976695764538374
866,1534,filled01_filled02_filled12_,1200,0.5957420525437621
869,1551,filled01_filled02_filled12_,1210,0.5924597515794093
878,1562,filled01_filled02_filled12_,1220,0.5951544822162594
884,1576,filled01_filled02_filled12_,1230,0.5964427576641483
896,1584,filled01_filled02_filled12_,1240,0.5982908354160358
903,1597,filled01_filled02_filled12_,1250,0.5977908609171106
911,1609,filled01_filled02_filled12_,1260,0.5969475988969205
918,1622,filled01_filled02_filled12_,1270,0.5975021630791142
927,1633,filled01_filled02_filled12_,1280,0.5993516459053523
935,1645,filled01_filled02_filled12_,1290,0.5985107204349701
945,1655,filled01_filled02_filled12_,1300,0.5999734199420155
949,1671,filled01_filled02_filled12_,1310,0.5982078279693672
957,1683,filled01_filled02_filled12_,1320,0.6006872082502344
965,1695,filled01_filled02_filled12_,1330,0.6005236973636304
974,1706,filled01_filled02_filled12_,1340,0.6003232590495706
984,1716,filled01_filled02_filled12_,1350,0.6004335751885423
989,1731,filled01_filled02_filled12_,1360,0.5996940105175753
1000,1740,filled01_filled02_filled12_,1370,0.6010862354719534
1009,1751,filled01_filled02_filled12_,1380,0.6015437989515627
1018,1762,filled01_filled02_filled12_,1390,0.6016915909081514
1029,1771,filled01_filled02_filled12_,1400,0.6030268323164064
1037,1783,filled01_filled02_filled12_,1410,0.6031318508847788
1044,1796,filled01_filled02_filled12_,1420,0.601722375186727
1049,1811,filled01_filled02_filled12_,1430,0.6009866456401869
1054,1826,filled01_filled02_filled12_,1440,0.5984734945951072
1061,1839,filled01_filled02_filled12_,1450,0.596841815956486
1067,1853,filled01_filled02_filled12_,1460,0.5970207080448092
1075,1865,filled01_filled02_filled12_,1470,0.5965998556243443
1082,1878,filled01_filled02_filled12_,1480,0.5967617598909511
1088,1892,filled01_filled02_filled12_,1490,0.5952161679917393
1094,1906,filled01_filled02_filled12_,1500,0.5934035465690505
1099,1921,filled01_filled02_filled12_,1510,0.5913367601997627
1107,1933,filled01_filled02_filled12_,1520,0.5898310893678057
1117,1943,filled01_filled02_filled12_,1530,0.591406389243602
1127,1953,filled01_filled02_filled12_,1540,0.5926757858573055
1133,1967,filled01_filled02_filled12_,1550,0.5934353901788301
1138,1982,filled01_filled02_filled12_,1560,0.5936370248533757
1143,1997,filled01_filled02_filled12_,1570,0.5922012174511235
1151,2009,filled01_filled02_filled12_,1580,0.5926584820236586
1158,2022,filled01_filled02_filled12_,1590,0.5933739637637577
1163,2037,filled01_filled02_filled12_,1600,0.5919602267377856
1168,2052,filled01_filled02_filled12_,1610,0.5913816527851615
1176,2064,filled01_filled02_filled12_,1620,0.5931367224092235
1184,2076,filled01_filled02_filled12_,1630,0.5938337550924803
1187,2093,filled01_filled02_filled12_,1640,0.5937898847174492
1192,2108,filled01_filled02_filled12_,1650,0.5924240867100747
1198,2122,filled01_filled02_filled12_,1660,0.5913055170481057
1206,2134,filled01_filled02_filled12_,1670,0.5914919173677718
1211,2149,filled01_filled02_filled12_,1680,0.5891616985042748
1217,2163,filled01_filled02_filled12_,1690,0.5898793257902827
1221,2179,filled01_filled02_filled12_,1700,0.5883443164525931
1230,2190,filled01_filled02_filled12_,1710,0.590019270883409
1238,2202,filled01_filled02_filled12_,1720,0.5896914542388921
1246,2214,filled01_filled02_filled12_,1730,0.5886515768942923
1255,2225,filled01_filled02_filled12_,1740,0.5893375402096653
1260,2240,filled01_filled02_filled12_,1750,0.5885526371623407
1268,2252,filled01_filled02_filled12_,1760,0.58775643046132
1272,2268,filled01_filled02_filled12_,1770,0.5865414434866024
1278,2282,filled01_filled02_filled12_,1780,0.5845987041919917
1287,2293,filled01_filled02_filled12_,1790,0.5859694759002464
1293,2307,filled01_filled02_filled12_,1800,0.5847653241122175
1301,2319,filled01_filled02_filled12_,1810,0.5842632602553787
1310,2330,filled01_filled02_filled12_,1820,0.5844415893892877
1319,2341,filled01_filled02_filled12_,1830,0.5846191805157019
1325,2355,filled01_filled02_filled12_,1840,0.5834511619017494
1335,2365,filled01_filled02_filled12_,1850,0.5829392173616185
1341,2379,filled01_filled02_filled12_,1860,0.581782872828558
1350,2390,filled01_filled02_filled12_,1870,0.5826599454364274
1359,2401,filled01_filled02_filled12_,1880,0.5819608267917418
1366,2414,filled01_filled02_filled12_,1890,0.5812914309497824
1377,2423,filled01_filled02_filled12_,1900,0.5821385817184442
1383,2437,filled01_filled02_filled12_,1910,0.5814583119085426
1391,2449,filled01_filled02_filled12_,1920,0.5810094606475897
1398,2462,filled01_filled02_filled12_,1930,0.5801207787670163
1406,2474,filled01_filled02_filled12_,1940,0.5790231885951113
1412,2488,filled01_filled02_filled12_,1950,0.5775252855001105
1420,2500,filled01_filled02_filled12_,1960,0.578592708744699
1427,2513,filled01_filled02_filled12_,1970,0.5790056395913759
1437,2523,filled01_filled02_filled12_,1980,0.5800490957887049
1445,2535,filled01_filled02_filled12_,1990,0.5798285792422482
1453,2547,filled01_filled02_filled12_,2000,0.5794031527207102
1462,2558,filled01_filled02_filled12_,2010,0.5793968039014404
1469,2571,filled01_filled02_filled12_,2020,0.5791886076268277
1480,2580,filled01_filled02_filled12_,2030,0.5789723236046797
1486,2594,filled01_filled02_filled12_,2040,0.5785632108352693
1496,2604,filled01_filled02_filled12_,2050,0.5797773915039861
1503,2617,filled01_filled02_filled12_,2060,0.5795690427847418
1509,2631,filled01_filled02_filled12_,2070,0.5795637316491732
1516,2644,filled01_filled02_filled12_,2080,0.5797622141228839
1527,2653,filled01_filled02_filled12_,2090,0.5819486299798206
1534,2666,filled01_filled02_filled12_,2100,0.5809388214594278
1540,2680,filled01_filled02_filled12_,2110,0.5811317477695492
1552,2688,filled01_filled02_filled12_,2120,0.5826934902997546
1559,2701,filled01_filled02_filled12_,2130,0.5826743791293266
1563,2717,filled01_filled02_filled12_,2140,0.5816851787881226
1569,2731,filled01_filled02_filled12_,2150,0.5807020580757615
1576,2744,filled01_filled02_filled12_,2160,0.5806950871820695
1582,2758,filled01_filled02_filled12_,2170,0.5804980079721501
1589,2771,filled01_filled02_filled12_,2180,0.5810702406730542
1598,2782,filled01_filled02_filled12_,2190,0.5814361860318362
1600,2800,filled01_filled02_filled12_,2200,0.579917906575833
1603,2817,filled01_filled02_filled12_,2210,0.5782265219299325
1612,2828,filled01_filled02_filled12_,2220,0.5791627719950477
1620,2840,filled01_filled02_filled12_,2230,0.5791582461052149
1626,2854,filled01_filled02_filled12_,2240,0.579347975737256
1635,2865,filled01_filled02_filled12_,2250,0.5800850643309804
1639,2881,filled01_filled02_filled12_,2260,0.5786097314931125
1643,2897,filled01_filled02_filled12_,2270,0.5777030917512115
1651,2909,filled01_filled02_filled12_,2280,0.5777060075774875
1655,2925,filled01_filled02_filled12_,2290,0.5766294454773572
1662,2938,filled01_filled02_filled12_,2300,0.576277851008452
1672,2948,filled01_filled02_filled12_,2310,0.5777249840138606
1679,2961,filled01_filled02_filled12_,2320,0.5775510426020085
1689,2971,filled01_filled02_filled12_,2330,0.5791619872876757
1699,2981,filled01_filled02_filled12_,2340,0.5795112505143248
1706,2994,filled01_filled02_filled12_,2350,0.5793357547797834
1714,3006,filled01_filled02_filled12_,2360,0.5796863503890092
1720,3020,filled01_filled02_filled12_,2370,0.5791570565572398
1725,3035,filled01_filled02_filled12_,2380,0.5795149511832156
1732,3048,filled01_filled02_filled12_,2390,0.5791614640671806
1737,3063,filled01_filled02_filled12_,2400,0.5789947226805837
1750,3070,filled01_filled02_filled12_,2410,0.5798452627295664
1755,3085,filled01_filled02_filled12_,2420,0.5798517581451609
1763,3097,filled01_filled02_filled12_,2430,0.5800140902303051
1771,3109,filled01_filled02_filled12_,2440,0.5798327402693629
1778,3122,filled01_filled02_filled12_,2450,0.5794882088060068
1789,3131,filled01_filled02_filled12_,2460,0.5813471394342309
1797,3143,filled01_filled02_filled12_,2470,0.581335421380821
1805,3155,filled01_filled02_filled12_,2480,0.5811548535567218
1814,3166,filled01_filled02_filled12_,2490,0.5818143824725642
1823,3177,filled01_filled02_filled12_,2500,0.5821339606415799
1832,3188,filled01_filled02_filled12_,2510,0.5826179186642736
1839,3201,filled01_filled02_filled12_,2520,0.5829371014292914
1846,3214,filled01_filled02_filled12_,2530,0.582590252520315
1856,3224,filled01_filled02_filled12_,2540,0.5833954811216202
1862,3238,filled01_filled02_filled12_,2550,0.5828873548680238
1870,3250,filled01_filled02_filled12_,2560,0.5822159349799255
1877,3263,filled01_filled02_filled12_,2570,0.5823676266015547
1886,3274,filled01_filled02_filled12_,2580,0.5825141662508481
1893,3287,filled01_filled02_filled12_,2590,0.5826612303011977
1905,3295,filled01_filled02_filled12_,2600,0.5832828595856058
1907,3313,filled01_filled02_filled12_,2610,0.5821515704053967
1913,3327,filled01_filled02_filled12_,2620,0.5819834106299012
1921,3339,filled01_filled02_filled12_,2630,0.5819697447398076
1929,3351,filled01_filled02_filled12_,2640,0.5824327475496166
1936,3364,filled01_filled02_filled12_,2650,0.5825783892465162
1947,3373,filled01_filled02_filled12_,2660,0.5842923380754738
1957,3383,filled01_filled02_filled12_,2670,0.5844242778065663
1963,3397,filled01_filled02_filled12_,2680,0.584249932276582
1970,3410,filled01_filled02_filled12_,2690,0.5840746172072014
1978,3422,filled01_filled02_filled12_,2700,0.5840548566416381
1985,3435,filled01_filled02_filled12_,2710,0.5838810568198851
1991,3449,filled01_filled02_filled12_,2720,0.5821698604040177
1998,3462,filled01_filled02_filled12_,2730,0.5826190544895335
2005,3475,filled01_filled02_filled12_,2740,0.5829112188621831
2014,3486,filled01_filled02_filled12_,2750,0.5838089256981213
2023,3497,filled01_filled02_filled12_,2760,0.5845492987898758
2032,3508,filled01_filled02_filled12_,2770,0.5854366663086815
2041,3519,filled01_filled02_filled12_,2780,0.5864694161979634
2046,3534,filled01_filled02_filled12_,2790,0.5850891138898174
2056,3544,filled01_filled02_filled12_,2800,0.5856637948547355
2066,3554,filled01_filled02_filled12_,2810,0.5856360609725056
2073,3567,filled01_filled02_filled12_,2820,0.5854633058207585
2080,3580,filled01_filled02_filled12_,2830,0.585143903772419
2089,3591,filled01_filled02_filled12_,2840,0.5854165353944953
2100,3600,filled01_filled02_filled12_,2850,0.586421063397487
2110,3610,filled01_filled02_filled12_,2860,0.587421852534246
2114,3626,filled01_filled02_filled12_,2870,0.586955438389858
2121,3639,filled01_filled02_filled12_,2880,0.5869279027699201
2127,3653,filled01_filled02_filled12_,2890,0.5861738968342108
2132,3668,filled01_filled02_filled12_,2900,0.5861517151554431
2139,3681,filled01_filled02_filled12_,2910,0.5856940420899821
2146,3694,filled01_filled02_filled12_,2920,0.5859593739112614
2158,3702,filled01_filled02_filled12_,2930,0.5863602805077307
2167,3713,filled01_filled02_filled12_,2940,0.5869051759124516
2173,3727,filled01_filled02_filled12_,2950,0.5858820220123937
2181,3739,filled01_filled02_filled12_,2960,0.5862837736650848
2192,3748,filled01_filled02_filled12_,2970,0.5878135418043854
2198,3762,filled01_filled02_filled12_,2980,0.5867976878450186
2206,3774,filled01_filled02_filled12_,2990,0.5864893288699046
2210,3790,filled01_filled02_filled12_,3000,0.5861856392577929
2219,3801,filled01_filled02_filled12_,3010,0.5860210033917399
2225,3815,filled01_filled02_filled12_,3020,0.5855810502602816
2236,3824,filled01_filled02_filled12_,3030,0.5865269133985431
2242,3838,filled01_filled02_filled12_,3040,0.5867790433549348
2252,3848,filled01_filled02_filled12_,3050,0.5870273029307832
2261,3859,filled01_filled02_filled12_,3060,0.5870001912058966
2273,3867,filled01_filled02_filled12_,3070,0.5872470413254645
2283,3877,filled01_filled02_filled12_,3080,0.5877657173752073
2290,3890,filled01_filled02_filled12_,3090,0.5877372978195016
2299,3901,filled01_filled02_filled12_,3100,0.5877091771815235
2308,3912,filled01_filled02_filled12_,3110,0.5878165879792286
2318,3922,filled01_filled02_filled12_,3120,0.5883274203011626
2327,3933,filled01_filled02_filled12_,3130,0.5885667211506281
2335,3945,filled01_filled02_filled12_,3140,0.5892051991259395
2344,3956,filled01_filled02_filled12_,3150,0.5890403569228195
2354,3966,filled01_filled02_filled12_,3160,0.5896756178398562
2359,3981,filled01_filled02_filled12_,3170,0.5891092071775468
2369,3991,filled01_filled02_filled12_,3180,0.5898719093601038
2376,4004,filled01_filled02_filled12_,3190,0.5899690854511621
2381,4019,filled01_filled02_filled12_,3200,0.5898010381251217
2391,4029,filled01_filled02_filled12_,3210,0.5904244162765889
2399,4041,filled01_filled02_filled12_,3220,0.5902590185263265
2409,4051,filled01_filled02_filled12_,3230,0.5904878950807516
2420,4060,filled01_filled02_filled12_,3240,0.5920142738620292
2428,4072,filled01_filled02_filled12_,3250,0.591327885419758
2433,4087,filled01_filled02_filled12_,3260,0.5907712126827563
2438,4102,filled01_filled02_filled12_,3270,0.59008943839383
2447,4113,filled01_filled02_filled12_,3280,0.5901884856334352
2456,4124,filled01_filled02_filled12_,3290,0.5900260846139642
2463,4137,filled01_filled02_filled12_,3300,0.5902449369233606
2471,4149,filled01_filled02_filled12_,3310,0.5899576221047712
2477,4163,filled01_filled02_filled12_,3320,0.5899233919888339
2485,4175,filled01_filled02_filled12_,3330,0.5898893101985424
2495,4185,filled01_filled02_filled12_,3340,0.5907391807174579
2506,4194,filled01_filled02_filled12_,3350,0.5922156410943457
2516,4204,filled01_filled02_filled12_,3360,0.5921817637437828
2521,4219,filled01_filled02_filled12_,3370,0.5917652037323973
2529,4231,filled01_filled02_filled12_,3380,0.5916028943578565
2540,4240,filled01_filled02_filled12_,3390,0.5918195448236979
2552,4248,filled01_filled02_filled12_,3400,0.5925328246339151
2559,4261,filled01_filled02_filled12_,3410,0.5927404888012949
2569,4271,filled01_filled02_filled12_,3420,0.5929508221862844
2578,4282,filled01_filled02_filled12_,3430,0.5930331833594383
2584,4296,filled01_filled02_filled12_,3440,0.5922539196038344
2588,4312,filled01_filled02_filled12_,3450,0.5917196592936351
2598,4322,filled01_filled02_filled12_,3460,0.5927793601056338
2606,4334,filled01_filled02_filled12_,3470,0.5922558311582538
2612,4348,filled01_filled02_filled12_,3480,0.5914906885040047
2620,4360,filled01_filled02_filled12_,3490,0.5914555327291144
2626,4374,filled01_filled02_filled12_,3500,0.5917764376829086
2632,4388,filled01_filled02_filled12_,3510,0.5914975609255749
2641,4399,filled01_filled02_filled12_,3520,0.5908689853930037
2648,4412,filled01_filled02_filled12_,3530,0.5904778230708246
2652,4428,filled01_filled02_filled12_,3540,0.5897278587282829
2659,4441,filled01_filled02_filled12_,3550,0.5894608371968596
2665,4455,filled01_filled02_filled12_,3560,0.5893115895034385
2673,4467,filled01_filled02_filled12_,3570,0.5891672183879577
2682,4478,filled01_filled02_filled12_,3580,0.5892602294347614
2694,4486,filled01_filled02_filled12_,3590,0.589822758953468
2704,4496,filled01_filled02_filled12_,3600,0.5906122802702845
2712,4508,filled01_filled02_filled12_,3610,0.5902331136043785
2717,4523,filled01_filled02_filled12_,3620,0.5899641633778753
2729,4531,filled01_filled02_filled12_,3630,0.5907519515810035
2738,4542,filled01_filled02_filled12_,3640,0.5911832830349439
2743,4557,filled01_filled02_filled12_,3650,0.5910288706534809
2751,4569,filled01_filled02_filled12_,3660,0.5908826620318247
2757,4583,filled01_filled02_filled12_,3670,0.5902761704341762
2762,4598,filled01_filled02_filled12_,3680,0.5901257546597111
2770,4610,filled01_filled02_filled12_,3690,0.589756520515393
2779,4621,filled01_filled02_filled12_,3700,0.5900702084865054
2787,4633,filled01_filled02_filled12_,3710,0.5900418283218617
2793,4647,filled01_filled02_filled12_,3720,0.5897835513034121
2799,4661,filled01_filled02_filled12_,3730,0.5897508741270182
2811,4669,filled01_filled02_filled12_,3740,0.5907398091069495
2823,4677,filled01_filled02_filled12_,3750,0.5915014157804942
2831,4689,filled01_filled02_filled12_,3760,0.5919151621630293
2838,4702,filled01_filled02_filled12_,3770,0.5913238883888176
2846,4714,filled01_filled02_filled12_,3780,0.5914033693308568
2853,4727,filled01_filled02_filled12_,3790,0.5920328682738839
2861,4739,filled01_filled02_filled12_,3800,0.5931045325936181
2871,4749,filled01_filled02_filled12_,3810,0.5936243452871733
2881,4759,filled01_filled02_filled12_,3820,0.5935915587057415
2891,4769,filled01_filled02_filled12_,3830,0.5934501190333709
2904,4776,filled01_filled02_filled12_,3840,0.5940839724525498
2913,4787,filled01_filled02_filled12_,3850,0.5939400361040227
2920,4800,filled01_filled02_filled12_,3860,0.5942258617910646
2932,4808,filled01_filled02_filled12_,3870,0.5948502979527066
2943,4817,filled01_filled02_filled12_,3880,0.5947125309252059
2952,4828,filled01_filled02_filled12_,3890,0.595108158281945
2957,4843,filled01_filled02_filled12_,3900,0.594305308421592
2965,4855,filled01_filled02_filled12_,3910,0.5950188580509561
2972,4868,filled01_filled02_filled12_,3920,0.5949773225078704
2974,4886,filled01_filled02_filled12_,3930,0.5943849619835788
2981,4899,filled01_filled02_filled12_,3940,0.5938120524857424
2988,4912,filled01_filled02_filled12_,3950,0.5935607697996974
2994,4926,filled01_filled02_filled12_,3960,0.5936268145764375
2998,4942,filled01_filled02_filled12_,3970,0.5930514500988713
3009,4951,filled01_filled02_filled12_,3980,0.5939744034557711
3016,4964,filled01_filled02_filled12_,3990,0.5943550481887886
3025,4975,filled01_filled02_filled12_,4000,0.5947413830620322
3032,4988,filled01_filled02_filled12_,4010,0.595119796100064
3044,4996,filled01_filled02_filled12_,4020,0.5961369103373898
3046,5014,filled01_filled02_filled12_,4030,0.5959762179735243
3054,5026,filled01_filled02_filled12_,4040,0.5960395086377646
3061,5039,filled01_filled02_filled12_,4050,0.5958922920128392
3069,5051,filled01_filled02_filled12_,4060,0.5966833814188061
3079,5061,filled01_filled02_filled12_,4070,0.5972667470095713
3086,5074,filled01_filled02_filled12_,4080,0.5970143698961312
3093,5087,filled01_filled02_filled12_,4090,0.5972785771066401
3103,5097,filled01_filled02_filled12_,4100,0.5971348503588688
3116,5104,filled01_filled02_filled12_,4110,0.5978222653775896
3125,5115,filled01_filled02_filled12_,4120,0.5982919681744621
3131,5129,filled01_filled02_filled12_,4130,0.5982412228770085
3141,5139,filled01_filled02_filled12_,4140,0.5990167251539346
3150,5150,filled01_filled02_filled12_,4150,0.599175141867038
3154,5166,filled01_filled02_filled12_,4160,0.5986097098278654
3160,5180,filled01_filled02_filled12_,4170,0.5981534203467186
3167,5193,filled01_filled02_filled12_,4180,0.5982071488198045
3176,5204,filled01_filled02_filled12_,4190,0.5977611234731156
3184,5216,filled01_filled02_filled12_,4200,0.5983205827604736
3190,5230,filled01_filled02_filled12_,4210,0.5977691972330001
3201,5239,filled01_filled02_filled12_,4220,0.5985333151841061
3208,5252,filled01_filled02_filled12_,4230,0.5986853347948057
3212,5268,filled01_filled02_filled12_,4240,0.5982318988701253
3220,5280,filled01_filled02_filled12_,4250,0.5979884907906807
3227,5293,filled01_filled02_filled12_,4260,0.597645106660971
3238,5302,filled01_filled02_filled12_,4270,0.5981034430025702
3244,5316,filled01_filled02_filled12_,4280,0.5981536476751707
3253,5327,filled01_filled02_filled12_,4290,0.5985059652546754
3262,5338,filled01_filled02_filled12_,4300,0.5987585301358377
3270,5350,filled01_filled02_filled12_,4310,0.599105924193181
3276,5364,filled01_filled02_filled12_,4320,0.5989577823577797
3286,5374,filled01_filled02_filled12_,4330,0.5996983739489029
3295,5385,filled01_filled02_filled12_,4340,0.5994587622703
3302,5398,filled01_filled02_filled12_,4350,0.5999937665494951
3309,5411,filled01_filled02_filled12_,4360,0.6002356977011435
3319,5421,filled01_filled02_filled12_,4370,0.6002887933253175
3326,5434,filled01_filled02_filled12_,4380,0.5997556134629615
3329,5451,filled01_filled02_filled12_,4390,0.5993123292471193
3340,5460,filled01_filled02_filled12_,4400,0.6000426091269676
3350,5470,filled01_filled02_filled12_,4410,0.6001919082962021
3355,5485,filled01_filled02_filled12_,4420,0.5993717354216243
3365,5495,filled01_filled02_filled12_,4430,0.6000000700001973
3376,5504,filled01_filled02_filled12_,4440,0.6011052674932877
3379,5521,filled01_filled02_filled12_,4450,0.6005694164312302
3385,5535,filled01_filled02_filled12_,4460,0.6000421813713551
3389,5551,filled01_filled02_filled12_,4470,0.60036656657642
3395,5565,filled01_filled02_filled12_,4480,0.5995586337745706
3402,5578,filled01_filled02_filled12_,4490,0.5993226689193722
3412,5588,filled01_filled02_filled12_,4500,0.599658760605032
3421,5599,filled01_filled02_filled12_,4510,0.5999907599692947
3429,5611,filled01_filled02_filled12_,4520,0.6000383246497215
3439,5621,filled01_filled02_filled12_,4530,0.6004641798080662
3446,5634,filled01_filled02_filled12_,4540,0.6000425726390072
3451,5649,filled01_filled02_filled12_,4550,0.5996183341868712
3459,5661,filled01_filled02_filled12_,4560,0.5998519558037131
3464,5676,filled01_filled02_filled12_,4570,0.5994304012394374
3473,5687,filled01_filled02_filled12_,4580,0.5992037764049107
3480,5700,filled01_filled02_filled12_,4590,0.5989741094887417
3491,5709,filled01_filled02_filled12_,4600,0.5993047643373183
3497,5723,filled01_filled02_filled12_,4610,0.5991654696037942
3506,5734,filled01_filled02_filled12_,4620,0.5993074455250712
3514,5746,filled01_filled02_filled12_,4630,0.5990818344460168
3520,5760,filled01_filled02_filled12_,4640,0.5992169798623413
3529,5771,filled01_filled02_filled12_,4650,0.5999043202031307
3541,5779,filled01_filled02_filled12_,4660,0.6005046809780394
3546,5794,filled01_filled02_filled12_,4670,0.6000899671102143
3554,5806,filled01_filled02_filled12_,4680,0.6009510932607528
3562,5818,filled01_filled02_filled12_,4690,0.6009049678057875
3572,5828,filled01_filled02_filled12_,4700,0.6010430949211892
3582,5838,filled01_filled02_filled12_,4710,0.6015415550464738
3592,5848,filled01_filled02_filled12_,4720,0.6014985085780052
3598,5862,filled01_filled02_filled12_,4730,0.6015365973790416
3606,5874,filled01_filled02_filled12_,4740,0.6015791243336943
3611,5889,filled01_filled02_filled12_,4750,0.6011693662763756
3618,5902,filled01_filled02_filled12_,4760,0.6011214294160668
3621,5919,filled01_filled02_filled12_,4770,0.6003545232834528
3627,5933,filled01_filled02_filled12_,4780,0.5997744238916591
3638,5942,filled01_filled02_filled12_,4790,0.6001798842472784
3644,5956,filled01_filled02_filled12_,4800,0.5999555417380689
3653,5967,filled01_filled02_filled12_,4810,0.600178943963376
3661,5979,filled01_filled02_filled12_,4820,0.6001355471960079
3671,5989,filled01_filled02_filled12_,4830,0.6001837609325927
3677,6003,filled01_filled02_filled12_,4840,0.5996120027605709
3683,6017,filled01_filled02_filled12_,4850,0.5992168363497999
3688,6032,filled01_filled02_filled12_,4860,0.5990826374989772
3696,6044,filled01_filled02_filled12_,4870,0.59869540500772
3703,6057,filled01_filled02_filled12_,4880,0.5984803077566139
3705,6075,filled01_filled02_filled12_,4890,0.5981696890761721
3717,6083,filled01_filled02_filled12_,4900,0.5983116403620945
3730,6090,filled01_filled02_filled12_,4910,0.5994024806269819
3736,6104,filled01_filled02_filled12_,4920,0.5989274572991596
3741,6119,filled01_filled02_filled12_,4930,0.5987959332146635
3746,6134,filled01_filled02_filled12_,4940,0.5985789097260988
3754,6146,filled01_filled02_filled12_,4950,0.598710763298898
3763,6157,filled01_filled02_filled12_,4960,0.5990145289611294
3769,6171,filled01_filled02_filled12_,4970,0.5988858413999868
3777,6183,filled01_filled02_filled12_,4980,0.5985918535581037
3783,6197,filled01_filled02_filled12_,4990,0.5982952805751656
