size intersection,size union,state,k,mean JI
6,14,filled01_filled02_filled12_,10,0.36904761904761907
14,26,filled01_filled02_filled12_,20,0.4323607427055703
23,37,filled01_filled02_filled12_,30,0.45151362542666895
31,49,filled01_filled02_filled12_,40,0.5142353237591333
37,63,filled01_filled02_filled12_,50,0.5243471125824067
43,77,filled01_filled02_filled12_,60,0.5267659170098195
47,93,filled01_filled02_filled12_,70,0.4951496026180458
57,103,filled01_filled02_filled12_,80,0.5147711673326866
64,116,filled01_filled02_filled12_,90,0.5389805097451273
74,126,filled01_filled02_filled12_,100,0.5478620727964559
81,139,filled01_filled02_filled12_,110,0.5435574838307685
88,152,filled01_filled02_filled12_,120,0.5369964845159287
96,164,filled01_filled02_filled12_,130,0.5337000397976008
104,176,filled01_filled02_filled12_,140,0.542648709315376
115,185,filled01_filled02_filled12_,150,0.5537247605169423
122,198,filled01_filled02_filled12_,160,0.5524608129240393
127,213,filled01_filled02_filled12_,170,0.5267117587988676
134,226,filled01_filled02_filled12_,180,0.5168034108416036
141,239,filled01_filled02_filled12_,190,0.5236946164282843
148,252,filled01_filled02_filled12_,200,0.5261559542002346
155,265,filled01_filled02_filled12_,210,0.5251976739321425
163,277,filled01_filled02_filled12_,220,0.5325689708962874
169,291,filled01_filled02_filled12_,230,0.5326534382736577
175,305,filled01_filled02_filled12_,240,0.5377455538369381
180,320,filled01_filled02_filled12_,250,0.5344634230503796
190,330,filled01_filled02_filled12_,260,0.5408717166691189
196,344,filled01_filled02_filled12_,270,0.5350026877693277
200,360,filled01_filled02_filled12_,280,0.541841163036558
205,375,filled01_filled02_filled12_,290,0.5282160976278624
210,390,filled01_filled02_filled12_,300,0.5207864907950598
215,405,filled01_filled02_filled12_,310,0.5128400162628703
225,415,filled01_filled02_filled12_,320,0.5171097331190238
233,427,filled01_filled02_filled12_,330,0.5203126025958108
242,438,filled01_filled02_filled12_,340,0.5232758109470438
249,451,filled01_filled02_filled12_,350,0.5225469536486145
255,465,filled01_filled02_filled12_,360,0.525285109587829
260,480,filled01_filled02_filled12_,370,0.5212958023785842
262,498,filled01_filled02_filled12_,380,0.5136130690616407
269,511,filled01_filled02_filled12_,390,0.5192617218221343
279,521,filled01_filled02_filled12_,400,0.5252180494914097
286,534,filled01_filled02_filled12_,410,0.5255280444040241
290,550,filled01_filled02_filled12_,420,0.5211324930424293
300,560,filled01_filled02_filled12_,430,0.5279745161074275
308,572,filled01_filled02_filled12_,440,0.5272716793556603
313,587,filled01_filled02_filled12_,450,0.5243383330985961
320,600,filled01_filled02_filled12_,460,0.5213709696855764
327,613,filled01_filled02_filled12_,470,0.5208615416621843
334,626,filled01_filled02_filled12_,480,0.5245735676563509
341,639,filled01_filled02_filled12_,490,0.522526184562898
348,652,filled01_filled02_filled12_,500,0.5242854038412397
352,668,filled01_filled02_filled12_,510,0.5201065263778736
358,682,filled01_filled02_filled12_,520,0.5176912098981409
367,693,filled01_filled02_filled12_,530,0.5232836963606194
375,705,filled01_filled02_filled12_,540,0.5229305877926627
388,712,filled01_filled02_filled12_,550,0.529081778102784
394,726,filled01_filled02_filled12_,560,0.5271390407519511
397,743,filled01_filled02_filled12_,570,0.5254598127706782
405,755,filled01_filled02_filled12_,580,0.5237764865069979
412,768,filled01_filled02_filled12_,590,0.5239991222635275
419,781,filled01_filled02_filled12_,600,0.5249987897936134
426,794,filled01_filled02_filled12_,610,0.5245157380230535
435,805,filled01_filled02_filled12_,620,0.5248395152066211
442,818,filled01_filled02_filled12_,630,0.5243771849484973
451,829,filled01_filled02_filled12_,640,0.5264558886271793
456,844,filled01_filled02_filled12_,650,0.524936132142523
464,856,filled01_filled02_filled12_,660,0.5250928887094938
470,870,filled01_filled02_filled12_,670,0.5251332290320061
479,881,filled01_filled02_filled12_,680,0.5302043102462178
486,894,filled01_filled02_filled12_,690,0.5298692008532054
491,909,filled01_filled02_filled12_,700,0.5302117258930586
497,923,filled01_filled02_filled12_,710,0.5286530223422422
507,933,filled01_filled02_filled12_,720,0.5320756559282976
512,948,filled01_filled02_filled12_,730,0.5297728420781763
518,962,filled01_filled02_filled12_,740,0.5281908166324327
521,979,filled01_filled02_filled12_,750,0.5235882833677897
526,994,filled01_filled02_filled12_,760,0.5218020829546383
534,1006,filled01_filled02_filled12_,770,0.5215847091973235
541,1019,filled01_filled02_filled12_,780,0.5219439317818027
550,1030,filled01_filled02_filled12_,790,0.5231175991808479
556,1044,filled01_filled02_filled12_,800,0.5247214885349774
565,1055,filled01_filled02_filled12_,810,0.5259167853082483
570,1070,filled01_filled02_filled12_,820,0.5246581844339694
573,1087,filled01_filled02_filled12_,830,0.52241624365649
582,1098,filled01_filled02_filled12_,840,0.5218325451167578
591,1109,filled01_filled02_filled12_,850,0.522176953262132
596,1124,filled01_filled02_filled12_,860,0.521592141763468
603,1137,filled01_filled02_filled12_,870,0.5219227145687425
611,1149,filled01_filled02_filled12_,880,0.5238007340741638
612,1168,filled01_filled02_filled12_,890,0.5217904455882743
619,1181,filled01_filled02_filled12_,900,0.5228095104731364
624,1196,filled01_filled02_filled12_,910,0.5212575825234173
629,1211,filled01_filled02_filled12_,920,0.5217335607391104
638,1222,filled01_filled02_filled12_,930,0.5206779390758898
643,1237,filled01_filled02_filled12_,940,0.5195797032238892
651,1249,filled01_filled02_filled12_,950,0.5206724970104603
659,1261,filled01_filled02_filled12_,960,0.5214733691887766
668,1272,filled01_filled02_filled12_,970,0.5227941117996769
673,1287,filled01_filled02_filled12_,980,0.5217830444282237
678,1302,filled01_filled02_filled12_,990,0.5207331472434257
685,1315,filled01_filled02_filled12_,1000,0.5201216308800376
691,1329,filled01_filled02_filled12_,1010,0.5184388703932358
696,1344,filled01_filled02_filled12_,1020,0.5159534823952711
703,1357,filled01_filled02_filled12_,1030,0.5157550491477874
709,1371,filled01_filled02_filled12_,1040,0.5178020431063565
714,1386,filled01_filled02_filled12_,1050,0.516968992321836
721,1399,filled01_filled02_filled12_,1060,0.5168755131351245
729,1411,filled01_filled02_filled12_,1070,0.5186388144133612
739,1421,filled01_filled02_filled12_,1080,0.5199298177460031
744,1436,filled01_filled02_filled12_,1090,0.5194922933830939
750,1450,filled01_filled02_filled12_,1100,0.5189188350619377
760,1460,filled01_filled02_filled12_,1110,0.5213038690502959
768,1472,filled01_filled02_filled12_,1120,0.521094020521964
778,1482,filled01_filled02_filled12_,1130,0.5225713961121523
786,1494,filled01_filled02_filled12_,1140,0.5248738951188736
791,1509,filled01_filled02_filled12_,1150,0.5257096469695569
796,1524,filled01_filled02_filled12_,1160,0.52452277378781
804,1536,filled01_filled02_filled12_,1170,0.5241034497547462
810,1550,filled01_filled02_filled12_,1180,0.5253144430258266
811,1569,filled01_filled02_filled12_,1190,0.5235247213599997
817,1583,filled01_filled02_filled12_,1200,0.5233699804989896
827,1593,filled01_filled02_filled12_,1210,0.5251903854889699
830,1610,filled01_filled02_filled12_,1220,0.5230931977895884
838,1622,filled01_filled02_filled12_,1230,0.523628818868987
842,1638,filled01_filled02_filled12_,1240,0.5219503878218308
851,1649,filled01_filled02_filled12_,1250,0.5233569605498358
857,1663,filled01_filled02_filled12_,1260,0.5238914555205372
868,1672,filled01_filled02_filled12_,1270,0.5258693631285167
877,1683,filled01_filled02_filled12_,1280,0.5263344659729462
885,1695,filled01_filled02_filled12_,1290,0.5290758826544654
892,1708,filled01_filled02_filled12_,1300,0.5292472559006831
899,1721,filled01_filled02_filled12_,1310,0.5289109007679701
905,1735,filled01_filled02_filled12_,1320,0.5288463325143807
913,1747,filled01_filled02_filled12_,1330,0.5282763598166572
923,1757,filled01_filled02_filled12_,1340,0.5280895075202693
932,1768,filled01_filled02_filled12_,1350,0.5285766249760964
938,1782,filled01_filled02_filled12_,1360,0.5269960046372968
948,1792,filled01_filled02_filled12_,1370,0.5273433589730888
956,1804,filled01_filled02_filled12_,1380,0.5278860483708089
965,1815,filled01_filled02_filled12_,1390,0.5273324884003078
972,1828,filled01_filled02_filled12_,1400,0.5260886214592767
981,1839,filled01_filled02_filled12_,1410,0.5269104185029201
987,1853,filled01_filled02_filled12_,1420,0.5264007557430389
992,1868,filled01_filled02_filled12_,1430,0.5267611419709334
995,1885,filled01_filled02_filled12_,1440,0.5239347992864735
1002,1898,filled01_filled02_filled12_,1450,0.5240186955839302
1010,1910,filled01_filled02_filled12_,1460,0.5246088823684522
1016,1924,filled01_filled02_filled12_,1470,0.5242819845863144
1024,1936,filled01_filled02_filled12_,1480,0.525148403975615
1034,1946,filled01_filled02_filled12_,1490,0.5267646557682414
1039,1961,filled01_filled02_filled12_,1500,0.5240068791474543
1043,1977,filled01_filled02_filled12_,1510,0.5223379956556012
1047,1993,filled01_filled02_filled12_,1520,0.5211549192414228
1055,2005,filled01_filled02_filled12_,1530,0.5205460011855273
1060,2020,filled01_filled02_filled12_,1540,0.5186923755489282
1064,2036,filled01_filled02_filled12_,1550,0.5173820814195632
1072,2048,filled01_filled02_filled12_,1560,0.5170814692500253
1082,2058,filled01_filled02_filled12_,1570,0.5188372026083187
1090,2070,filled01_filled02_filled12_,1580,0.5198038128723045
1095,2085,filled01_filled02_filled12_,1590,0.5189346741978667
1101,2099,filled01_filled02_filled12_,1600,0.5194153259430809
1109,2111,filled01_filled02_filled12_,1610,0.5181127910291782
1115,2125,filled01_filled02_filled12_,1620,0.519190124130262
1125,2135,filled01_filled02_filled12_,1630,0.520906097910935
1130,2150,filled01_filled02_filled12_,1640,0.5207377454837379
1139,2161,filled01_filled02_filled12_,1650,0.5206233789154487
1145,2175,filled01_filled02_filled12_,1660,0.5202295249605092
1150,2190,filled01_filled02_filled12_,1670,0.5178554961486104
1157,2203,filled01_filled02_filled12_,1680,0.5180059294689531
1159,2221,filled01_filled02_filled12_,1690,0.5168045982808613
1165,2235,filled01_filled02_filled12_,1700,0.5173879116139118
1168,2252,filled01_filled02_filled12_,1710,0.5154962683069129
1172,2268,filled01_filled02_filled12_,1720,0.514216698758606
1181,2279,filled01_filled02_filled12_,1730,0.5141844185609583
1186,2294,filled01_filled02_filled12_,1740,0.5148287983477451
1192,2308,filled01_filled02_filled12_,1750,0.5129833833609073
1199,2321,filled01_filled02_filled12_,1760,0.5131136297191917
1207,2333,filled01_filled02_filled12_,1770,0.5132635585071199
1211,2349,filled01_filled02_filled12_,1780,0.5126300663643967
1216,2364,filled01_filled02_filled12_,1790,0.5115204133081684
1226,2374,filled01_filled02_filled12_,1800,0.5112559477499191
1232,2388,filled01_filled02_filled12_,1810,0.5115611155608378
1236,2404,filled01_filled02_filled12_,1820,0.5102283160144924
1241,2419,filled01_filled02_filled12_,1830,0.5082925033228353
1247,2433,filled01_filled02_filled12_,1840,0.5082723751353436
1255,2445,filled01_filled02_filled12_,1850,0.5073628419157762
1260,2460,filled01_filled02_filled12_,1860,0.5068479202472235
1266,2474,filled01_filled02_filled12_,1870,0.505770148660449
1272,2488,filled01_filled02_filled12_,1880,0.5057267353322744
1281,2499,filled01_filled02_filled12_,1890,0.5070878375033853
1286,2514,filled01_filled02_filled12_,1900,0.50586190694874
1290,2530,filled01_filled02_filled12_,1910,0.5050258355616027
1294,2546,filled01_filled02_filled12_,1920,0.5039860878629652
1303,2557,filled01_filled02_filled12_,1930,0.503975933589773
1311,2569,filled01_filled02_filled12_,1940,0.5029619599694627
1320,2580,filled01_filled02_filled12_,1950,0.5031693487731207
1328,2592,filled01_filled02_filled12_,1960,0.5025902505242584
1334,2606,filled01_filled02_filled12_,1970,0.5016315144871788
1339,2621,filled01_filled02_filled12_,1980,0.49987661520759347
1345,2635,filled01_filled02_filled12_,1990,0.5001348291122977
1353,2647,filled01_filled02_filled12_,2000,0.5005022522810046
1358,2662,filled01_filled02_filled12_,2010,0.5002984268583073
1365,2675,filled01_filled02_filled12_,2020,0.4999027941226881
1369,2691,filled01_filled02_filled12_,2030,0.49928633294409225
1374,2706,filled01_filled02_filled12_,2040,0.4976632416447791
1380,2720,filled01_filled02_filled12_,2050,0.4986502136981919
1386,2734,filled01_filled02_filled12_,2060,0.49828370874922934
1391,2749,filled01_filled02_filled12_,2070,0.49763680780223857
1397,2763,filled01_filled02_filled12_,2080,0.4968899657840662
1407,2773,filled01_filled02_filled12_,2090,0.49810610942080946
1414,2786,filled01_filled02_filled12_,2100,0.49828473504947884
1418,2802,filled01_filled02_filled12_,2110,0.4972178626550878
1423,2817,filled01_filled02_filled12_,2120,0.49621003414478837
1431,2829,filled01_filled02_filled12_,2130,0.49657201197402295
1441,2839,filled01_filled02_filled12_,2140,0.4962435071181461
1450,2850,filled01_filled02_filled12_,2150,0.49571583398683505
1455,2865,filled01_filled02_filled12_,2160,0.49592078139779544
1460,2880,filled01_filled02_filled12_,2170,0.495199854258578
1465,2895,filled01_filled02_filled12_,2180,0.4949383015336421
1474,2906,filled01_filled02_filled12_,2190,0.49562432756414143
1477,2923,filled01_filled02_filled12_,2200,0.49450075918799713
1482,2938,filled01_filled02_filled12_,2210,0.49467988323575435
1489,2951,filled01_filled02_filled12_,2220,0.4938908136889806
1493,2967,filled01_filled02_filled12_,2230,0.49344581243350055
1499,2981,filled01_filled02_filled12_,2240,0.49292851785127545
1504,2996,filled01_filled02_filled12_,2250,0.4920992449401646
1509,3011,filled01_filled02_filled12_,2260,0.4925161473073916
1516,3024,filled01_filled02_filled12_,2270,0.4930042593233928
1524,3036,filled01_filled02_filled12_,2280,0.49385604043989134
1534,3046,filled01_filled02_filled12_,2290,0.49535437542079624
1541,3059,filled01_filled02_filled12_,2300,0.49605390375225406
1551,3069,filled01_filled02_filled12_,2310,0.49676872809667044
1555,3085,filled01_filled02_filled12_,2320,0.4965423484028895
1560,3100,filled01_filled02_filled12_,2330,0.4958692878560722
1566,3114,filled01_filled02_filled12_,2340,0.495929936128896
1571,3129,filled01_filled02_filled12_,2350,0.4958045907855389
1582,3138,filled01_filled02_filled12_,2360,0.49712368579572597
1591,3149,filled01_filled02_filled12_,2370,0.49777506044002323
1597,3163,filled01_filled02_filled12_,2380,0.49828476054676735
1606,3174,filled01_filled02_filled12_,2390,0.49923921588271236
1611,3189,filled01_filled02_filled12_,2400,0.49890812780357335
1615,3205,filled01_filled02_filled12_,2410,0.49870863417872746
1624,3216,filled01_filled02_filled12_,2420,0.49903191029169003
1627,3233,filled01_filled02_filled12_,2430,0.49778196581587625
1634,3246,filled01_filled02_filled12_,2440,0.4975160802622643
1641,3259,filled01_filled02_filled12_,2450,0.49734346765222925
1651,3269,filled01_filled02_filled12_,2460,0.49784468197608484
1659,3281,filled01_filled02_filled12_,2470,0.4985681516930958
1667,3293,filled01_filled02_filled12_,2480,0.49878062062522943
1669,3311,filled01_filled02_filled12_,2490,0.4981953906955052
1674,3326,filled01_filled02_filled12_,2500,0.49869056896935576
1680,3340,filled01_filled02_filled12_,2510,0.49843940389151636
1687,3353,filled01_filled02_filled12_,2520,0.498018997113485
1696,3364,filled01_filled02_filled12_,2530,0.49878574135409065
1705,3375,filled01_filled02_filled12_,2540,0.4986401854805282
1708,3392,filled01_filled02_filled12_,2550,0.4983769211933877
1710,3410,filled01_filled02_filled12_,2560,0.49778790290261526
1713,3427,filled01_filled02_filled12_,2570,0.49681831579627495
1722,3438,filled01_filled02_filled12_,2580,0.4963442100082373
1730,3450,filled01_filled02_filled12_,2590,0.4966175746360036
1735,3465,filled01_filled02_filled12_,2600,0.49632410011406103
1739,3481,filled01_filled02_filled12_,2610,0.49562714882192244
1747,3493,filled01_filled02_filled12_,2620,0.49583868304052076
1753,3507,filled01_filled02_filled12_,2630,0.4956943447868713
1759,3521,filled01_filled02_filled12_,2640,0.4960090057471784
1766,3534,filled01_filled02_filled12_,2650,0.4960294975882218
1770,3550,filled01_filled02_filled12_,2660,0.4959305779542495
1776,3564,filled01_filled02_filled12_,2670,0.49581095233269146
1785,3575,filled01_filled02_filled12_,2680,0.4960212837766645
1792,3588,filled01_filled02_filled12_,2690,0.4961689843703441
1800,3600,filled01_filled02_filled12_,2700,0.4969020792450334
1808,3612,filled01_filled02_filled12_,2710,0.49703529673172603
1817,3623,filled01_filled02_filled12_,2720,0.4970972068071043
1820,3640,filled01_filled02_filled12_,2730,0.49696226194648907
1827,3653,filled01_filled02_filled12_,2740,0.49712581510082904
1832,3668,filled01_filled02_filled12_,2750,0.49739041543822354
1836,3684,filled01_filled02_filled12_,2760,0.49645657797517034
1842,3698,filled01_filled02_filled12_,2770,0.49650667360447437
1850,3710,filled01_filled02_filled12_,2780,0.4971748689804864
1858,3722,filled01_filled02_filled12_,2790,0.49783900829883815
1865,3735,filled01_filled02_filled12_,2800,0.49785175073374566
1868,3752,filled01_filled02_filled12_,2810,0.49761920823213446
1877,3763,filled01_filled02_filled12_,2820,0.49765386426120833
1881,3779,filled01_filled02_filled12_,2830,0.4973133842611554
1887,3793,filled01_filled02_filled12_,2840,0.496790247709997
1893,3807,filled01_filled02_filled12_,2850,0.49732079948120084
1900,3820,filled01_filled02_filled12_,2860,0.4979231088381734
1908,3832,filled01_filled02_filled12_,2870,0.4982284614357573
1915,3845,filled01_filled02_filled12_,2880,0.49823931527227866
1921,3859,filled01_filled02_filled12_,2890,0.4978184096905422
1928,3872,filled01_filled02_filled12_,2900,0.498962450449427
1932,3888,filled01_filled02_filled12_,2910,0.49866207694527076
1941,3899,filled01_filled02_filled12_,2920,0.4991637409121182
1948,3912,filled01_filled02_filled12_,2930,0.49996128354448266
1957,3923,filled01_filled02_filled12_,2940,0.5008502039598585
1967,3933,filled01_filled02_filled12_,2950,0.5017437367514047
1975,3945,filled01_filled02_filled12_,2960,0.5018691433879352
1980,3960,filled01_filled02_filled12_,2970,0.5014980728117026
1990,3970,filled01_filled02_filled12_,2980,0.5027509035100114
1999,3981,filled01_filled02_filled12_,2990,0.5037351455695734
2004,3996,filled01_filled02_filled12_,3000,0.5035924674454306
2013,4007,filled01_filled02_filled12_,3010,0.5049559481739051
2021,4019,filled01_filled02_filled12_,3020,0.5054748225462813
2025,4035,filled01_filled02_filled12_,3030,0.5042238416978827
2035,4045,filled01_filled02_filled12_,3040,0.504048491683701
2045,4055,filled01_filled02_filled12_,3050,0.5048865416952005
2049,4071,filled01_filled02_filled12_,3060,0.5046583975251752
2061,4079,filled01_filled02_filled12_,3070,0.5049022165218094
2067,4093,filled01_filled02_filled12_,3080,0.5047877956066863
2075,4105,filled01_filled02_filled12_,3090,0.505408110212824
2082,4118,filled01_filled02_filled12_,3100,0.5052632658266462
2087,4133,filled01_filled02_filled12_,3110,0.5052904586091386
2092,4148,filled01_filled02_filled12_,3120,0.5054097502082712
2100,4160,filled01_filled02_filled12_,3130,0.5056481379346044
2108,4172,filled01_filled02_filled12_,3140,0.5058851422043542
2118,4182,filled01_filled02_filled12_,3150,0.5066013778573306
2126,4194,filled01_filled02_filled12_,3160,0.5072946058639957
2132,4208,filled01_filled02_filled12_,3170,0.5068271049924399
2137,4223,filled01_filled02_filled12_,3180,0.5071087652623576
2142,4238,filled01_filled02_filled12_,3190,0.5074388063634624
2148,4252,filled01_filled02_filled12_,3200,0.5077966163670776
2156,4264,filled01_filled02_filled12_,3210,0.5083679585114305
2166,4274,filled01_filled02_filled12_,3220,0.5096245452838248
2172,4288,filled01_filled02_filled12_,3230,0.5094814773973443
2178,4302,filled01_filled02_filled12_,3240,0.5085462302123648
2186,4314,filled01_filled02_filled12_,3250,0.5081328775011656
2193,4327,filled01_filled02_filled12_,3260,0.5084911416283542
2198,4342,filled01_filled02_filled12_,3270,0.5084704102132298
2204,4356,filled01_filled02_filled12_,3280,0.508545759211499
2211,4369,filled01_filled02_filled12_,3290,0.5079359652338028
2214,4386,filled01_filled02_filled12_,3300,0.5077270166379105
2220,4400,filled01_filled02_filled12_,3310,0.5074305560034408
2225,4415,filled01_filled02_filled12_,3320,0.5065174484290417
2233,4427,filled01_filled02_filled12_,3330,0.5067385068554153
2241,4439,filled01_filled02_filled12_,3340,0.5068351704060742
2248,4452,filled01_filled02_filled12_,3350,0.5069414476476569
2254,4466,filled01_filled02_filled12_,3360,0.507019415788024
2261,4479,filled01_filled02_filled12_,3370,0.5078012099307392
2271,4489,filled01_filled02_filled12_,3380,0.5079764993230548
2280,4500,filled01_filled02_filled12_,3390,0.5083856409696289
2288,4512,filled01_filled02_filled12_,3400,0.5084211976437838
2296,4524,filled01_filled02_filled12_,3410,0.5090964076957168
2308,4532,filled01_filled02_filled12_,3420,0.5098506297469765
2316,4544,filled01_filled02_filled12_,3430,0.5095108977750875
2321,4559,filled01_filled02_filled12_,3440,0.5085853277857854
2327,4573,filled01_filled02_filled12_,3450,0.5090972965560473
2336,4584,filled01_filled02_filled12_,3460,0.5091577453625098
2344,4596,filled01_filled02_filled12_,3470,0.509345458103467
2354,4606,filled01_filled02_filled12_,3480,0.509868843174765
2361,4619,filled01_filled02_filled12_,3490,0.5096441722387918
2369,4631,filled01_filled02_filled12_,3500,0.5096119785474325
2379,4641,filled01_filled02_filled12_,3510,0.5107808878282738
2390,4650,filled01_filled02_filled12_,3520,0.5110067266431456
2398,4662,filled01_filled02_filled12_,3530,0.5116532386911007
2405,4675,filled01_filled02_filled12_,3540,0.5120546144315029
2410,4690,filled01_filled02_filled12_,3550,0.5121225067184055
2415,4705,filled01_filled02_filled12_,3560,0.5126191339505576
2421,4719,filled01_filled02_filled12_,3570,0.5121861280463134
2429,4731,filled01_filled02_filled12_,3580,0.5122101761802497
2434,4746,filled01_filled02_filled12_,3590,0.511967269634201
2441,4759,filled01_filled02_filled12_,3600,0.5113196612129055
2446,4774,filled01_filled02_filled12_,3610,0.5115374936858083
2452,4788,filled01_filled02_filled12_,3620,0.5122644944597093
2461,4799,filled01_filled02_filled12_,3630,0.5122340122788772
2472,4808,filled01_filled02_filled12_,3640,0.5127370610930245
2479,4821,filled01_filled02_filled12_,3650,0.5125925857033141
2489,4831,filled01_filled02_filled12_,3660,0.5129881251498007
2492,4848,filled01_filled02_filled12_,3670,0.5127133628745139
2501,4859,filled01_filled02_filled12_,3680,0.5128901427437108
2505,4875,filled01_filled02_filled12_,3690,0.5127380683754493
2512,4888,filled01_filled02_filled12_,3700,0.5133097775686025
2521,4899,filled01_filled02_filled12_,3710,0.5134834268245145
2528,4912,filled01_filled02_filled12_,3720,0.5132453188322353
2534,4926,filled01_filled02_filled12_,3730,0.5127955157886261
2545,4935,filled01_filled02_filled12_,3740,0.5138970484303537
2553,4947,filled01_filled02_filled12_,3750,0.514026506405176
2563,4957,filled01_filled02_filled12_,3760,0.5138599281161643
2572,4968,filled01_filled02_filled12_,3770,0.5146221972130087
2579,4981,filled01_filled02_filled12_,3780,0.5150075770685797
2590,4990,filled01_filled02_filled12_,3790,0.5159988499625251
2598,5002,filled01_filled02_filled12_,3800,0.5158439779823483
2605,5015,filled01_filled02_filled12_,3810,0.5157900039834021
2608,5032,filled01_filled02_filled12_,3820,0.5155498717743566
2613,5047,filled01_filled02_filled12_,3830,0.5157119714184187
2622,5058,filled01_filled02_filled12_,3840,0.5167649263842221
2629,5071,filled01_filled02_filled12_,3850,0.5170472782107688
2633,5087,filled01_filled02_filled12_,3860,0.5164621257654813
2638,5102,filled01_filled02_filled12_,3870,0.5168195191903662
2643,5117,filled01_filled02_filled12_,3880,0.5167039473180334
2649,5131,filled01_filled02_filled12_,3890,0.516807898923938
2657,5143,filled01_filled02_filled12_,3900,0.5178520786615397
2661,5159,filled01_filled02_filled12_,3910,0.5172278973034722
2668,5172,filled01_filled02_filled12_,3920,0.5176101702124597
2676,5184,filled01_filled02_filled12_,3930,0.5177714280366538
2680,5200,filled01_filled02_filled12_,3940,0.5173631276610551
2687,5213,filled01_filled02_filled12_,3950,0.5178915454109521
2691,5229,filled01_filled02_filled12_,3960,0.517528926543107
2697,5243,filled01_filled02_filled12_,3970,0.517376252513298
2704,5256,filled01_filled02_filled12_,3980,0.516963688393078
2710,5270,filled01_filled02_filled12_,3990,0.5165466437329319
2720,5280,filled01_filled02_filled12_,4000,0.5170023348205951
2724,5296,filled01_filled02_filled12_,4010,0.5167352602768802
2729,5311,filled01_filled02_filled12_,4020,0.5162269708976285
2736,5324,filled01_filled02_filled12_,4030,0.5163952558506918
2741,5339,filled01_filled02_filled12_,4040,0.5159931542001541
2747,5353,filled01_filled02_filled12_,4050,0.5158048830524783
2754,5366,filled01_filled02_filled12_,4060,0.5166438515801183
2759,5381,filled01_filled02_filled12_,4070,0.5162141440478781
2764,5396,filled01_filled02_filled12_,4080,0.5164543560978375
2769,5411,filled01_filled02_filled12_,4090,0.5161289915545565
2777,5423,filled01_filled02_filled12_,4100,0.5162717590329159
2787,5433,filled01_filled02_filled12_,4110,0.516974186556788
2793,5447,filled01_filled02_filled12_,4120,0.5167570299547851
2799,5461,filled01_filled02_filled12_,4130,0.5173168994605297
2809,5471,filled01_filled02_filled12_,4140,0.5176250415635546
2814,5486,filled01_filled02_filled12_,4150,0.5177022640517751
2822,5498,filled01_filled02_filled12_,4160,0.5178245969145806
2826,5514,filled01_filled02_filled12_,4170,0.5177655769450072
2829,5531,filled01_filled02_filled12_,4180,0.5171764368711206
2833,5547,filled01_filled02_filled12_,4190,0.5163135811791971
2843,5557,filled01_filled02_filled12_,4200,0.5171434689051816
2848,5572,filled01_filled02_filled12_,4210,0.5169244308494868
2855,5585,filled01_filled02_filled12_,4220,0.5166201483382961
2863,5597,filled01_filled02_filled12_,4230,0.517318759250384
2869,5611,filled01_filled02_filled12_,4240,0.5169796391896849
2874,5626,filled01_filled02_filled12_,4250,0.5170425601308808
2882,5638,filled01_filled02_filled12_,4260,0.5178192152835345
2890,5650,filled01_filled02_filled12_,4270,0.518230970663433
2898,5662,filled01_filled02_filled12_,4280,0.5186955498995629
2901,5679,filled01_filled02_filled12_,4290,0.5184939131459873
2908,5692,filled01_filled02_filled12_,4300,0.5183846913644151
2915,5705,filled01_filled02_filled12_,4310,0.5183586721469448
2921,5719,filled01_filled02_filled12_,4320,0.5183414979558347
2925,5735,filled01_filled02_filled12_,4330,0.5180524028835785
2930,5750,filled01_filled02_filled12_,4340,0.5178669424294737
2939,5761,filled01_filled02_filled12_,4350,0.5183060394365905
2945,5775,filled01_filled02_filled12_,4360,0.5180539773016967
2951,5789,filled01_filled02_filled12_,4370,0.5183923757616258
2961,5799,filled01_filled02_filled12_,4380,0.5188188326128297
2967,5813,filled01_filled02_filled12_,4390,0.5188679134228891
2975,5825,filled01_filled02_filled12_,4400,0.5185616722994214
2981,5839,filled01_filled02_filled12_,4410,0.5182746114256794
2990,5850,filled01_filled02_filled12_,4420,0.5184589710763168
2998,5862,filled01_filled02_filled12_,4430,0.5184397427746041
3008,5872,filled01_filled02_filled12_,4440,0.5192096076084475
3018,5882,filled01_filled02_filled12_,4450,0.5190634811144621
3022,5898,filled01_filled02_filled12_,4460,0.5183258951394925
3030,5910,filled01_filled02_filled12_,4470,0.5187976751650614
3038,5922,filled01_filled02_filled12_,4480,0.5186563285679785
3044,5936,filled01_filled02_filled12_,4490,0.5185462833519052
3053,5947,filled01_filled02_filled12_,4500,0.5185840039618014
3060,5960,filled01_filled02_filled12_,4510,0.5191520862059854
3067,5973,filled01_filled02_filled12_,4520,0.5200109598031434
3077,5983,filled01_filled02_filled12_,4530,0.5204072664781917
3083,5997,filled01_filled02_filled12_,4540,0.5205007036787813
3090,6010,filled01_filled02_filled12_,4550,0.5209408509023973
3095,6025,filled01_filled02_filled12_,4560,0.5210058075737224
3105,6035,filled01_filled02_filled12_,4570,0.521028831173646
3112,6048,filled01_filled02_filled12_,4580,0.5208933103201195
3119,6061,filled01_filled02_filled12_,4590,0.5215121988834553
3127,6073,filled01_filled02_filled12_,4600,0.5215367417603116
3135,6085,filled01_filled02_filled12_,4610,0.5215612904921144
3144,6096,filled01_filled02_filled12_,4620,0.5220048019422877
3150,6110,filled01_filled02_filled12_,4630,0.5216818242092242
3158,6122,filled01_filled02_filled12_,4640,0.5213718227157266
3160,6140,filled01_filled02_filled12_,4650,0.5208898832908102
3169,6151,filled01_filled02_filled12_,4660,0.5212808156916628
3177,6163,filled01_filled02_filled12_,4670,0.5219209161022164
3184,6176,filled01_filled02_filled12_,4680,0.5219657082371557
3191,6189,filled01_filled02_filled12_,4690,0.5217686590497187
3196,6204,filled01_filled02_filled12_,4700,0.5212938471181355
3201,6219,filled01_filled02_filled12_,4710,0.5213419706637222
3208,6232,filled01_filled02_filled12_,4720,0.5213875827112612
3215,6245,filled01_filled02_filled12_,4730,0.5219123170526601
3224,6256,filled01_filled02_filled12_,4740,0.5223705630415213
3231,6269,filled01_filled02_filled12_,4750,0.5221749952143159
3240,6280,filled01_filled02_filled12_,4760,0.5227060695321356
3249,6291,filled01_filled02_filled12_,4770,0.5233235317514504
3255,6305,filled01_filled02_filled12_,4780,0.5227829104846752
3260,6320,filled01_filled02_filled12_,4790,0.5228887968378952
3270,6330,filled01_filled02_filled12_,4800,0.5234942989771199
3276,6344,filled01_filled02_filled12_,4810,0.5234288057639657
3279,6361,filled01_filled02_filled12_,4820,0.5231253610848199
3284,6376,filled01_filled02_filled12_,4830,0.5227210820923113
3294,6386,filled01_filled02_filled12_,4840,0.5231864274636862
3303,6397,filled01_filled02_filled12_,4850,0.5236194234601902
3311,6409,filled01_filled02_filled12_,4860,0.524071512783472
3319,6421,filled01_filled02_filled12_,4870,0.5239425567961266
3326,6434,filled01_filled02_filled12_,4880,0.523809016146541
3334,6446,filled01_filled02_filled12_,4890,0.5239997969999655
3343,6457,filled01_filled02_filled12_,4900,0.5245259943426456
3349,6471,filled01_filled02_filled12_,4910,0.524644160028707
3358,6482,filled01_filled02_filled12_,4920,0.5249831642893813
3367,6493,filled01_filled02_filled12_,4930,0.5254322530929642
3376,6504,filled01_filled02_filled12_,4940,0.5256235046331148
3385,6515,filled01_filled02_filled12_,4950,0.5255583398505693
3393,6527,filled01_filled02_filled12_,4960,0.5257433778263235
3400,6540,filled01_filled02_filled12_,4970,0.5262111144985836
3405,6555,filled01_filled02_filled12_,4980,0.5263913259634377
3410,6570,filled01_filled02_filled12_,4990,0.526727827605648
