size intersection,size union,state,k,mean JI
5,15,filled01_filled02_filled12_,10,0.36507936507936506
10,30,filled01_filled02_filled12_,20,0.4144620811287478
16,44,filled01_filled02_filled12_,30,0.4307359307359307
27,53,filled01_filled02_filled12_,40,0.464808071891819
34,66,filled01_filled02_filled12_,50,0.5076134479119553
38,82,filled01_filled02_filled12_,60,0.47121362616341095
41,99,filled01_filled02_filled12_,70,0.481836151779972
50,110,filled01_filled02_filled12_,80,0.5084175084175084
56,124,filled01_filled02_filled12_,90,0.5026492971181497
66,134,filled01_filled02_filled12_,100,0.510462078098715
73,147,filled01_filled02_filled12_,110,0.5159183934635375
79,161,filled01_filled02_filled12_,120,0.5016979377747257
87,173,filled01_filled02_filled12_,130,0.4961159431755811
98,182,filled01_filled02_filled12_,140,0.5283931522843409
105,195,filled01_filled02_filled12_,150,0.5289915596830203
108,212,filled01_filled02_filled12_,160,0.5150213166334776
113,227,filled01_filled02_filled12_,170,0.5014129649964758
115,245,filled01_filled02_filled12_,180,0.49346275964550307
125,255,filled01_filled02_filled12_,190,0.5011706083099027
132,268,filled01_filled02_filled12_,200,0.5027087918445087
140,280,filled01_filled02_filled12_,210,0.5134038431331484
149,291,filled01_filled02_filled12_,220,0.5167075765013909
156,304,filled01_filled02_filled12_,230,0.5160306393034171
161,319,filled01_filled02_filled12_,240,0.5127316724412913
169,331,filled01_filled02_filled12_,250,0.5199546365073475
177,343,filled01_filled02_filled12_,260,0.5209438952514165
184,356,filled01_filled02_filled12_,270,0.5189007099759078
191,369,filled01_filled02_filled12_,280,0.5155215012930578
197,383,filled01_filled02_filled12_,290,0.5075153450899216
206,394,filled01_filled02_filled12_,300,0.5140417112722457
214,406,filled01_filled02_filled12_,310,0.5187030384781766
218,422,filled01_filled02_filled12_,320,0.5209433753070516
226,434,filled01_filled02_filled12_,330,0.5296446121873067
237,443,filled01_filled02_filled12_,340,0.5377546000590208
247,453,filled01_filled02_filled12_,350,0.545188749726868
258,462,filled01_filled02_filled12_,360,0.5468148192934738
265,475,filled01_filled02_filled12_,370,0.5465421128579023
272,488,filled01_filled02_filled12_,380,0.5391181835119706
282,498,filled01_filled02_filled12_,390,0.5412621061991993
290,510,filled01_filled02_filled12_,400,0.536660255546609
295,525,filled01_filled02_filled12_,410,0.532634190641308
303,537,filled01_filled02_filled12_,420,0.535144902870317
310,550,filled01_filled02_filled12_,430,0.534351644499246
322,558,filled01_filled02_filled12_,440,0.5416261343026724
336,564,filled01_filled02_filled12_,450,0.5496147712517523
346,574,filled01_filled02_filled12_,460,0.5530128470193786
355,585,filled01_filled02_filled12_,470,0.5544751482251482
366,594,filled01_filled02_filled12_,480,0.5601980183978169
376,604,filled01_filled02_filled12_,490,0.5623699525755992
382,618,filled01_filled02_filled12_,500,0.5578324221743739
390,630,filled01_filled02_filled12_,510,0.5614332362999997
393,647,filled01_filled02_filled12_,520,0.5522975074646608
403,657,filled01_filled02_filled12_,530,0.5528705561227433
415,665,filled01_filled02_filled12_,540,0.5551667690749018
425,675,filled01_filled02_filled12_,550,0.5578716984339475
430,690,filled01_filled02_filled12_,560,0.555900035268161
441,699,filled01_filled02_filled12_,570,0.5591182780023982
450,710,filled01_filled02_filled12_,580,0.561027807414109
460,720,filled01_filled02_filled12_,590,0.5643398475420118
469,731,filled01_filled02_filled12_,600,0.5658053368095993
478,742,filled01_filled02_filled12_,610,0.5680582260848034
484,756,filled01_filled02_filled12_,620,0.5687332711369136
495,765,filled01_filled02_filled12_,630,0.5740821488612649
500,780,filled01_filled02_filled12_,640,0.5703208615130717
506,794,filled01_filled02_filled12_,650,0.5690339526534287
516,804,filled01_filled02_filled12_,660,0.5694350879743415
523,817,filled01_filled02_filled12_,670,0.5700411785957423
532,828,filled01_filled02_filled12_,680,0.5713515430434267
542,838,filled01_filled02_filled12_,690,0.5728440097640004
549,851,filled01_filled02_filled12_,700,0.5718843431955379
557,863,filled01_filled02_filled12_,710,0.5697948309259708
563,877,filled01_filled02_filled12_,720,0.566634198714575
568,892,filled01_filled02_filled12_,730,0.5656029577705645
577,903,filled01_filled02_filled12_,740,0.5685799784630884
584,916,filled01_filled02_filled12_,750,0.5670348297448499
591,929,filled01_filled02_filled12_,760,0.5677091621352867
604,936,filled01_filled02_filled12_,770,0.5717494749662344
613,947,filled01_filled02_filled12_,780,0.5718578179530978
623,957,filled01_filled02_filled12_,790,0.5725937824810109
631,969,filled01_filled02_filled12_,800,0.5712483823938932
643,977,filled01_filled02_filled12_,810,0.5741231803548904
648,992,filled01_filled02_filled12_,820,0.5696734645146367
654,1006,filled01_filled02_filled12_,830,0.5702861127387958
659,1021,filled01_filled02_filled12_,840,0.5692803505069141
664,1036,filled01_filled02_filled12_,850,0.5651188520704301
674,1046,filled01_filled02_filled12_,860,0.565964780341523
682,1058,filled01_filled02_filled12_,870,0.5642455456295478
689,1071,filled01_filled02_filled12_,880,0.5622048501474093
698,1082,filled01_filled02_filled12_,890,0.562503424925578
709,1091,filled01_filled02_filled12_,900,0.5633513958298454
719,1101,filled01_filled02_filled12_,910,0.5654304561248371
728,1112,filled01_filled02_filled12_,920,0.5656451068679004
738,1122,filled01_filled02_filled12_,930,0.5647823904831406
745,1135,filled01_filled02_filled12_,940,0.5660548066160309
757,1143,filled01_filled02_filled12_,950,0.5689941175489569
766,1154,filled01_filled02_filled12_,960,0.5703142282164763
774,1166,filled01_filled02_filled12_,970,0.5700399651062654
784,1176,filled01_filled02_filled12_,980,0.5707147019626095
793,1187,filled01_filled02_filled12_,990,0.5713211598912963
802,1198,filled01_filled02_filled12_,1000,0.5696004750425024
809,1211,filled01_filled02_filled12_,1010,0.567684480430176
818,1222,filled01_filled02_filled12_,1020,0.5671163786128844
823,1237,filled01_filled02_filled12_,1030,0.5658593846141083
830,1250,filled01_filled02_filled12_,1040,0.5651356552777318
835,1265,filled01_filled02_filled12_,1050,0.5625756872845505
847,1273,filled01_filled02_filled12_,1060,0.5663411466631807
854,1286,filled01_filled02_filled12_,1070,0.5645737317178431
858,1302,filled01_filled02_filled12_,1080,0.5623078160287326
867,1313,filled01_filled02_filled12_,1090,0.5636641775143761
875,1325,filled01_filled02_filled12_,1100,0.5651770521187428
883,1337,filled01_filled02_filled12_,1110,0.565677207909146
890,1350,filled01_filled02_filled12_,1120,0.5633434117428989
895,1365,filled01_filled02_filled12_,1130,0.559927411371986
903,1377,filled01_filled02_filled12_,1140,0.5614782626043384
911,1389,filled01_filled02_filled12_,1150,0.5609460598920569
919,1401,filled01_filled02_filled12_,1160,0.5617726881168418
924,1416,filled01_filled02_filled12_,1170,0.5608241496348735
929,1431,filled01_filled02_filled12_,1180,0.5595259896151837
940,1440,filled01_filled02_filled12_,1190,0.5617962319301514
950,1450,filled01_filled02_filled12_,1200,0.562318551988441
958,1462,filled01_filled02_filled12_,1210,0.5621112116913317
971,1469,filled01_filled02_filled12_,1220,0.5632121647849279
979,1481,filled01_filled02_filled12_,1230,0.5624078897726711
982,1498,filled01_filled02_filled12_,1240,0.5588868414827729
990,1510,filled01_filled02_filled12_,1250,0.5594569164251438
998,1522,filled01_filled02_filled12_,1260,0.5602844220227204
1005,1535,filled01_filled02_filled12_,1270,0.5605192706789768
1012,1548,filled01_filled02_filled12_,1280,0.5597200754367755
1018,1562,filled01_filled02_filled12_,1290,0.559142458754055
1025,1575,filled01_filled02_filled12_,1300,0.5581199935308434
1031,1589,filled01_filled02_filled12_,1310,0.5558524132169481
1037,1603,filled01_filled02_filled12_,1320,0.5548047762286594
1046,1614,filled01_filled02_filled12_,1330,0.5541646962466645
1055,1625,filled01_filled02_filled12_,1340,0.5535949873145541
1065,1635,filled01_filled02_filled12_,1350,0.5534022717894632
1069,1651,filled01_filled02_filled12_,1360,0.552263790939263
1077,1663,filled01_filled02_filled12_,1370,0.551625025549996
1085,1675,filled01_filled02_filled12_,1380,0.5521178359899728
1091,1689,filled01_filled02_filled12_,1390,0.551153208431728
1101,1699,filled01_filled02_filled12_,1400,0.5520045212455932
1109,1711,filled01_filled02_filled12_,1410,0.5518938571859896
1115,1725,filled01_filled02_filled12_,1420,0.5512297309447299
1123,1737,filled01_filled02_filled12_,1430,0.5519314072360001
1132,1748,filled01_filled02_filled12_,1440,0.5537403113465311
1138,1762,filled01_filled02_filled12_,1450,0.5522808173048069
1147,1773,filled01_filled02_filled12_,1460,0.5519411264601418
1156,1784,filled01_filled02_filled12_,1470,0.5514383155835161
1166,1794,filled01_filled02_filled12_,1480,0.5510090905396715
1172,1808,filled01_filled02_filled12_,1490,0.552136877597505
1180,1820,filled01_filled02_filled12_,1500,0.5532810680132313
1188,1832,filled01_filled02_filled12_,1510,0.5542226574372453
1196,1844,filled01_filled02_filled12_,1520,0.5538715241892791
1202,1858,filled01_filled02_filled12_,1530,0.5534517899510457
1211,1869,filled01_filled02_filled12_,1540,0.5549034859257908
1217,1883,filled01_filled02_filled12_,1550,0.5537605746593127
1225,1895,filled01_filled02_filled12_,1560,0.5532126947383625
1233,1907,filled01_filled02_filled12_,1570,0.5531104522618767
1239,1921,filled01_filled02_filled12_,1580,0.5515035386208739
1248,1932,filled01_filled02_filled12_,1590,0.5522154978676718
1253,1947,filled01_filled02_filled12_,1600,0.5505803692033552
1260,1960,filled01_filled02_filled12_,1610,0.5502601015286448
1266,1974,filled01_filled02_filled12_,1620,0.5498895522075457
1271,1989,filled01_filled02_filled12_,1630,0.5483443444983603
1282,1998,filled01_filled02_filled12_,1640,0.548699372540261
1287,2013,filled01_filled02_filled12_,1650,0.5474412593745867
1291,2029,filled01_filled02_filled12_,1660,0.5468397431782651
1297,2043,filled01_filled02_filled12_,1670,0.5465254282217686
1303,2057,filled01_filled02_filled12_,1680,0.5455111557272715
1309,2071,filled01_filled02_filled12_,1690,0.5447649370531893
1314,2086,filled01_filled02_filled12_,1700,0.5435362860649394
1320,2100,filled01_filled02_filled12_,1710,0.5428129295181707
1324,2116,filled01_filled02_filled12_,1720,0.5420446246877854
1327,2133,filled01_filled02_filled12_,1730,0.5414702932535123
1334,2146,filled01_filled02_filled12_,1740,0.5397116236487268
1340,2160,filled01_filled02_filled12_,1750,0.5384021835515477
1350,2170,filled01_filled02_filled12_,1760,0.5387079059587436
1357,2183,filled01_filled02_filled12_,1770,0.5384460778054317
1365,2195,filled01_filled02_filled12_,1780,0.5376380779525672
1375,2205,filled01_filled02_filled12_,1790,0.5379449338866081
1380,2220,filled01_filled02_filled12_,1800,0.5366582567826441
1384,2236,filled01_filled02_filled12_,1810,0.5364041492343631
1387,2253,filled01_filled02_filled12_,1820,0.5364342140987498
1394,2266,filled01_filled02_filled12_,1830,0.5370116695269959
1402,2278,filled01_filled02_filled12_,1840,0.5372626074439214
1409,2291,filled01_filled02_filled12_,1850,0.536679770778531
1416,2304,filled01_filled02_filled12_,1860,0.5360614369297347
1419,2321,filled01_filled02_filled12_,1870,0.5353018840257281
1428,2332,filled01_filled02_filled12_,1880,0.5357861834031761
1435,2345,filled01_filled02_filled12_,1890,0.5348083279741888
1443,2357,filled01_filled02_filled12_,1900,0.5352285229223789
1449,2371,filled01_filled02_filled12_,1910,0.5352111411649075
1456,2384,filled01_filled02_filled12_,1920,0.5353806186927228
1461,2399,filled01_filled02_filled12_,1930,0.5353631840184193
1470,2410,filled01_filled02_filled12_,1940,0.5348376004513751
1476,2424,filled01_filled02_filled12_,1950,0.5344992807758273
1480,2440,filled01_filled02_filled12_,1960,0.5342495646351546
1489,2451,filled01_filled02_filled12_,1970,0.5347364331934401
1497,2463,filled01_filled02_filled12_,1980,0.5341841102620082
1500,2480,filled01_filled02_filled12_,1990,0.5327956478642801
1508,2492,filled01_filled02_filled12_,2000,0.5322796075267938
1514,2506,filled01_filled02_filled12_,2010,0.5326724121620662
1518,2522,filled01_filled02_filled12_,2020,0.532835016654491
1524,2536,filled01_filled02_filled12_,2030,0.532815082498717
1532,2548,filled01_filled02_filled12_,2040,0.5321335138960538
1539,2561,filled01_filled02_filled12_,2050,0.531443749562947
1545,2575,filled01_filled02_filled12_,2060,0.5318139163105808
1547,2593,filled01_filled02_filled12_,2070,0.5301043101394988
1552,2608,filled01_filled02_filled12_,2080,0.5299359287929756
1560,2620,filled01_filled02_filled12_,2090,0.5308854932498323
1569,2631,filled01_filled02_filled12_,2100,0.5309995950124136
1578,2642,filled01_filled02_filled12_,2110,0.5305301051584395
1588,2652,filled01_filled02_filled12_,2120,0.5313054235262321
1594,2666,filled01_filled02_filled12_,2130,0.5311285095895953
1600,2680,filled01_filled02_filled12_,2140,0.5309343278172557
1606,2694,filled01_filled02_filled12_,2150,0.5295349764596718
1611,2709,filled01_filled02_filled12_,2160,0.5293937630955028
1619,2721,filled01_filled02_filled12_,2170,0.5294775074171999
1624,2736,filled01_filled02_filled12_,2180,0.5282539258389942
1630,2750,filled01_filled02_filled12_,2190,0.5272179937136104
1637,2763,filled01_filled02_filled12_,2200,0.5264039077090396
1643,2777,filled01_filled02_filled12_,2210,0.5266308035848634
1650,2790,filled01_filled02_filled12_,2220,0.5269735410191392
1652,2808,filled01_filled02_filled12_,2230,0.526247247916961
1656,2824,filled01_filled02_filled12_,2240,0.5247501330205525
1666,2834,filled01_filled02_filled12_,2250,0.5250131459576431
1674,2846,filled01_filled02_filled12_,2260,0.5260998578266456
1681,2859,filled01_filled02_filled12_,2270,0.5264739440345585
1686,2874,filled01_filled02_filled12_,2280,0.5260121811636087
1695,2885,filled01_filled02_filled12_,2290,0.5256189992890336
1703,2897,filled01_filled02_filled12_,2300,0.5274893498854429
1710,2910,filled01_filled02_filled12_,2310,0.527222321329078
1723,2917,filled01_filled02_filled12_,2320,0.5294709933004405
1730,2930,filled01_filled02_filled12_,2330,0.5296531395742899
1733,2947,filled01_filled02_filled12_,2340,0.5291318934169239
1742,2958,filled01_filled02_filled12_,2350,0.5293531279441349
1749,2971,filled01_filled02_filled12_,2360,0.5298865746590536
1760,2980,filled01_filled02_filled12_,2370,0.5309599087766115
1765,2995,filled01_filled02_filled12_,2380,0.5299637665655402
1771,3009,filled01_filled02_filled12_,2390,0.5288736490777503
1777,3023,filled01_filled02_filled12_,2400,0.5290596898279699
1786,3034,filled01_filled02_filled12_,2410,0.5305730484494902
1793,3047,filled01_filled02_filled12_,2420,0.530417178781479
1799,3061,filled01_filled02_filled12_,2430,0.5296846881955594
1809,3071,filled01_filled02_filled12_,2440,0.5299053492267742
1816,3084,filled01_filled02_filled12_,2450,0.5294647467672703
1827,3093,filled01_filled02_filled12_,2460,0.531239204858553
1835,3105,filled01_filled02_filled12_,2470,0.5314641860510801
1843,3117,filled01_filled02_filled12_,2480,0.531495091492066
1849,3131,filled01_filled02_filled12_,2490,0.5318075804521017
1856,3144,filled01_filled02_filled12_,2500,0.5313832004702264
1863,3157,filled01_filled02_filled12_,2510,0.5309786624001099
1872,3168,filled01_filled02_filled12_,2520,0.5313354394350616
1879,3181,filled01_filled02_filled12_,2530,0.5324059015919945
1893,3187,filled01_filled02_filled12_,2540,0.5334465935839329
1900,3200,filled01_filled02_filled12_,2550,0.5329605612410416
1908,3212,filled01_filled02_filled12_,2560,0.5336986420741624
1916,3224,filled01_filled02_filled12_,2570,0.5338897894361757
1921,3239,filled01_filled02_filled12_,2580,0.5331118261221159
1925,3255,filled01_filled02_filled12_,2590,0.5317784648464866
1932,3268,filled01_filled02_filled12_,2600,0.53178280420203
1939,3281,filled01_filled02_filled12_,2610,0.5316789977429998
1944,3296,filled01_filled02_filled12_,2620,0.5318146249769266
1951,3309,filled01_filled02_filled12_,2630,0.5319983243947203
1958,3322,filled01_filled02_filled12_,2640,0.5311603440940914
1962,3338,filled01_filled02_filled12_,2650,0.53071961721237
1972,3348,filled01_filled02_filled12_,2660,0.5316195771875738
1982,3358,filled01_filled02_filled12_,2670,0.531561987210779
1991,3369,filled01_filled02_filled12_,2680,0.5318677764806868
2001,3379,filled01_filled02_filled12_,2690,0.5325034154806719
2007,3393,filled01_filled02_filled12_,2700,0.5326279220936478
2012,3408,filled01_filled02_filled12_,2710,0.5333545180870142
2019,3421,filled01_filled02_filled12_,2720,0.5336448840616684
2026,3434,filled01_filled02_filled12_,2730,0.5328263533135452
2034,3446,filled01_filled02_filled12_,2740,0.5331391855921999
2039,3461,filled01_filled02_filled12_,2750,0.5325579301885274
2048,3472,filled01_filled02_filled12_,2760,0.5330084588764711
2056,3484,filled01_filled02_filled12_,2770,0.5337198036841254
2064,3496,filled01_filled02_filled12_,2780,0.5340119942447125
2069,3511,filled01_filled02_filled12_,2790,0.5329206640444722
2079,3521,filled01_filled02_filled12_,2800,0.5329880495415256
2084,3536,filled01_filled02_filled12_,2810,0.5328692226728036
2091,3549,filled01_filled02_filled12_,2820,0.5329972031588125
2097,3563,filled01_filled02_filled12_,2830,0.5331422455935594
2107,3573,filled01_filled02_filled12_,2840,0.5335868134804662
2111,3589,filled01_filled02_filled12_,2850,0.5324861470230681
2117,3603,filled01_filled02_filled12_,2860,0.5322288925842682
2125,3615,filled01_filled02_filled12_,2870,0.5331687518666306
2133,3627,filled01_filled02_filled12_,2880,0.5330404443836424
2139,3641,filled01_filled02_filled12_,2890,0.5328336359429706
2147,3653,filled01_filled02_filled12_,2900,0.5330180306085154
2153,3667,filled01_filled02_filled12_,2910,0.5336544067194429
2160,3680,filled01_filled02_filled12_,2920,0.5339378319873411
2165,3695,filled01_filled02_filled12_,2930,0.5338103624509932
2168,3712,filled01_filled02_filled12_,2940,0.5344071208578284
2177,3723,filled01_filled02_filled12_,2950,0.5353635768870652
2186,3734,filled01_filled02_filled12_,2960,0.5362891313659803
2197,3743,filled01_filled02_filled12_,2970,0.5381414510166107
2204,3756,filled01_filled02_filled12_,2980,0.5386639008862365
2208,3772,filled01_filled02_filled12_,2990,0.5381037018740887
2221,3779,filled01_filled02_filled12_,3000,0.5392199802577483
2227,3793,filled01_filled02_filled12_,3010,0.5387242592480495
2230,3810,filled01_filled02_filled12_,3020,0.538416758523065
2236,3824,filled01_filled02_filled12_,3030,0.5381674317443635
2243,3837,filled01_filled02_filled12_,3040,0.5381638880080724
2251,3849,filled01_filled02_filled12_,3050,0.5379277016833127
2259,3861,filled01_filled02_filled12_,3060,0.5377862047677825
2263,3877,filled01_filled02_filled12_,3070,0.5374134569978285
2270,3890,filled01_filled02_filled12_,3080,0.5371770550005496
2281,3899,filled01_filled02_filled12_,3090,0.5378746093666046
2285,3915,filled01_filled02_filled12_,3100,0.5372335468431851
2291,3929,filled01_filled02_filled12_,3110,0.5364518258735299
2300,3940,filled01_filled02_filled12_,3120,0.5362450991592548
2307,3953,filled01_filled02_filled12_,3130,0.5358757004592105
2314,3966,filled01_filled02_filled12_,3140,0.5360328046447523
2325,3975,filled01_filled02_filled12_,3150,0.5369629991586863
2330,3990,filled01_filled02_filled12_,3160,0.5367514460319796
2337,4003,filled01_filled02_filled12_,3170,0.5365246853245007
2342,4018,filled01_filled02_filled12_,3180,0.5360367019787593
2348,4032,filled01_filled02_filled12_,3190,0.5360351567742959
2354,4046,filled01_filled02_filled12_,3200,0.5360473838869978
2362,4058,filled01_filled02_filled12_,3210,0.5360679947619326
2369,4071,filled01_filled02_filled12_,3220,0.5359589537106246
2379,4081,filled01_filled02_filled12_,3230,0.5362382018648808
2389,4091,filled01_filled02_filled12_,3240,0.5373348320917036
2395,4105,filled01_filled02_filled12_,3250,0.536264640418132
2401,4119,filled01_filled02_filled12_,3260,0.5357416211165399
2410,4130,filled01_filled02_filled12_,3270,0.5361111738200975
2415,4145,filled01_filled02_filled12_,3280,0.5359818816996874
2423,4157,filled01_filled02_filled12_,3290,0.5369438146594712
2433,4167,filled01_filled02_filled12_,3300,0.5377170401647121
2439,4181,filled01_filled02_filled12_,3310,0.5372222708645403
2449,4191,filled01_filled02_filled12_,3320,0.5376122548355915
2457,4203,filled01_filled02_filled12_,3330,0.5372896392807421
2463,4217,filled01_filled02_filled12_,3340,0.5367581879225165
2472,4228,filled01_filled02_filled12_,3350,0.5369009749859565
2481,4239,filled01_filled02_filled12_,3360,0.5371633531272711
2488,4252,filled01_filled02_filled12_,3370,0.5369358446837067
2493,4267,filled01_filled02_filled12_,3380,0.536342696469077
2500,4280,filled01_filled02_filled12_,3390,0.5362645206760819
2508,4292,filled01_filled02_filled12_,3400,0.536415805734114
2516,4304,filled01_filled02_filled12_,3410,0.5370143825528592
2523,4317,filled01_filled02_filled12_,3420,0.5364623395886453
2533,4327,filled01_filled02_filled12_,3430,0.537497550120253
2542,4338,filled01_filled02_filled12_,3440,0.5379481741931555
2546,4354,filled01_filled02_filled12_,3450,0.5371507786166824
2554,4366,filled01_filled02_filled12_,3460,0.537270863846833
2563,4377,filled01_filled02_filled12_,3470,0.537744449061843
2571,4389,filled01_filled02_filled12_,3480,0.5377198917510279
2578,4402,filled01_filled02_filled12_,3490,0.5378333805222751
2583,4417,filled01_filled02_filled12_,3500,0.5376814951754899
2587,4433,filled01_filled02_filled12_,3510,0.5373471745574626
2593,4447,filled01_filled02_filled12_,3520,0.5369077180213574
2598,4462,filled01_filled02_filled12_,3530,0.5367986444443656
2605,4475,filled01_filled02_filled12_,3540,0.5372313128135953
2613,4487,filled01_filled02_filled12_,3550,0.5375510931657267
2619,4501,filled01_filled02_filled12_,3560,0.5375461314319249
2628,4512,filled01_filled02_filled12_,3570,0.53795577459756
2632,4528,filled01_filled02_filled12_,3580,0.5371756700225555
2640,4540,filled01_filled02_filled12_,3590,0.5375047310098799
2647,4553,filled01_filled02_filled12_,3600,0.5379053896719485
2658,4562,filled01_filled02_filled12_,3610,0.5385777307450541
2666,4574,filled01_filled02_filled12_,3620,0.5389008764947255
2673,4587,filled01_filled02_filled12_,3630,0.5392308009595391
2677,4603,filled01_filled02_filled12_,3640,0.5389924753961745
2685,4615,filled01_filled02_filled12_,3650,0.5395345579435417
2694,4626,filled01_filled02_filled12_,3660,0.5398550239268816
2702,4638,filled01_filled02_filled12_,3670,0.540369000325359
2708,4652,filled01_filled02_filled12_,3680,0.5401363916874652
2716,4664,filled01_filled02_filled12_,3690,0.5405486588374028
2723,4677,filled01_filled02_filled12_,3700,0.5407477215646865
2728,4692,filled01_filled02_filled12_,3710,0.5405245969052498
2733,4707,filled01_filled02_filled12_,3720,0.5406082001850535
2740,4720,filled01_filled02_filled12_,3730,0.5405990240303057
2749,4731,filled01_filled02_filled12_,3740,0.5410416235639353
2755,4745,filled01_filled02_filled12_,3750,0.5414293521342667
2762,4758,filled01_filled02_filled12_,3760,0.5416123631610654
2768,4772,filled01_filled02_filled12_,3770,0.5413711722801259
2775,4785,filled01_filled02_filled12_,3780,0.5412525707532193
2782,4798,filled01_filled02_filled12_,3790,0.5416390782690913
2785,4815,filled01_filled02_filled12_,3800,0.5408049614701794
2794,4826,filled01_filled02_filled12_,3810,0.5413126479244517
2803,4837,filled01_filled02_filled12_,3820,0.5416155625209454
2813,4847,filled01_filled02_filled12_,3830,0.5423665370047096
2818,4862,filled01_filled02_filled12_,3840,0.5420303255331516
2825,4875,filled01_filled02_filled12_,3850,0.5423142468252972
2832,4888,filled01_filled02_filled12_,3860,0.5421006196103729
2838,4902,filled01_filled02_filled12_,3870,0.5419075655556104
2841,4919,filled01_filled02_filled12_,3880,0.5417832878504026
2847,4933,filled01_filled02_filled12_,3890,0.54147690204565
2851,4949,filled01_filled02_filled12_,3900,0.5406676432694378
2857,4963,filled01_filled02_filled12_,3910,0.5407510826652271
2862,4978,filled01_filled02_filled12_,3920,0.5403556711698547
2869,4991,filled01_filled02_filled12_,3930,0.5400801429853533
2874,5006,filled01_filled02_filled12_,3940,0.5399559416443864
2884,5016,filled01_filled02_filled12_,3950,0.5399637983804918
2890,5030,filled01_filled02_filled12_,3960,0.5395652791559487
2897,5043,filled01_filled02_filled12_,3970,0.5397651305963346
2906,5054,filled01_filled02_filled12_,3980,0.5399665615954288
2911,5069,filled01_filled02_filled12_,3990,0.539833455934787
2919,5081,filled01_filled02_filled12_,4000,0.539624586916822
2928,5092,filled01_filled02_filled12_,4010,0.5402211679126654
2939,5101,filled01_filled02_filled12_,4020,0.5410211930608946
2947,5113,filled01_filled02_filled12_,4030,0.5418627637040002
2953,5127,filled01_filled02_filled12_,4040,0.5413757415670103
2964,5136,filled01_filled02_filled12_,4050,0.5421369835236969
2971,5149,filled01_filled02_filled12_,4060,0.5421149842607279
2980,5160,filled01_filled02_filled12_,4070,0.5429692525814594
2987,5173,filled01_filled02_filled12_,4080,0.5432460782570273
2994,5186,filled01_filled02_filled12_,4090,0.5438721393086833
2999,5201,filled01_filled02_filled12_,4100,0.543753983122043
3004,5216,filled01_filled02_filled12_,4110,0.5435370571004595
3013,5227,filled01_filled02_filled12_,4120,0.5438622756211632
3018,5242,filled01_filled02_filled12_,4130,0.5433785739800375
3026,5254,filled01_filled02_filled12_,4140,0.5435630641242896
3034,5266,filled01_filled02_filled12_,4150,0.5438557291768223
3042,5278,filled01_filled02_filled12_,4160,0.5436742897808619
3049,5291,filled01_filled02_filled12_,4170,0.5436287956016805
3060,5300,filled01_filled02_filled12_,4180,0.5443828056665762
3071,5309,filled01_filled02_filled12_,4190,0.5443906030558314
3078,5322,filled01_filled02_filled12_,4200,0.5443837177646791
3087,5333,filled01_filled02_filled12_,4210,0.5447590848111897
3093,5347,filled01_filled02_filled12_,4220,0.5451194448239901
3099,5361,filled01_filled02_filled12_,4230,0.5452072425256024
3101,5379,filled01_filled02_filled12_,4240,0.5445361125213236
3107,5393,filled01_filled02_filled12_,4250,0.5443659225595
3114,5406,filled01_filled02_filled12_,4260,0.5445323345106958
3120,5420,filled01_filled02_filled12_,4270,0.5446011322501311
3128,5432,filled01_filled02_filled12_,4280,0.5447566493886937
3135,5445,filled01_filled02_filled12_,4290,0.5445474858703889
3141,5459,filled01_filled02_filled12_,4300,0.544273294052133
3145,5475,filled01_filled02_filled12_,4310,0.5440549122059758
3154,5486,filled01_filled02_filled12_,4320,0.5441355182134026
3163,5497,filled01_filled02_filled12_,4330,0.5437909010484011
3169,5511,filled01_filled02_filled12_,4340,0.5434815148798318
3176,5524,filled01_filled02_filled12_,4350,0.5434026347559437
3182,5538,filled01_filled02_filled12_,4360,0.5431253465991696
3190,5550,filled01_filled02_filled12_,4370,0.5432066732898578
3198,5562,filled01_filled02_filled12_,4380,0.5437370296304783
3199,5581,filled01_filled02_filled12_,4390,0.5432716894583273
3207,5593,filled01_filled02_filled12_,4400,0.543342035587071
3216,5604,filled01_filled02_filled12_,4410,0.5437856920933927
3221,5619,filled01_filled02_filled12_,4420,0.5434080582491334
3227,5633,filled01_filled02_filled12_,4430,0.5434970625743224
3235,5645,filled01_filled02_filled12_,4440,0.5435960301476724
3241,5659,filled01_filled02_filled12_,4450,0.5431389686677112
3247,5673,filled01_filled02_filled12_,4460,0.5432182832546079
3254,5686,filled01_filled02_filled12_,4470,0.5432774999921551
3262,5698,filled01_filled02_filled12_,4480,0.5430806457808713
3273,5707,filled01_filled02_filled12_,4490,0.5433437083022835
3280,5720,filled01_filled02_filled12_,4500,0.5431573196436079
3285,5735,filled01_filled02_filled12_,4510,0.5430720313444649
3293,5747,filled01_filled02_filled12_,4520,0.5434858366321667
3297,5763,filled01_filled02_filled12_,4530,0.5435533488007355
3305,5775,filled01_filled02_filled12_,4540,0.5440459642294505
3313,5787,filled01_filled02_filled12_,4550,0.5441410030826256
3318,5802,filled01_filled02_filled12_,4560,0.5438456431257975
3324,5816,filled01_filled02_filled12_,4570,0.5433192753393906
3329,5831,filled01_filled02_filled12_,4580,0.5427861690417345
3332,5848,filled01_filled02_filled12_,4590,0.5423174633432183
3341,5859,filled01_filled02_filled12_,4600,0.5427443581222379
3349,5871,filled01_filled02_filled12_,4610,0.5429912207847994
3359,5881,filled01_filled02_filled12_,4620,0.5437716007975711
3365,5895,filled01_filled02_filled12_,4630,0.543837777026
3373,5907,filled01_filled02_filled12_,4640,0.5437535382189017
3376,5924,filled01_filled02_filled12_,4650,0.5426357058406707
3385,5935,filled01_filled02_filled12_,4660,0.5428984590446405
3391,5949,filled01_filled02_filled12_,4670,0.5428962273590051
3401,5959,filled01_filled02_filled12_,4680,0.5432360064289549
3407,5973,filled01_filled02_filled12_,4690,0.5434688303277498
3415,5985,filled01_filled02_filled12_,4700,0.5435434179329416
3422,5998,filled01_filled02_filled12_,4710,0.5438024271243328
3432,6008,filled01_filled02_filled12_,4720,0.543953572346152
3440,6020,filled01_filled02_filled12_,4730,0.5443479900255271
3449,6031,filled01_filled02_filled12_,4740,0.5441773362269641
3453,6047,filled01_filled02_filled12_,4750,0.5433506550371646
3462,6058,filled01_filled02_filled12_,4760,0.5436068196385739
3471,6069,filled01_filled02_filled12_,4770,0.5440846220685344
3478,6082,filled01_filled02_filled12_,4780,0.5441752977007707
3486,6094,filled01_filled02_filled12_,4790,0.5441701489054437
3493,6107,filled01_filled02_filled12_,4800,0.5444047782972429
3500,6120,filled01_filled02_filled12_,4810,0.5442277047880176
3505,6135,filled01_filled02_filled12_,4820,0.5444619103816764
3510,6150,filled01_filled02_filled12_,4830,0.5441150479295381
3516,6164,filled01_filled02_filled12_,4840,0.5440162207127516
3522,6178,filled01_filled02_filled12_,4850,0.543936189802608
3529,6191,filled01_filled02_filled12_,4860,0.5440836159546012
3535,6205,filled01_filled02_filled12_,4870,0.5443917701431515
3542,6218,filled01_filled02_filled12_,4880,0.543820948730169
3549,6231,filled01_filled02_filled12_,4890,0.5436208200799034
3558,6242,filled01_filled02_filled12_,4900,0.5440860101153523
3565,6255,filled01_filled02_filled12_,4910,0.544222938944387
3574,6266,filled01_filled02_filled12_,4920,0.5445440267207303
3580,6280,filled01_filled02_filled12_,4930,0.544790452337964
3586,6294,filled01_filled02_filled12_,4940,0.5446355545154068
3594,6306,filled01_filled02_filled12_,4950,0.5448621444559848
3601,6319,filled01_filled02_filled12_,4960,0.5453482636592671
3604,6336,filled01_filled02_filled12_,4970,0.5449928402403548
3613,6347,filled01_filled02_filled12_,4980,0.5452256373835501
3621,6359,filled01_filled02_filled12_,4990,0.5454404404810873
