size intersection,size union,state,k,mean JI
4,16,filled01_filled02_filled12_,10,0.3055555555555555
9,31,filled01_filled02_filled12_,20,0.3199851687059696
18,42,filled01_filled02_filled12_,30,0.46520146520146516
26,54,filled01_filled02_filled12_,40,0.5001164686699278
33,67,filled01_filled02_filled12_,50,0.5231534634519709
39,81,filled01_filled02_filled12_,60,0.5261281927948595
46,94,filled01_filled02_filled12_,70,0.5277929320482512
54,106,filled01_filled02_filled12_,80,0.5492985002418965
64,116,filled01_filled02_filled12_,90,0.5701970443349753
74,126,filled01_filled02_filled12_,100,0.5916693209047793
77,143,filled01_filled02_filled12_,110,0.560493013118147
86,154,filled01_filled02_filled12_,120,0.5686721259476677
89,171,filled01_filled02_filled12_,130,0.5541634907519498
97,183,filled01_filled02_filled12_,140,0.5557780542432592
99,201,filled01_filled02_filled12_,150,0.5257968681572313
108,212,filled01_filled02_filled12_,160,0.5314063652765908
115,225,filled01_filled02_filled12_,170,0.5364876397134462
128,232,filled01_filled02_filled12_,180,0.5408118725447403
137,243,filled01_filled02_filled12_,190,0.5536878548904519
144,256,filled01_filled02_filled12_,200,0.5511869952659426
150,270,filled01_filled02_filled12_,210,0.548431430294361
159,281,filled01_filled02_filled12_,220,0.5589251006143187
166,294,filled01_filled02_filled12_,230,0.5576844197029472
174,306,filled01_filled02_filled12_,240,0.5618806662449926
183,317,filled01_filled02_filled12_,250,0.5674391947074026
188,332,filled01_filled02_filled12_,260,0.5647160888792793
197,343,filled01_filled02_filled12_,270,0.5622797838635711
205,355,filled01_filled02_filled12_,280,0.5643511885598791
214,366,filled01_filled02_filled12_,290,0.5649028127592928
219,381,filled01_filled02_filled12_,300,0.5612038132539131
230,390,filled01_filled02_filled12_,310,0.5632478632478634
235,405,filled01_filled02_filled12_,320,0.5524848318807326
240,420,filled01_filled02_filled12_,330,0.5482912655043802
242,438,filled01_filled02_filled12_,340,0.5431448308160637
247,453,filled01_filled02_filled12_,350,0.5396109162022841
254,466,filled01_filled02_filled12_,360,0.5406671676690471
261,479,filled01_filled02_filled12_,370,0.5406071845544207
267,493,filled01_filled02_filled12_,380,0.5426350652304226
275,505,filled01_filled02_filled12_,390,0.5404925107895405
282,518,filled01_filled02_filled12_,400,0.5424215424215424
293,527,filled01_filled02_filled12_,410,0.5560108457018264
301,539,filled01_filled02_filled12_,420,0.5526908515838405
310,550,filled01_filled02_filled12_,430,0.5579948204267624
317,563,filled01_filled02_filled12_,440,0.5612107494092435
322,578,filled01_filled02_filled12_,450,0.5570965328042975
329,591,filled01_filled02_filled12_,460,0.55668358714044
336,604,filled01_filled02_filled12_,470,0.5554396037936632
346,614,filled01_filled02_filled12_,480,0.5635179153094463
354,626,filled01_filled02_filled12_,490,0.5630010556371757
360,640,filled01_filled02_filled12_,500,0.5616874674986999
370,650,filled01_filled02_filled12_,510,0.5708452041785376
379,661,filled01_filled02_filled12_,520,0.5710136754805917
387,673,filled01_filled02_filled12_,530,0.5680679258195628
393,687,filled01_filled02_filled12_,540,0.567515453978336
398,702,filled01_filled02_filled12_,550,0.5677094159747952
406,714,filled01_filled02_filled12_,560,0.5737919481387534
415,725,filled01_filled02_filled12_,570,0.5761020060111101
422,738,filled01_filled02_filled12_,580,0.5739890878256585
430,750,filled01_filled02_filled12_,590,0.574055947790607
440,760,filled01_filled02_filled12_,600,0.5755073959408324
446,774,filled01_filled02_filled12_,610,0.5701640701978379
456,784,filled01_filled02_filled12_,620,0.572301486966468
464,796,filled01_filled02_filled12_,630,0.5737300023691659
470,810,filled01_filled02_filled12_,640,0.5718919643392648
476,824,filled01_filled02_filled12_,650,0.5707420111233842
488,832,filled01_filled02_filled12_,660,0.5753142110336932
492,848,filled01_filled02_filled12_,670,0.5772522078320513
498,862,filled01_filled02_filled12_,680,0.5736269694921211
504,876,filled01_filled02_filled12_,690,0.5689673686220597
514,886,filled01_filled02_filled12_,700,0.5744470120550081
523,897,filled01_filled02_filled12_,710,0.5768242709388088
531,909,filled01_filled02_filled12_,720,0.5785935564775081
537,923,filled01_filled02_filled12_,730,0.5785586203107497
545,935,filled01_filled02_filled12_,740,0.578488994865427
552,948,filled01_filled02_filled12_,750,0.5785797226599669
560,960,filled01_filled02_filled12_,760,0.5813619699799405
567,973,filled01_filled02_filled12_,770,0.5812564004769847
573,987,filled01_filled02_filled12_,780,0.579611113790865
580,1000,filled01_filled02_filled12_,790,0.5832556080520922
589,1011,filled01_filled02_filled12_,800,0.5842175171320249
595,1025,filled01_filled02_filled12_,810,0.5846654757846821
599,1041,filled01_filled02_filled12_,820,0.5846481924384684
608,1052,filled01_filled02_filled12_,830,0.586603623970252
617,1063,filled01_filled02_filled12_,840,0.5905345767013707
622,1078,filled01_filled02_filled12_,850,0.5874381058865449
629,1091,filled01_filled02_filled12_,860,0.5858874758140513
638,1102,filled01_filled02_filled12_,870,0.5867334588677694
646,1114,filled01_filled02_filled12_,880,0.587581062043442
652,1128,filled01_filled02_filled12_,890,0.5865600844608733
667,1133,filled01_filled02_filled12_,900,0.5920763388230829
675,1145,filled01_filled02_filled12_,910,0.5942664729771283
684,1156,filled01_filled02_filled12_,920,0.595024007933946
690,1170,filled01_filled02_filled12_,930,0.5952852573155556
697,1183,filled01_filled02_filled12_,940,0.594184133404564
705,1195,filled01_filled02_filled12_,950,0.5949271762510332
711,1209,filled01_filled02_filled12_,960,0.5934432864151625
723,1217,filled01_filled02_filled12_,970,0.5963668736079879
730,1230,filled01_filled02_filled12_,980,0.5966211222773589
739,1241,filled01_filled02_filled12_,990,0.5994508340744096
748,1252,filled01_filled02_filled12_,1000,0.6001177068952911
754,1266,filled01_filled02_filled12_,1010,0.6007934348676184
759,1281,filled01_filled02_filled12_,1020,0.600618264815361
764,1296,filled01_filled02_filled12_,1030,0.598316934519889
774,1306,filled01_filled02_filled12_,1040,0.5985132738021575
780,1320,filled01_filled02_filled12_,1050,0.5954763821580977
788,1332,filled01_filled02_filled12_,1060,0.5945137601825247
796,1344,filled01_filled02_filled12_,1070,0.5939436520695422
801,1359,filled01_filled02_filled12_,1080,0.5942337059052466
808,1372,filled01_filled02_filled12_,1090,0.5960627532217379
815,1385,filled01_filled02_filled12_,1100,0.5954843752345886
824,1396,filled01_filled02_filled12_,1110,0.596134951927552
831,1409,filled01_filled02_filled12_,1120,0.5952472947881732
838,1422,filled01_filled02_filled12_,1130,0.5954780983683508
845,1435,filled01_filled02_filled12_,1140,0.5953818679053395
850,1450,filled01_filled02_filled12_,1150,0.59373585647064
857,1463,filled01_filled02_filled12_,1160,0.594313483433848
865,1475,filled01_filled02_filled12_,1170,0.5974691440515575
874,1486,filled01_filled02_filled12_,1180,0.5990954316494473
882,1498,filled01_filled02_filled12_,1190,0.5985658432329121
890,1510,filled01_filled02_filled12_,1200,0.5994581682559228
897,1523,filled01_filled02_filled12_,1210,0.6017754554938405
905,1535,filled01_filled02_filled12_,1220,0.6019240896627521
913,1547,filled01_filled02_filled12_,1230,0.6020859510614964
920,1560,filled01_filled02_filled12_,1240,0.6022454692514314
927,1573,filled01_filled02_filled12_,1250,0.6010090611062159
934,1586,filled01_filled02_filled12_,1260,0.6018584026858197
940,1600,filled01_filled02_filled12_,1270,0.6020469241114745
949,1611,filled01_filled02_filled12_,1280,0.6001523115400381
955,1625,filled01_filled02_filled12_,1290,0.5983370633087853
962,1638,filled01_filled02_filled12_,1300,0.59655514635242
970,1650,filled01_filled02_filled12_,1310,0.597039718320321
977,1663,filled01_filled02_filled12_,1320,0.5962609325023932
986,1674,filled01_filled02_filled12_,1330,0.5961268595579209
993,1687,filled01_filled02_filled12_,1340,0.5962808055167081
998,1702,filled01_filled02_filled12_,1350,0.5945628180208565
1006,1714,filled01_filled02_filled12_,1360,0.5963085140561067
1012,1728,filled01_filled02_filled12_,1370,0.5946415618517068
1021,1739,filled01_filled02_filled12_,1380,0.5957669291938128
1028,1752,filled01_filled02_filled12_,1390,0.5953299687044667
1033,1767,filled01_filled02_filled12_,1400,0.5946276447521202
1039,1781,filled01_filled02_filled12_,1410,0.5936201461622462
1049,1791,filled01_filled02_filled12_,1420,0.5937966476372795
1053,1807,filled01_filled02_filled12_,1430,0.5913295818164425
1063,1817,filled01_filled02_filled12_,1440,0.5912229869531913
1071,1829,filled01_filled02_filled12_,1450,0.5911203231648215
1082,1838,filled01_filled02_filled12_,1460,0.5939268145464642
1087,1853,filled01_filled02_filled12_,1470,0.5935488923681042
1094,1866,filled01_filled02_filled12_,1480,0.5931565736491239
1103,1877,filled01_filled02_filled12_,1490,0.5927640246315711
1107,1893,filled01_filled02_filled12_,1500,0.5884591870967791
1117,1903,filled01_filled02_filled12_,1510,0.588673956439179
1123,1917,filled01_filled02_filled12_,1520,0.5883306527560014
1128,1932,filled01_filled02_filled12_,1530,0.5868911918430373
1136,1944,filled01_filled02_filled12_,1540,0.5876663720246059
1147,1953,filled01_filled02_filled12_,1550,0.5881584137262155
1154,1966,filled01_filled02_filled12_,1560,0.5878112258922652
1164,1976,filled01_filled02_filled12_,1570,0.5877600121162758
1171,1989,filled01_filled02_filled12_,1580,0.588227472389674
1176,2004,filled01_filled02_filled12_,1590,0.5873808789607488
1185,2015,filled01_filled02_filled12_,1600,0.5870605859813124
1193,2027,filled01_filled02_filled12_,1610,0.5877946073637347
1197,2043,filled01_filled02_filled12_,1620,0.5856672377922826
1205,2055,filled01_filled02_filled12_,1630,0.5835696863239966
1210,2070,filled01_filled02_filled12_,1640,0.581256413041736
1216,2084,filled01_filled02_filled12_,1650,0.5809861134823305
1223,2097,filled01_filled02_filled12_,1660,0.5802180019276058
1232,2108,filled01_filled02_filled12_,1670,0.5807086209500895
1237,2123,filled01_filled02_filled12_,1680,0.5792098969086709
1244,2136,filled01_filled02_filled12_,1690,0.5787086542163566
1252,2148,filled01_filled02_filled12_,1700,0.5774969918914031
1256,2164,filled01_filled02_filled12_,1710,0.5774954705173446
1263,2177,filled01_filled02_filled12_,1720,0.576300078370251
1268,2192,filled01_filled02_filled12_,1730,0.5746425159119394
1277,2203,filled01_filled02_filled12_,1740,0.5751448928298033
1284,2216,filled01_filled02_filled12_,1750,0.5739876056646825
1292,2228,filled01_filled02_filled12_,1760,0.5740173203497706
1299,2241,filled01_filled02_filled12_,1770,0.5738129913440995
1311,2249,filled01_filled02_filled12_,1780,0.5740902695362089
1319,2261,filled01_filled02_filled12_,1790,0.5745755014264314
1326,2274,filled01_filled02_filled12_,1800,0.5750558269571152
1336,2284,filled01_filled02_filled12_,1810,0.5759979647251656
1343,2297,filled01_filled02_filled12_,1820,0.5757885048191898
1349,2311,filled01_filled02_filled12_,1830,0.5749014524411705
1359,2321,filled01_filled02_filled12_,1840,0.5749297178512416
1363,2337,filled01_filled02_filled12_,1850,0.5738271242745232
1368,2352,filled01_filled02_filled12_,1860,0.5725221557292537
1375,2365,filled01_filled02_filled12_,1870,0.5721165990808874
1381,2379,filled01_filled02_filled12_,1880,0.5723655895994947
1389,2391,filled01_filled02_filled12_,1890,0.5732705797861329
1393,2407,filled01_filled02_filled12_,1900,0.5717789178485652
1399,2421,filled01_filled02_filled12_,1910,0.5711686377665829
1402,2438,filled01_filled02_filled12_,1920,0.5694923267046388
1409,2451,filled01_filled02_filled12_,1930,0.5697528081168953
1418,2462,filled01_filled02_filled12_,1940,0.569805079753417
1428,2472,filled01_filled02_filled12_,1950,0.5698580944698413
1435,2485,filled01_filled02_filled12_,1960,0.5696938836437527
1442,2498,filled01_filled02_filled12_,1970,0.5699466498367342
1453,2507,filled01_filled02_filled12_,1980,0.5710361545945787
1462,2518,filled01_filled02_filled12_,1990,0.5706708760563285
1468,2532,filled01_filled02_filled12_,2000,0.5694819051418933
1479,2541,filled01_filled02_filled12_,2010,0.5715751269612253
1488,2552,filled01_filled02_filled12_,2020,0.5726328143995715
1495,2565,filled01_filled02_filled12_,2030,0.5722584435868034
1501,2579,filled01_filled02_filled12_,2040,0.5732907728933901
1510,2590,filled01_filled02_filled12_,2050,0.5737247712847885
1518,2602,filled01_filled02_filled12_,2060,0.573353087266519
1527,2613,filled01_filled02_filled12_,2070,0.5753712539438981
1533,2627,filled01_filled02_filled12_,2080,0.5738051298850545
1541,2639,filled01_filled02_filled12_,2090,0.5742246434475929
1550,2650,filled01_filled02_filled12_,2100,0.5746449646565321
1560,2660,filled01_filled02_filled12_,2110,0.5756498841389975
1566,2674,filled01_filled02_filled12_,2120,0.575465247348935
1573,2687,filled01_filled02_filled12_,2130,0.5762518901553658
1578,2702,filled01_filled02_filled12_,2140,0.5762597167884368
1586,2714,filled01_filled02_filled12_,2150,0.5766555676260893
1594,2726,filled01_filled02_filled12_,2160,0.5760966542342586
1602,2738,filled01_filled02_filled12_,2170,0.5766821260488345
1606,2754,filled01_filled02_filled12_,2180,0.5761149669214426
1613,2767,filled01_filled02_filled12_,2190,0.5761261055415446
1619,2781,filled01_filled02_filled12_,2200,0.5761330750553877
1627,2793,filled01_filled02_filled12_,2210,0.5765217102750367
1633,2807,filled01_filled02_filled12_,2220,0.5757916486191266
1639,2821,filled01_filled02_filled12_,2230,0.576734812955748
1647,2833,filled01_filled02_filled12_,2240,0.5771120420621348
1653,2847,filled01_filled02_filled12_,2250,0.5761965492536951
1662,2858,filled01_filled02_filled12_,2260,0.5771274337868039
1669,2871,filled01_filled02_filled12_,2270,0.577317046695195
1678,2882,filled01_filled02_filled12_,2280,0.5782339952623413
1687,2893,filled01_filled02_filled12_,2290,0.5786023144516683
1692,2908,filled01_filled02_filled12_,2300,0.5780654674683796
1700,2920,filled01_filled02_filled12_,2310,0.5771734339030615
1704,2936,filled01_filled02_filled12_,2320,0.577179118679145
1710,2950,filled01_filled02_filled12_,2330,0.5762992675586659
1716,2964,filled01_filled02_filled12_,2340,0.5766690442455137
1722,2978,filled01_filled02_filled12_,2350,0.5763256083645837
1728,2992,filled01_filled02_filled12_,2360,0.5759820391781808
1732,3008,filled01_filled02_filled12_,2370,0.5754748408220246
1741,3019,filled01_filled02_filled12_,2380,0.5760224369273933
1747,3033,filled01_filled02_filled12_,2390,0.5756967078414834
1751,3049,filled01_filled02_filled12_,2400,0.5741667329666078
1760,3060,filled01_filled02_filled12_,2410,0.5752176811264909
1766,3074,filled01_filled02_filled12_,2420,0.5755801050250184
1774,3086,filled01_filled02_filled12_,2430,0.5766218290254611
1783,3097,filled01_filled02_filled12_,2440,0.5766226867440857
1792,3108,filled01_filled02_filled12_,2450,0.5764625762477199
1799,3121,filled01_filled02_filled12_,2460,0.57596750210853
1809,3131,filled01_filled02_filled12_,2470,0.5761453142846732
1816,3144,filled01_filled02_filled12_,2480,0.5764876376014373
1822,3158,filled01_filled02_filled12_,2490,0.5766567680275106
1829,3171,filled01_filled02_filled12_,2500,0.5760143558922056
1834,3186,filled01_filled02_filled12_,2510,0.5768466602385786
1840,3200,filled01_filled02_filled12_,2520,0.5775059862578049
1847,3213,filled01_filled02_filled12_,2530,0.5766997176037322
1853,3227,filled01_filled02_filled12_,2540,0.5763783344187129
1864,3236,filled01_filled02_filled12_,2550,0.5780160015323365
1869,3251,filled01_filled02_filled12_,2560,0.5770496559824965
1875,3265,filled01_filled02_filled12_,2570,0.5756122170245114
1882,3278,filled01_filled02_filled12_,2580,0.5751436771010393
1892,3288,filled01_filled02_filled12_,2590,0.576278748336747
1903,3297,filled01_filled02_filled12_,2600,0.5777281194343595
1916,3304,filled01_filled02_filled12_,2610,0.5780446650612181
1923,3317,filled01_filled02_filled12_,2620,0.579473914000675
1927,3333,filled01_filled02_filled12_,2630,0.578848823883749
1935,3345,filled01_filled02_filled12_,2640,0.5793237058105921
1941,3359,filled01_filled02_filled12_,2650,0.5793178454180893
1948,3372,filled01_filled02_filled12_,2660,0.5790013374868677
1951,3389,filled01_filled02_filled12_,2670,0.5786898876954399
1958,3402,filled01_filled02_filled12_,2680,0.5791570826394753
1964,3416,filled01_filled02_filled12_,2690,0.5783857303562655
1971,3429,filled01_filled02_filled12_,2700,0.5782295901388098
1975,3445,filled01_filled02_filled12_,2710,0.5773148830925328
1977,3463,filled01_filled02_filled12_,2720,0.575954943157558
1980,3480,filled01_filled02_filled12_,2730,0.5749002275435492
1984,3496,filled01_filled02_filled12_,2740,0.5747754264025131
1993,3507,filled01_filled02_filled12_,2750,0.5753931168766239
2001,3519,filled01_filled02_filled12_,2760,0.5760068602235804
2011,3529,filled01_filled02_filled12_,2770,0.5767608208388659
2016,3544,filled01_filled02_filled12_,2780,0.5769193646959919
2023,3557,filled01_filled02_filled12_,2790,0.5764793790445989
2028,3572,filled01_filled02_filled12_,2800,0.57590438101767
2034,3586,filled01_filled02_filled12_,2810,0.5759181026207413
2045,3595,filled01_filled02_filled12_,2820,0.5769576054772974
2052,3608,filled01_filled02_filled12_,2830,0.5763745638687409
2061,3619,filled01_filled02_filled12_,2840,0.5766673635868532
2071,3629,filled01_filled02_filled12_,2850,0.5772543474195961
2077,3643,filled01_filled02_filled12_,2860,0.576978958394561
2084,3656,filled01_filled02_filled12_,2870,0.5758250598629139
2089,3671,filled01_filled02_filled12_,2880,0.575707495869692
2098,3682,filled01_filled02_filled12_,2890,0.5757221116674206
2103,3697,filled01_filled02_filled12_,2900,0.5751708473078012
2112,3708,filled01_filled02_filled12_,2910,0.5750382077278391
2120,3720,filled01_filled02_filled12_,2920,0.5749015512603992
2132,3728,filled01_filled02_filled12_,2930,0.5758983783385804
2140,3740,filled01_filled02_filled12_,2940,0.5759121319987178
2147,3753,filled01_filled02_filled12_,2950,0.5753623532012273
2153,3767,filled01_filled02_filled12_,2960,0.5744120418041044
2160,3780,filled01_filled02_filled12_,2970,0.5744347375984333
2168,3792,filled01_filled02_filled12_,2980,0.5750048832563884
2174,3806,filled01_filled02_filled12_,2990,0.5748829250008795
2182,3818,filled01_filled02_filled12_,3000,0.5744788382269971
2191,3829,filled01_filled02_filled12_,3010,0.5742148433276579
2198,3842,filled01_filled02_filled12_,3020,0.5747859652415485
2202,3858,filled01_filled02_filled12_,3030,0.5746680925340266
2209,3871,filled01_filled02_filled12_,3040,0.5746698782733418
2216,3884,filled01_filled02_filled12_,3050,0.5741431287239859
2221,3899,filled01_filled02_filled12_,3060,0.5741633497614997
2231,3909,filled01_filled02_filled12_,3070,0.5743131064009984
2241,3919,filled01_filled02_filled12_,3080,0.5752743504598394
2247,3933,filled01_filled02_filled12_,3090,0.5751555111139516
2254,3946,filled01_filled02_filled12_,3100,0.5752965222098282
2264,3956,filled01_filled02_filled12_,3110,0.5746372516315871
2272,3968,filled01_filled02_filled12_,3120,0.574780667636477
2279,3981,filled01_filled02_filled12_,3130,0.5751955324857126
2289,3991,filled01_filled02_filled12_,3140,0.5763960978037074
2295,4005,filled01_filled02_filled12_,3150,0.5762571375944004
2303,4017,filled01_filled02_filled12_,3160,0.5774457502646613
2314,4026,filled01_filled02_filled12_,3170,0.5779653849789582
2323,4037,filled01_filled02_filled12_,3180,0.5774385645516102
2328,4052,filled01_filled02_filled12_,3190,0.5765335549635205
2338,4062,filled01_filled02_filled12_,3200,0.5774614659799582
2345,4075,filled01_filled02_filled12_,3210,0.5769552249980006
2350,4090,filled01_filled02_filled12_,3220,0.5764447046763387
2355,4105,filled01_filled02_filled12_,3230,0.5763250969797061
2365,4115,filled01_filled02_filled12_,3240,0.5774703401062574
2374,4126,filled01_filled02_filled12_,3250,0.5777274661005599
2379,4141,filled01_filled02_filled12_,3260,0.5770991189436684
2387,4153,filled01_filled02_filled12_,3270,0.576582359749207
2401,4159,filled01_filled02_filled12_,3280,0.5773569516842376
2406,4174,filled01_filled02_filled12_,3290,0.5771152965362472
2415,4185,filled01_filled02_filled12_,3300,0.577122405923123
2426,4194,filled01_filled02_filled12_,3310,0.5781211840643733
2434,4206,filled01_filled02_filled12_,3320,0.5778772335032223
2442,4218,filled01_filled02_filled12_,3330,0.5791308921419492
2448,4232,filled01_filled02_filled12_,3340,0.5788851475431543
2458,4242,filled01_filled02_filled12_,3350,0.5798818679562242
2465,4255,filled01_filled02_filled12_,3360,0.5796372458488154
2473,4267,filled01_filled02_filled12_,3370,0.5793922753034457
2481,4279,filled01_filled02_filled12_,3380,0.5795289563550169
2488,4292,filled01_filled02_filled12_,3390,0.5792933373530161
2494,4306,filled01_filled02_filled12_,3400,0.5795318993544738
2499,4321,filled01_filled02_filled12_,3410,0.5779461557541169
2505,4335,filled01_filled02_filled12_,3420,0.5778163059388414
2515,4345,filled01_filled02_filled12_,3430,0.5780615110176913
2524,4356,filled01_filled02_filled12_,3440,0.5781891217401087
2533,4367,filled01_filled02_filled12_,3450,0.5783118449925908
2541,4379,filled01_filled02_filled12_,3460,0.5780784162578472
2549,4391,filled01_filled02_filled12_,3470,0.5780946760795073
2557,4403,filled01_filled02_filled12_,3480,0.5780925605298252
2562,4418,filled01_filled02_filled12_,3490,0.5777327801947435
2568,4432,filled01_filled02_filled12_,3500,0.5772619522686966
2578,4442,filled01_filled02_filled12_,3510,0.5773837678964727
2588,4452,filled01_filled02_filled12_,3520,0.5776250898336811
2598,4462,filled01_filled02_filled12_,3530,0.5784497747754388
2604,4476,filled01_filled02_filled12_,3540,0.5779818276403672
2610,4490,filled01_filled02_filled12_,3550,0.5777499728877689
2618,4502,filled01_filled02_filled12_,3560,0.578337400480367
2624,4516,filled01_filled02_filled12_,3570,0.578114443667422
2629,4531,filled01_filled02_filled12_,3580,0.5775365559622271
2635,4545,filled01_filled02_filled12_,3590,0.5770738802668628
2640,4560,filled01_filled02_filled12_,3600,0.5760435227989196
2646,4574,filled01_filled02_filled12_,3610,0.5760423459907846
2652,4588,filled01_filled02_filled12_,3620,0.5758251206360455
2657,4603,filled01_filled02_filled12_,3630,0.5757146688751794
2665,4615,filled01_filled02_filled12_,3640,0.5754964540786257
2672,4628,filled01_filled02_filled12_,3650,0.5751659901445528
2679,4641,filled01_filled02_filled12_,3660,0.5749644603684023
2688,4652,filled01_filled02_filled12_,3670,0.5754238630302155
2697,4663,filled01_filled02_filled12_,3680,0.5757667568752166
2704,4676,filled01_filled02_filled12_,3690,0.5756551410489696
2710,4690,filled01_filled02_filled12_,3700,0.5759890989317367
2718,4702,filled01_filled02_filled12_,3710,0.5771092332306934
2727,4713,filled01_filled02_filled12_,3720,0.5775616973494762
2730,4730,filled01_filled02_filled12_,3730,0.5770162142578367
2739,4741,filled01_filled02_filled12_,3740,0.5769069494388085
2745,4755,filled01_filled02_filled12_,3750,0.5767963696375712
2753,4767,filled01_filled02_filled12_,3760,0.5773514369934217
2761,4779,filled01_filled02_filled12_,3770,0.5773623493650067
2768,4792,filled01_filled02_filled12_,3780,0.5775840454614043
2774,4806,filled01_filled02_filled12_,3790,0.5772609113827166
2778,4822,filled01_filled02_filled12_,3800,0.5774806592330092
2786,4834,filled01_filled02_filled12_,3810,0.5776924768097536
2794,4846,filled01_filled02_filled12_,3820,0.577588310866104
2801,4859,filled01_filled02_filled12_,3830,0.5774834174328279
2806,4874,filled01_filled02_filled12_,3840,0.5769504872102879
2814,4886,filled01_filled02_filled12_,3850,0.5774927249219336
2821,4899,filled01_filled02_filled12_,3860,0.577170826165763
2825,4915,filled01_filled02_filled12_,3870,0.5764188842771906
2832,4928,filled01_filled02_filled12_,3880,0.5765350573951448
2847,4933,filled01_filled02_filled12_,3890,0.5775019338497162
2853,4947,filled01_filled02_filled12_,3900,0.5771880072703953
2860,4960,filled01_filled02_filled12_,3910,0.5767640117398608
2865,4975,filled01_filled02_filled12_,3920,0.5762411291852945
2872,4988,filled01_filled02_filled12_,3930,0.5763506255969613
2884,4996,filled01_filled02_filled12_,3940,0.5767750297081019
2890,5010,filled01_filled02_filled12_,3950,0.5764670233380843
2898,5022,filled01_filled02_filled12_,3960,0.5767857415294378
2905,5035,filled01_filled02_filled12_,3970,0.5771068435977375
2912,5048,filled01_filled02_filled12_,3980,0.5774266452290372
2920,5060,filled01_filled02_filled12_,3990,0.5775278323556775
2926,5074,filled01_filled02_filled12_,4000,0.5777467493171683
2932,5088,filled01_filled02_filled12_,4010,0.5773386063449214
2936,5104,filled01_filled02_filled12_,4020,0.5768259604021563
2944,5116,filled01_filled02_filled12_,4030,0.5771358051318125
2949,5131,filled01_filled02_filled12_,4040,0.5766249704914023
2958,5142,filled01_filled02_filled12_,4050,0.5764265769388874
2964,5156,filled01_filled02_filled12_,4060,0.5757174260985273
2971,5169,filled01_filled02_filled12_,4070,0.5761336636390322
2978,5182,filled01_filled02_filled12_,4080,0.576146970744388
2989,5191,filled01_filled02_filled12_,4090,0.5769624209833158
2995,5205,filled01_filled02_filled12_,4100,0.577064879725965
3001,5219,filled01_filled02_filled12_,4110,0.5767707496710388
3008,5232,filled01_filled02_filled12_,4120,0.577073197276648
3015,5245,filled01_filled02_filled12_,4130,0.5770789941490201
3022,5258,filled01_filled02_filled12_,4140,0.5772782692374497
3032,5268,filled01_filled02_filled12_,4150,0.5774789956743431
3040,5280,filled01_filled02_filled12_,4160,0.5771861894994958
3047,5293,filled01_filled02_filled12_,4170,0.5770886866316088
3053,5307,filled01_filled02_filled12_,4180,0.5772942893139675
3057,5323,filled01_filled02_filled12_,4190,0.5768009276383009
3065,5335,filled01_filled02_filled12_,4200,0.576508258754958
3073,5347,filled01_filled02_filled12_,4210,0.5770054760153728
3080,5360,filled01_filled02_filled12_,4220,0.5767131292336436
3087,5373,filled01_filled02_filled12_,4230,0.5767156463836903
3095,5385,filled01_filled02_filled12_,4240,0.5770170234554414
3102,5398,filled01_filled02_filled12_,4250,0.5764331014017872
3109,5411,filled01_filled02_filled12_,4260,0.5758544101900962
3119,5421,filled01_filled02_filled12_,4270,0.576539451655052
3128,5432,filled01_filled02_filled12_,4280,0.5773208215724545
3136,5444,filled01_filled02_filled12_,4290,0.5770388334327962
3146,5454,filled01_filled02_filled12_,4300,0.5773312776900427
3152,5468,filled01_filled02_filled12_,4310,0.5766665857669863
3160,5480,filled01_filled02_filled12_,4320,0.5769606085510123
3166,5494,filled01_filled02_filled12_,4330,0.5764856181267458
3173,5507,filled01_filled02_filled12_,4340,0.5762993409159306
3181,5519,filled01_filled02_filled12_,4350,0.5766882862798527
3190,5530,filled01_filled02_filled12_,4360,0.5770788783315002
3199,5541,filled01_filled02_filled12_,4370,0.5769882289584314
3206,5554,filled01_filled02_filled12_,4380,0.5768044931743809
3215,5565,filled01_filled02_filled12_,4390,0.577285951423657
3225,5575,filled01_filled02_filled12_,4400,0.577573765894431
3234,5586,filled01_filled02_filled12_,4410,0.5774831454784614
3243,5597,filled01_filled02_filled12_,4420,0.5777704767429146
3249,5611,filled01_filled02_filled12_,4430,0.5778650925101487
3254,5626,filled01_filled02_filled12_,4440,0.5771213750457115
3260,5640,filled01_filled02_filled12_,4450,0.5765691715046827
3268,5652,filled01_filled02_filled12_,4460,0.5764830083575654
3276,5664,filled01_filled02_filled12_,4470,0.5767651519886782
3283,5677,filled01_filled02_filled12_,4480,0.5764951122155498
3290,5690,filled01_filled02_filled12_,4490,0.5763124595476562
3298,5702,filled01_filled02_filled12_,4500,0.5769587547631199
3305,5715,filled01_filled02_filled12_,4510,0.5770571027344088
3312,5728,filled01_filled02_filled12_,4520,0.5774244418703889
3321,5739,filled01_filled02_filled12_,4530,0.5778021377980297
3324,5756,filled01_filled02_filled12_,4540,0.5777985301917072
3331,5769,filled01_filled02_filled12_,4550,0.5777976896897433
3336,5784,filled01_filled02_filled12_,4560,0.5774374235151669
3345,5795,filled01_filled02_filled12_,4570,0.5777107396207021
3350,5810,filled01_filled02_filled12_,4580,0.5777126526389073
3357,5823,filled01_filled02_filled12_,4590,0.5778952584052083
3361,5839,filled01_filled02_filled12_,4600,0.5775315226025399
3374,5846,filled01_filled02_filled12_,4610,0.5778926063793702
3382,5858,filled01_filled02_filled12_,4620,0.5780744907443248
3388,5872,filled01_filled02_filled12_,4630,0.5774498337423107
3396,5884,filled01_filled02_filled12_,4640,0.5776317855043686
3401,5899,filled01_filled02_filled12_,4650,0.5775474228072931
3408,5912,filled01_filled02_filled12_,4660,0.5771951815298529
3417,5923,filled01_filled02_filled12_,4670,0.5771909576472933
3423,5937,filled01_filled02_filled12_,4680,0.577103843061563
3434,5946,filled01_filled02_filled12_,4690,0.5775527990486516
3443,5957,filled01_filled02_filled12_,4700,0.5772021795225303
3451,5969,filled01_filled02_filled12_,4710,0.5775595351236035
3460,5980,filled01_filled02_filled12_,4720,0.5777375228739149
3469,5991,filled01_filled02_filled12_,4730,0.5776526947414355
3477,6003,filled01_filled02_filled12_,4740,0.5778304345898387
3488,6012,filled01_filled02_filled12_,4750,0.5777482379444125
3493,6027,filled01_filled02_filled12_,4760,0.577835373117578
3500,6040,filled01_filled02_filled12_,4770,0.5774878242263802
3508,6052,filled01_filled02_filled12_,4780,0.5776658752819289
3516,6064,filled01_filled02_filled12_,4790,0.5778448690225105
3522,6078,filled01_filled02_filled12_,4800,0.5778436022762772
3531,6089,filled01_filled02_filled12_,4810,0.578106403997985
3540,6100,filled01_filled02_filled12_,4820,0.5786272569149015
3548,6112,filled01_filled02_filled12_,4830,0.5783696405991529
3559,6121,filled01_filled02_filled12_,4840,0.5782851528636277
3563,6137,filled01_filled02_filled12_,4850,0.5782849973875549
3569,6151,filled01_filled02_filled12_,4860,0.5776037301464684
3575,6165,filled01_filled02_filled12_,4870,0.5777760488471052
3582,6178,filled01_filled02_filled12_,4880,0.5780346287349584
3590,6190,filled01_filled02_filled12_,4890,0.5779496037874429
3599,6201,filled01_filled02_filled12_,4900,0.5776147905172978
3604,6216,filled01_filled02_filled12_,4910,0.5776172834607012
3611,6229,filled01_filled02_filled12_,4920,0.5782080831311246
3617,6243,filled01_filled02_filled12_,4930,0.5779561699924669
3626,6254,filled01_filled02_filled12_,4940,0.5780410887356772
3635,6265,filled01_filled02_filled12_,4950,0.5782920394007631
3641,6279,filled01_filled02_filled12_,4960,0.5783798789374003
3643,6297,filled01_filled02_filled12_,4970,0.577626991004088
3648,6312,filled01_filled02_filled12_,4980,0.5774622096165002
3656,6324,filled01_filled02_filled12_,4990,0.5779626905133805
