size intersection,size union,state,k,mean JI
7,13,filled01_filled02_filled12_,10,0.47008547008547
9,31,filled01_filled02_filled12_,20,0.2903225806451613
19,41,filled01_filled02_filled12_,30,0.40746661166400244
28,52,filled01_filled02_filled12_,40,0.45684724632093054
32,68,filled01_filled02_filled12_,50,0.45637965331059965
38,82,filled01_filled02_filled12_,60,0.44018583042973286
42,98,filled01_filled02_filled12_,70,0.4286706039283359
47,113,filled01_filled02_filled12_,80,0.4243573535608934
54,126,filled01_filled02_filled12_,90,0.41807671110798417
61,139,filled01_filled02_filled12_,100,0.397307886897672
68,152,filled01_filled02_filled12_,110,0.39776837302837936
74,166,filled01_filled02_filled12_,120,0.4082998661311914
81,179,filled01_filled02_filled12_,130,0.4100972480860749
87,193,filled01_filled02_filled12_,140,0.42186400562911786
91,209,filled01_filled02_filled12_,150,0.41796284891647056
97,223,filled01_filled02_filled12_,160,0.4287456282229684
102,238,filled01_filled02_filled12_,170,0.42122433884447613
108,252,filled01_filled02_filled12_,180,0.42694597607304097
114,266,filled01_filled02_filled12_,190,0.43611636391419784
119,281,filled01_filled02_filled12_,200,0.4388662706598299
124,296,filled01_filled02_filled12_,210,0.4440789813924142
128,312,filled01_filled02_filled12_,220,0.44192865357417893
135,325,filled01_filled02_filled12_,230,0.43684884705292876
139,341,filled01_filled02_filled12_,240,0.4264731684086523
145,355,filled01_filled02_filled12_,250,0.432306964683655
149,371,filled01_filled02_filled12_,260,0.42599243007954724
157,383,filled01_filled02_filled12_,270,0.4301776471047869
162,398,filled01_filled02_filled12_,280,0.4326648773119353
169,411,filled01_filled02_filled12_,290,0.4321424096641695
177,423,filled01_filled02_filled12_,300,0.4344069338409382
183,437,filled01_filled02_filled12_,310,0.4353274490574262
193,447,filled01_filled02_filled12_,320,0.4429532859311163
201,459,filled01_filled02_filled12_,330,0.44564485939480547
205,475,filled01_filled02_filled12_,340,0.4456606336771571
209,491,filled01_filled02_filled12_,350,0.44336318751943044
215,505,filled01_filled02_filled12_,360,0.44256778619038367
223,517,filled01_filled02_filled12_,370,0.44385224154148645
226,534,filled01_filled02_filled12_,380,0.44297622193696706
232,548,filled01_filled02_filled12_,390,0.4432763033471836
234,566,filled01_filled02_filled12_,400,0.44350419687946196
240,580,filled01_filled02_filled12_,410,0.44555798916853684
248,592,filled01_filled02_filled12_,420,0.4464258931517533
254,606,filled01_filled02_filled12_,430,0.44668668751929247
257,623,filled01_filled02_filled12_,440,0.4414253294372507
264,636,filled01_filled02_filled12_,450,0.4454392218466598
269,651,filled01_filled02_filled12_,460,0.44260177328896044
275,665,filled01_filled02_filled12_,470,0.44266734374842276
282,678,filled01_filled02_filled12_,480,0.44228133135947933
288,692,filled01_filled02_filled12_,490,0.4444034784950098
294,706,filled01_filled02_filled12_,500,0.4438462018500872
298,722,filled01_filled02_filled12_,510,0.4451995740375097
306,734,filled01_filled02_filled12_,520,0.448439696947746
310,750,filled01_filled02_filled12_,530,0.445850441697707
316,764,filled01_filled02_filled12_,540,0.44373497388284977
326,774,filled01_filled02_filled12_,550,0.448805922336027
332,788,filled01_filled02_filled12_,560,0.44905047156034855
338,802,filled01_filled02_filled12_,570,0.45077051098632553
347,813,filled01_filled02_filled12_,580,0.4536719804490958
349,831,filled01_filled02_filled12_,590,0.4502401214030422
355,845,filled01_filled02_filled12_,600,0.4530709602659833
364,856,filled01_filled02_filled12_,610,0.4577570382121377
370,870,filled01_filled02_filled12_,620,0.4550009559079871
376,884,filled01_filled02_filled12_,630,0.45370054921736597
380,900,filled01_filled02_filled12_,640,0.4547872390481549
387,913,filled01_filled02_filled12_,650,0.4567046288771901
395,925,filled01_filled02_filled12_,660,0.4578100450699036
402,938,filled01_filled02_filled12_,670,0.4599159364502325
411,949,filled01_filled02_filled12_,680,0.4608187979795116
419,961,filled01_filled02_filled12_,690,0.457374984036744
426,974,filled01_filled02_filled12_,700,0.4601991339481218
433,987,filled01_filled02_filled12_,710,0.45945710526436434
441,999,filled01_filled02_filled12_,720,0.46348988643342576
448,1012,filled01_filled02_filled12_,730,0.46299837204568667
452,1028,filled01_filled02_filled12_,740,0.4649672852857945
454,1046,filled01_filled02_filled12_,750,0.46229559172294415
460,1060,filled01_filled02_filled12_,760,0.45997821343488443
470,1070,filled01_filled02_filled12_,770,0.46481691233698585
472,1088,filled01_filled02_filled12_,780,0.46336297238997287
478,1102,filled01_filled02_filled12_,790,0.4653822265966674
486,1114,filled01_filled02_filled12_,800,0.46544778054565744
493,1127,filled01_filled02_filled12_,810,0.4659989441671864
496,1144,filled01_filled02_filled12_,820,0.46596169668258763
504,1156,filled01_filled02_filled12_,830,0.46565398452128076
513,1167,filled01_filled02_filled12_,840,0.46736193292420164
521,1179,filled01_filled02_filled12_,850,0.46657994994985635
530,1190,filled01_filled02_filled12_,860,0.4680505418129693
537,1203,filled01_filled02_filled12_,870,0.4702321158918564
548,1212,filled01_filled02_filled12_,880,0.4722820661158475
553,1227,filled01_filled02_filled12_,890,0.47147420136517537
555,1245,filled01_filled02_filled12_,900,0.47112379692688894
560,1260,filled01_filled02_filled12_,910,0.4706954294720252
570,1270,filled01_filled02_filled12_,920,0.4730682582383999
574,1286,filled01_filled02_filled12_,930,0.4712186208900828
579,1301,filled01_filled02_filled12_,940,0.4691854068523124
586,1314,filled01_filled02_filled12_,950,0.46825429142375113
592,1328,filled01_filled02_filled12_,960,0.4699954962290714
597,1343,filled01_filled02_filled12_,970,0.47032182232596115
604,1356,filled01_filled02_filled12_,980,0.47091106034710634
613,1367,filled01_filled02_filled12_,990,0.47258151166947865
620,1380,filled01_filled02_filled12_,1000,0.47283130549661817
628,1392,filled01_filled02_filled12_,1010,0.4738541188957343
634,1406,filled01_filled02_filled12_,1020,0.4731948151813335
639,1421,filled01_filled02_filled12_,1030,0.47377095964214444
647,1433,filled01_filled02_filled12_,1040,0.47517353223872183
654,1446,filled01_filled02_filled12_,1050,0.4732738912724575
661,1459,filled01_filled02_filled12_,1060,0.47223141275121955
668,1472,filled01_filled02_filled12_,1070,0.4713282139907418
669,1491,filled01_filled02_filled12_,1080,0.46985589875796063
676,1504,filled01_filled02_filled12_,1090,0.4715798821160839
689,1511,filled01_filled02_filled12_,1100,0.47575430212460396
696,1524,filled01_filled02_filled12_,1110,0.4754014285260982
701,1539,filled01_filled02_filled12_,1120,0.47613522573231554
710,1550,filled01_filled02_filled12_,1130,0.4766182862057477
718,1562,filled01_filled02_filled12_,1140,0.4771187918465963
726,1574,filled01_filled02_filled12_,1150,0.47632496830907173
732,1588,filled01_filled02_filled12_,1160,0.47530639853916795
741,1599,filled01_filled02_filled12_,1170,0.47737572436860787
748,1612,filled01_filled02_filled12_,1180,0.4767712142517506
757,1623,filled01_filled02_filled12_,1190,0.4777119061362261
769,1631,filled01_filled02_filled12_,1200,0.48123511187175483
774,1646,filled01_filled02_filled12_,1210,0.4829829947879165
782,1658,filled01_filled02_filled12_,1220,0.4829547595697397
792,1668,filled01_filled02_filled12_,1230,0.4851775254091492
797,1683,filled01_filled02_filled12_,1240,0.4845495132174693
805,1695,filled01_filled02_filled12_,1250,0.4842060454897663
810,1710,filled01_filled02_filled12_,1260,0.48492985746662326
817,1723,filled01_filled02_filled12_,1270,0.48445352525987806
825,1735,filled01_filled02_filled12_,1280,0.48543229906128477
834,1746,filled01_filled02_filled12_,1290,0.4854320142640942
845,1755,filled01_filled02_filled12_,1300,0.4880825736621877
850,1770,filled01_filled02_filled12_,1310,0.4886028804837285
855,1785,filled01_filled02_filled12_,1320,0.4880373665358564
862,1798,filled01_filled02_filled12_,1330,0.4869979849718358
867,1813,filled01_filled02_filled12_,1340,0.48598855522606615
877,1823,filled01_filled02_filled12_,1350,0.48649081729108207
886,1834,filled01_filled02_filled12_,1360,0.487931500260965
896,1844,filled01_filled02_filled12_,1370,0.488417602982796
906,1854,filled01_filled02_filled12_,1380,0.489243210789706
914,1866,filled01_filled02_filled12_,1390,0.49011810744521683
923,1877,filled01_filled02_filled12_,1400,0.4907988099654234
925,1895,filled01_filled02_filled12_,1410,0.4894106072512702
928,1912,filled01_filled02_filled12_,1420,0.48791847447882314
936,1924,filled01_filled02_filled12_,1430,0.48855747447911696
943,1937,filled01_filled02_filled12_,1440,0.4889323007760085
948,1952,filled01_filled02_filled12_,1450,0.48695800579247445
955,1965,filled01_filled02_filled12_,1460,0.4858139639853338
963,1977,filled01_filled02_filled12_,1470,0.48602538878766827
970,1990,filled01_filled02_filled12_,1480,0.4869065923152172
973,2007,filled01_filled02_filled12_,1490,0.4862114563263403
981,2019,filled01_filled02_filled12_,1500,0.48703920311596777
990,2030,filled01_filled02_filled12_,1510,0.48642067928683913
992,2048,filled01_filled02_filled12_,1520,0.48480889284625445
1000,2060,filled01_filled02_filled12_,1530,0.4866736210959195
1006,2074,filled01_filled02_filled12_,1540,0.48598619590345926
1013,2087,filled01_filled02_filled12_,1550,0.48607249847351985
1020,2100,filled01_filled02_filled12_,1560,0.48438602805942366
1029,2111,filled01_filled02_filled12_,1570,0.4840855198484732
1036,2124,filled01_filled02_filled12_,1580,0.4837902150072538
1041,2139,filled01_filled02_filled12_,1590,0.48230507480869006
1050,2150,filled01_filled02_filled12_,1600,0.4835991872808622
1059,2161,filled01_filled02_filled12_,1610,0.483580118975619
1061,2179,filled01_filled02_filled12_,1620,0.4812508345424236
1067,2193,filled01_filled02_filled12_,1630,0.48139708498848627
1079,2201,filled01_filled02_filled12_,1640,0.4832693297631476
1083,2217,filled01_filled02_filled12_,1650,0.4824385871220369
1091,2229,filled01_filled02_filled12_,1660,0.4822053110483351
1097,2243,filled01_filled02_filled12_,1670,0.4825272453371656
1106,2254,filled01_filled02_filled12_,1680,0.4824485754205989
1110,2270,filled01_filled02_filled12_,1690,0.4815276504283655
1118,2282,filled01_filled02_filled12_,1700,0.4812391494086878
1126,2294,filled01_filled02_filled12_,1710,0.48014895894142295
1134,2306,filled01_filled02_filled12_,1720,0.4783625037979005
1138,2322,filled01_filled02_filled12_,1730,0.47808562396957816
1144,2336,filled01_filled02_filled12_,1740,0.47668246383489987
1150,2350,filled01_filled02_filled12_,1750,0.4763645344960124
1159,2361,filled01_filled02_filled12_,1760,0.47774193418884886
1166,2374,filled01_filled02_filled12_,1770,0.47804087684349234
1174,2386,filled01_filled02_filled12_,1780,0.4776792433289941
1182,2398,filled01_filled02_filled12_,1790,0.4777280998170616
1184,2416,filled01_filled02_filled12_,1800,0.4777497007478095
1192,2428,filled01_filled02_filled12_,1810,0.4773352367576283
1198,2442,filled01_filled02_filled12_,1820,0.4763975555399272
1205,2455,filled01_filled02_filled12_,1830,0.4761898599836192
1213,2467,filled01_filled02_filled12_,1840,0.4772463702387701
1218,2482,filled01_filled02_filled12_,1850,0.4766353160356363
1227,2493,filled01_filled02_filled12_,1860,0.4770994956803913
1232,2508,filled01_filled02_filled12_,1870,0.47533612769409056
1238,2522,filled01_filled02_filled12_,1880,0.4755481299765972
1244,2536,filled01_filled02_filled12_,1890,0.4745543624962371
1249,2551,filled01_filled02_filled12_,1900,0.47505698312137584
1257,2563,filled01_filled02_filled12_,1910,0.47424675514699416
1261,2579,filled01_filled02_filled12_,1920,0.47326707980619104
1264,2596,filled01_filled02_filled12_,1930,0.4725278217589132
1270,2610,filled01_filled02_filled12_,1940,0.4718945240025425
1275,2625,filled01_filled02_filled12_,1950,0.4708688234817975
1281,2639,filled01_filled02_filled12_,1960,0.4699405359963156
1289,2651,filled01_filled02_filled12_,1970,0.46867088656720984
1296,2664,filled01_filled02_filled12_,1980,0.4686210874309027
1305,2675,filled01_filled02_filled12_,1990,0.4679181191754249
1312,2688,filled01_filled02_filled12_,2000,0.4676711299204434
1320,2700,filled01_filled02_filled12_,2010,0.4682172311677195
1328,2712,filled01_filled02_filled12_,2020,0.46895981755017574
1335,2725,filled01_filled02_filled12_,2030,0.46826001725084293
1342,2738,filled01_filled02_filled12_,2040,0.46806631269940974
1347,2753,filled01_filled02_filled12_,2050,0.46731602276733514
1350,2770,filled01_filled02_filled12_,2060,0.4670538076051853
1355,2785,filled01_filled02_filled12_,2070,0.46700417523000765
1364,2796,filled01_filled02_filled12_,2080,0.4674221708996769
1370,2810,filled01_filled02_filled12_,2090,0.4678888397369317
1377,2823,filled01_filled02_filled12_,2100,0.46765659280029975
1381,2839,filled01_filled02_filled12_,2110,0.4666119048927599
1387,2853,filled01_filled02_filled12_,2120,0.46640544974987247
1392,2868,filled01_filled02_filled12_,2130,0.4661186516692373
1394,2886,filled01_filled02_filled12_,2140,0.4651773803104602
1400,2900,filled01_filled02_filled12_,2150,0.4655440781169564
1406,2914,filled01_filled02_filled12_,2160,0.46520432289625346
1418,2922,filled01_filled02_filled12_,2170,0.4655107535155249
1425,2935,filled01_filled02_filled12_,2180,0.4656246773025341
1435,2945,filled01_filled02_filled12_,2190,0.46563838343526287
1437,2963,filled01_filled02_filled12_,2200,0.46509741877145977
1442,2978,filled01_filled02_filled12_,2210,0.46506180799853336
1451,2989,filled01_filled02_filled12_,2220,0.4655077736953222
1461,2999,filled01_filled02_filled12_,2230,0.4666565809953347
1467,3013,filled01_filled02_filled12_,2240,0.46596576745420104
1479,3021,filled01_filled02_filled12_,2250,0.46778928764209554
1485,3035,filled01_filled02_filled12_,2260,0.46875515615645363
1493,3047,filled01_filled02_filled12_,2270,0.46882652502008737
1501,3059,filled01_filled02_filled12_,2280,0.4687208825756404
1509,3071,filled01_filled02_filled12_,2290,0.4691545017877697
1517,3083,filled01_filled02_filled12_,2300,0.4681729641780245
1526,3094,filled01_filled02_filled12_,2310,0.4692075236025035
1535,3105,filled01_filled02_filled12_,2320,0.4697025620143369
1539,3121,filled01_filled02_filled12_,2330,0.4689174565934933
1544,3136,filled01_filled02_filled12_,2340,0.468046941291022
1550,3150,filled01_filled02_filled12_,2350,0.46746191873862536
1561,3159,filled01_filled02_filled12_,2360,0.46800929334697194
1563,3177,filled01_filled02_filled12_,2370,0.46706228983094156
1570,3190,filled01_filled02_filled12_,2380,0.46749921385205195
1577,3203,filled01_filled02_filled12_,2390,0.4671717851213318
1584,3216,filled01_filled02_filled12_,2400,0.46709197134703606
1591,3229,filled01_filled02_filled12_,2410,0.4675621377376505
1600,3240,filled01_filled02_filled12_,2420,0.46800413825020737
1606,3254,filled01_filled02_filled12_,2430,0.4676535831057446
1614,3266,filled01_filled02_filled12_,2440,0.4678134289355577
1621,3279,filled01_filled02_filled12_,2450,0.4684865352044847
1626,3294,filled01_filled02_filled12_,2460,0.4677746129500618
1636,3304,filled01_filled02_filled12_,2470,0.46889484686788374
1644,3316,filled01_filled02_filled12_,2480,0.4685999938920114
1650,3330,filled01_filled02_filled12_,2490,0.46834352045077593
1654,3346,filled01_filled02_filled12_,2500,0.4676542326470676
1665,3355,filled01_filled02_filled12_,2510,0.4683782396329703
1670,3370,filled01_filled02_filled12_,2520,0.4683315531109138
1678,3382,filled01_filled02_filled12_,2530,0.4674511512188742
1686,3394,filled01_filled02_filled12_,2540,0.46757084448860775
1693,3407,filled01_filled02_filled12_,2550,0.4678556123766697
1697,3423,filled01_filled02_filled12_,2560,0.4678215450034294
1705,3435,filled01_filled02_filled12_,2570,0.46766322770183716
1708,3452,filled01_filled02_filled12_,2580,0.46736634463851795
1713,3467,filled01_filled02_filled12_,2590,0.46623425702372717
1719,3481,filled01_filled02_filled12_,2600,0.4672755057136368
1725,3495,filled01_filled02_filled12_,2610,0.46668422277368576
1732,3508,filled01_filled02_filled12_,2620,0.4664765083006517
1737,3523,filled01_filled02_filled12_,2630,0.46647363492395316
1746,3534,filled01_filled02_filled12_,2640,0.46679948490998385
1755,3545,filled01_filled02_filled12_,2650,0.4681581127567138
1760,3560,filled01_filled02_filled12_,2660,0.4682988791312586
1767,3573,filled01_filled02_filled12_,2670,0.46830304953271745
1778,3582,filled01_filled02_filled12_,2680,0.4695085162654799
1787,3593,filled01_filled02_filled12_,2690,0.4705122629473544
1792,3608,filled01_filled02_filled12_,2700,0.4709059902851142
1803,3617,filled01_filled02_filled12_,2710,0.4717473290205367
1805,3635,filled01_filled02_filled12_,2720,0.47105167135070625
1815,3645,filled01_filled02_filled12_,2730,0.4711310546652739
1818,3662,filled01_filled02_filled12_,2740,0.4703520557748903
1824,3676,filled01_filled02_filled12_,2750,0.469954595038824
1833,3687,filled01_filled02_filled12_,2760,0.47088287486022
1837,3703,filled01_filled02_filled12_,2770,0.4706176040888328
1845,3715,filled01_filled02_filled12_,2780,0.4706036262046232
1851,3729,filled01_filled02_filled12_,2790,0.47065711635069185
1857,3743,filled01_filled02_filled12_,2800,0.4707419672128179
1861,3759,filled01_filled02_filled12_,2810,0.4708143853055023
1867,3773,filled01_filled02_filled12_,2820,0.4705664001913224
1874,3786,filled01_filled02_filled12_,2830,0.4707518550788307
1879,3801,filled01_filled02_filled12_,2840,0.4702034998498103
1884,3816,filled01_filled02_filled12_,2850,0.4696898361163842
1889,3831,filled01_filled02_filled12_,2860,0.46936826831265877
1894,3846,filled01_filled02_filled12_,2870,0.4686142571841096
1900,3860,filled01_filled02_filled12_,2880,0.4691794681196573
1907,3873,filled01_filled02_filled12_,2890,0.46942593488916273
1914,3886,filled01_filled02_filled12_,2900,0.4701617324533034
1923,3897,filled01_filled02_filled12_,2910,0.4709813090807488
1930,3910,filled01_filled02_filled12_,2920,0.47083856010128006
1937,3923,filled01_filled02_filled12_,2930,0.4707742420163572
1943,3937,filled01_filled02_filled12_,2940,0.4706134490817533
1953,3947,filled01_filled02_filled12_,2950,0.4710935507965501
1961,3959,filled01_filled02_filled12_,2960,0.47153109373903157
1969,3971,filled01_filled02_filled12_,2970,0.47242734071183995
1977,3983,filled01_filled02_filled12_,2980,0.47320329963126895
1982,3998,filled01_filled02_filled12_,2990,0.47331362898262724
1988,4012,filled01_filled02_filled12_,3000,0.4735191295198531
1992,4028,filled01_filled02_filled12_,3010,0.47334278733766993
2000,4040,filled01_filled02_filled12_,3020,0.473424050028808
2007,4053,filled01_filled02_filled12_,3030,0.473410166572868
2013,4067,filled01_filled02_filled12_,3040,0.4733774562694782
2023,4077,filled01_filled02_filled12_,3050,0.4743033513139671
2032,4088,filled01_filled02_filled12_,3060,0.4747648861036624
2036,4104,filled01_filled02_filled12_,3070,0.4743820372911749
2046,4114,filled01_filled02_filled12_,3080,0.47485919874967836
2052,4128,filled01_filled02_filled12_,3090,0.47472008562066104
2060,4140,filled01_filled02_filled12_,3100,0.4746659417873098
2066,4154,filled01_filled02_filled12_,3110,0.47511811740095883
2075,4165,filled01_filled02_filled12_,3120,0.4754126727790235
2081,4179,filled01_filled02_filled12_,3130,0.47567729887614757
2090,4190,filled01_filled02_filled12_,3140,0.47668179841627256
2096,4204,filled01_filled02_filled12_,3150,0.47689491458247096
2104,4216,filled01_filled02_filled12_,3160,0.47724359028825347
2109,4231,filled01_filled02_filled12_,3170,0.47776310943077477
2118,4242,filled01_filled02_filled12_,3180,0.478678542610397
2124,4256,filled01_filled02_filled12_,3190,0.47853119349027234
2131,4269,filled01_filled02_filled12_,3200,0.47854733253816883
2136,4284,filled01_filled02_filled12_,3210,0.47860836999788514
2145,4295,filled01_filled02_filled12_,3220,0.4795829209054505
2152,4308,filled01_filled02_filled12_,3230,0.47991872359925264
2159,4321,filled01_filled02_filled12_,3240,0.4799377733843497
2163,4337,filled01_filled02_filled12_,3250,0.4796303688828498
2169,4351,filled01_filled02_filled12_,3260,0.47933320180644806
2175,4365,filled01_filled02_filled12_,3270,0.4788431114437138
2184,4376,filled01_filled02_filled12_,3280,0.47982532102241376
2192,4388,filled01_filled02_filled12_,3290,0.47953844211165003
2200,4400,filled01_filled02_filled12_,3300,0.4797169934843973
2206,4414,filled01_filled02_filled12_,3310,0.4793280157778139
2211,4429,filled01_filled02_filled12_,3320,0.4795063691124075
2217,4443,filled01_filled02_filled12_,3330,0.47994310503972243
2224,4456,filled01_filled02_filled12_,3340,0.48027349446525625
2231,4469,filled01_filled02_filled12_,3350,0.4800239997636193
2235,4485,filled01_filled02_filled12_,3360,0.4797773720109957
2242,4498,filled01_filled02_filled12_,3370,0.4800802302695864
2250,4510,filled01_filled02_filled12_,3380,0.48034706829005874
2257,4523,filled01_filled02_filled12_,3390,0.48074087514984365
2268,4532,filled01_filled02_filled12_,3400,0.4813353150955921
2276,4544,filled01_filled02_filled12_,3410,0.4813156275451232
2284,4556,filled01_filled02_filled12_,3420,0.4816947898074133
2290,4570,filled01_filled02_filled12_,3430,0.48166652055296977
2300,4580,filled01_filled02_filled12_,3440,0.4818397931171868
2306,4594,filled01_filled02_filled12_,3450,0.48164422231247367
2310,4610,filled01_filled02_filled12_,3460,0.4812574394964311
2319,4621,filled01_filled02_filled12_,3470,0.4814633215970449
2329,4631,filled01_filled02_filled12_,3480,0.48181937970444716
2337,4643,filled01_filled02_filled12_,3490,0.4818907594927094
2346,4654,filled01_filled02_filled12_,3500,0.4823006977629755
2353,4667,filled01_filled02_filled12_,3510,0.48262734405815005
2359,4681,filled01_filled02_filled12_,3520,0.48291770879040047
2364,4696,filled01_filled02_filled12_,3530,0.4825743137141261
2372,4708,filled01_filled02_filled12_,3540,0.48264258357742973
2377,4723,filled01_filled02_filled12_,3550,0.4823920655858836
2383,4737,filled01_filled02_filled12_,3560,0.48259042989781115
2389,4751,filled01_filled02_filled12_,3570,0.4827397459842138
2394,4766,filled01_filled02_filled12_,3580,0.4830342865729973
2399,4781,filled01_filled02_filled12_,3590,0.48287481999840015
2406,4794,filled01_filled02_filled12_,3600,0.48332878766699006
2414,4806,filled01_filled02_filled12_,3610,0.48372433421411726
2419,4821,filled01_filled02_filled12_,3620,0.4834110478013207
2427,4833,filled01_filled02_filled12_,3630,0.48313901921482166
2434,4846,filled01_filled02_filled12_,3640,0.4831001551474656
2437,4863,filled01_filled02_filled12_,3650,0.48302416403786347
2443,4877,filled01_filled02_filled12_,3660,0.48347909281712825
2449,4891,filled01_filled02_filled12_,3670,0.4835120154616832
2457,4903,filled01_filled02_filled12_,3680,0.48398775256202714
2464,4916,filled01_filled02_filled12_,3690,0.48418557283149505
2470,4930,filled01_filled02_filled12_,3700,0.48452355620267823
2482,4938,filled01_filled02_filled12_,3710,0.4854226837309801
2489,4951,filled01_filled02_filled12_,3720,0.4855293195204193
2495,4965,filled01_filled02_filled12_,3730,0.4856658882414302
2502,4978,filled01_filled02_filled12_,3740,0.48598894338386067
2506,4994,filled01_filled02_filled12_,3750,0.4860539178296912
2515,5005,filled01_filled02_filled12_,3760,0.48642225573875225
2524,5016,filled01_filled02_filled12_,3770,0.4869410180484263
2532,5028,filled01_filled02_filled12_,3780,0.48669157149607195
2533,5047,filled01_filled02_filled12_,3790,0.48600514784166987
2540,5060,filled01_filled02_filled12_,3800,0.48645124025694386
2547,5073,filled01_filled02_filled12_,3810,0.48651141318669106
2554,5086,filled01_filled02_filled12_,3820,0.4857847138109263
2563,5097,filled01_filled02_filled12_,3830,0.48542853507865397
2570,5110,filled01_filled02_filled12_,3840,0.4854695647628791
2577,5123,filled01_filled02_filled12_,3850,0.4854262618479615
2587,5133,filled01_filled02_filled12_,3860,0.48546615778245367
2591,5149,filled01_filled02_filled12_,3870,0.4852356992312295
2601,5159,filled01_filled02_filled12_,3880,0.4857560578917754
2609,5171,filled01_filled02_filled12_,3890,0.48608018537901226
2617,5183,filled01_filled02_filled12_,3900,0.48650677463032865
2629,5191,filled01_filled02_filled12_,3910,0.4867166187854282
2637,5203,filled01_filled02_filled12_,3920,0.4871190489875956
2642,5218,filled01_filled02_filled12_,3930,0.486776876659689
2647,5233,filled01_filled02_filled12_,3940,0.48662171795255493
2656,5244,filled01_filled02_filled12_,3950,0.48719930509240134
2663,5257,filled01_filled02_filled12_,3960,0.48727551769236
2670,5270,filled01_filled02_filled12_,3970,0.48767866827284045
2676,5284,filled01_filled02_filled12_,3980,0.4879033536997412
2683,5297,filled01_filled02_filled12_,3990,0.4878553790530085
2689,5311,filled01_filled02_filled12_,4000,0.48761163599190366
2694,5326,filled01_filled02_filled12_,4010,0.4868906830394062
2700,5340,filled01_filled02_filled12_,4020,0.4866918928138941
2706,5354,filled01_filled02_filled12_,4030,0.4865339507132709
2713,5367,filled01_filled02_filled12_,4040,0.48665090067490374
2721,5379,filled01_filled02_filled12_,4050,0.4872406848264464
2725,5395,filled01_filled02_filled12_,4060,0.48651744969093785
2728,5412,filled01_filled02_filled12_,4070,0.48634283916116755
2736,5424,filled01_filled02_filled12_,4080,0.4866507809769785
2741,5439,filled01_filled02_filled12_,4090,0.48668068179453766
2750,5450,filled01_filled02_filled12_,4100,0.48636616884428324
2758,5462,filled01_filled02_filled12_,4110,0.4859811327762092
2764,5476,filled01_filled02_filled12_,4120,0.4857497997988993
2770,5490,filled01_filled02_filled12_,4130,0.4856771086029763
2777,5503,filled01_filled02_filled12_,4140,0.48528448804813795
2784,5516,filled01_filled02_filled12_,4150,0.48528558626107426
2789,5531,filled01_filled02_filled12_,4160,0.48498639099866403
2797,5543,filled01_filled02_filled12_,4170,0.4850380036019562
2804,5556,filled01_filled02_filled12_,4180,0.48498058290192797
2811,5569,filled01_filled02_filled12_,4190,0.4849419578212963
2818,5582,filled01_filled02_filled12_,4200,0.4851356642024572
2826,5594,filled01_filled02_filled12_,4210,0.48559116507752287
2837,5603,filled01_filled02_filled12_,4220,0.48545115258105537
2844,5616,filled01_filled02_filled12_,4230,0.48486029531136315
2854,5626,filled01_filled02_filled12_,4240,0.4852436326904774
2861,5639,filled01_filled02_filled12_,4250,0.4855879217902874
2867,5653,filled01_filled02_filled12_,4260,0.485630255256918
2872,5668,filled01_filled02_filled12_,4270,0.4859245396103131
2878,5682,filled01_filled02_filled12_,4280,0.48534478677739834
2882,5698,filled01_filled02_filled12_,4290,0.48596569966688286
2894,5706,filled01_filled02_filled12_,4300,0.4867042163102628
2898,5722,filled01_filled02_filled12_,4310,0.48683063444573776
2905,5735,filled01_filled02_filled12_,4320,0.486922445274659
2910,5750,filled01_filled02_filled12_,4330,0.4871355526281979
2916,5764,filled01_filled02_filled12_,4340,0.48685526169802323
2923,5777,filled01_filled02_filled12_,4350,0.4871314982985355
2929,5791,filled01_filled02_filled12_,4360,0.48733732491572423
2940,5800,filled01_filled02_filled12_,4370,0.4879001406158494
2947,5813,filled01_filled02_filled12_,4380,0.4878962491466921
2955,5825,filled01_filled02_filled12_,4390,0.4885299466013165
2962,5838,filled01_filled02_filled12_,4400,0.48878269945024116
2970,5850,filled01_filled02_filled12_,4410,0.48871424188745644
2973,5867,filled01_filled02_filled12_,4420,0.4885999641567102
2979,5881,filled01_filled02_filled12_,4430,0.48870861351917805
2983,5897,filled01_filled02_filled12_,4440,0.4885555903806084
2989,5911,filled01_filled02_filled12_,4450,0.48824433567454034
2998,5922,filled01_filled02_filled12_,4460,0.48818886911331694
3006,5934,filled01_filled02_filled12_,4470,0.4881394603536564
3012,5948,filled01_filled02_filled12_,4480,0.48801141759404065
3021,5959,filled01_filled02_filled12_,4490,0.4877946145997652
3027,5973,filled01_filled02_filled12_,4500,0.4882278594473222
3036,5984,filled01_filled02_filled12_,4510,0.4884582604888768
3042,5998,filled01_filled02_filled12_,4520,0.48811910017199805
3052,6008,filled01_filled02_filled12_,4530,0.4880604017967465
3057,6023,filled01_filled02_filled12_,4540,0.4877295263397124
3062,6038,filled01_filled02_filled12_,4550,0.48743279300705167
3070,6050,filled01_filled02_filled12_,4560,0.48779466713804126
3075,6065,filled01_filled02_filled12_,4570,0.48764267947734047
3085,6075,filled01_filled02_filled12_,4580,0.4876738234078699
3088,6092,filled01_filled02_filled12_,4590,0.48738977443464
3091,6109,filled01_filled02_filled12_,4600,0.487250025723136
3096,6124,filled01_filled02_filled12_,4610,0.48688732137400154
3103,6137,filled01_filled02_filled12_,4620,0.48672915607492584
3110,6150,filled01_filled02_filled12_,4630,0.48679247416277754
3116,6164,filled01_filled02_filled12_,4640,0.48682905733168785
3126,6174,filled01_filled02_filled12_,4650,0.487245390145478
3134,6186,filled01_filled02_filled12_,4660,0.48752934204362847
3141,6199,filled01_filled02_filled12_,4670,0.4875748417926437
3147,6213,filled01_filled02_filled12_,4680,0.4880462815894344
3154,6226,filled01_filled02_filled12_,4690,0.4878333211222195
3160,6240,filled01_filled02_filled12_,4700,0.48795280453737555
3167,6253,filled01_filled02_filled12_,4710,0.48795034359181555
3175,6265,filled01_filled02_filled12_,4720,0.4880590675944984
3179,6281,filled01_filled02_filled12_,4730,0.4875385916914389
3185,6295,filled01_filled02_filled12_,4740,0.48772696377854113
3188,6312,filled01_filled02_filled12_,4750,0.4873684518089337
3196,6324,filled01_filled02_filled12_,4760,0.4873929107666756
3201,6339,filled01_filled02_filled12_,4770,0.4873329337848273
3205,6355,filled01_filled02_filled12_,4780,0.48690398755276193
3212,6368,filled01_filled02_filled12_,4790,0.48669808622961064
3216,6384,filled01_filled02_filled12_,4800,0.4863410441151809
3223,6397,filled01_filled02_filled12_,4810,0.486069067628579
3227,6413,filled01_filled02_filled12_,4820,0.4863354478721383
3234,6426,filled01_filled02_filled12_,4830,0.48660085835657346
3240,6440,filled01_filled02_filled12_,4840,0.48670449968945806
3249,6451,filled01_filled02_filled12_,4850,0.48720646031613707
3256,6464,filled01_filled02_filled12_,4860,0.48707029460168166
3262,6478,filled01_filled02_filled12_,4870,0.4868574304864743
3270,6490,filled01_filled02_filled12_,4880,0.4870318992678378
3277,6503,filled01_filled02_filled12_,4890,0.48697922590092996
3285,6515,filled01_filled02_filled12_,4900,0.4871528215081032
3291,6529,filled01_filled02_filled12_,4910,0.48763345341667846
3298,6542,filled01_filled02_filled12_,4920,0.4878395550710752
3304,6556,filled01_filled02_filled12_,4930,0.48816913281982904
3309,6571,filled01_filled02_filled12_,4940,0.4878137112139429
3316,6584,filled01_filled02_filled12_,4950,0.48782654338612025
3321,6599,filled01_filled02_filled12_,4960,0.4879826473662157
3328,6612,filled01_filled02_filled12_,4970,0.48818612058578287
3334,6626,filled01_filled02_filled12_,4980,0.488497631924767
3337,6643,filled01_filled02_filled12_,4990,0.4884786428388033
