size intersection,size union,state,k,mean JI
4,16,filled01_filled02_filled12_,10,0.37393162393162394
8,32,filled01_filled02_filled12_,20,0.3526272577996716
16,44,filled01_filled02_filled12_,30,0.39898989898989895
23,57,filled01_filled02_filled12_,40,0.4061078622482131
27,73,filled01_filled02_filled12_,50,0.4236170104522727
35,85,filled01_filled02_filled12_,60,0.46625923096511324
39,101,filled01_filled02_filled12_,70,0.4258845239362646
46,114,filled01_filled02_filled12_,80,0.42052099946836785
53,127,filled01_filled02_filled12_,90,0.4483087134769311
62,138,filled01_filled02_filled12_,100,0.46433276868059475
70,150,filled01_filled02_filled12_,110,0.4702112423916935
79,161,filled01_filled02_filled12_,120,0.4848875488744233
87,173,filled01_filled02_filled12_,130,0.4944815446864885
95,185,filled01_filled02_filled12_,140,0.4872056395982029
102,198,filled01_filled02_filled12_,150,0.46918023277097715
110,210,filled01_filled02_filled12_,160,0.4825693517282302
117,223,filled01_filled02_filled12_,170,0.4834969678078756
124,236,filled01_filled02_filled12_,180,0.4825903636649822
135,245,filled01_filled02_filled12_,190,0.48443528530815305
141,259,filled01_filled02_filled12_,200,0.4920735471659719
146,274,filled01_filled02_filled12_,210,0.4821425186518571
155,285,filled01_filled02_filled12_,220,0.48143931210054197
163,297,filled01_filled02_filled12_,230,0.4853233703739561
169,311,filled01_filled02_filled12_,240,0.47698211801653007
173,327,filled01_filled02_filled12_,250,0.46901392812067727
182,338,filled01_filled02_filled12_,260,0.4758503528557004
189,351,filled01_filled02_filled12_,270,0.47803040356231846
194,366,filled01_filled02_filled12_,280,0.47105717597520874
202,378,filled01_filled02_filled12_,290,0.47098765432098766
208,392,filled01_filled02_filled12_,300,0.475257281790973
219,401,filled01_filled02_filled12_,310,0.48111558029386403
224,416,filled01_filled02_filled12_,320,0.48473140253962166
229,431,filled01_filled02_filled12_,330,0.4828177131116708
235,445,filled01_filled02_filled12_,340,0.48427819894363955
241,459,filled01_filled02_filled12_,350,0.48362249441270855
248,472,filled01_filled02_filled12_,360,0.4801344952995265
254,486,filled01_filled02_filled12_,370,0.4805924170423898
260,500,filled01_filled02_filled12_,380,0.4820076975904269
269,511,filled01_filled02_filled12_,390,0.481685767145372
277,523,filled01_filled02_filled12_,400,0.4804590218814586
283,537,filled01_filled02_filled12_,410,0.47913467630726564
289,551,filled01_filled02_filled12_,420,0.4787158915769822
297,563,filled01_filled02_filled12_,430,0.4760150779985001
305,575,filled01_filled02_filled12_,440,0.48467696323497983
315,585,filled01_filled02_filled12_,450,0.48924025413681244
326,594,filled01_filled02_filled12_,460,0.49528817693611704
336,604,filled01_filled02_filled12_,470,0.4971953032913092
345,615,filled01_filled02_filled12_,480,0.5042122566483241
353,627,filled01_filled02_filled12_,490,0.5086678962524169
362,638,filled01_filled02_filled12_,500,0.5108573869969261
367,653,filled01_filled02_filled12_,510,0.5097903575458785
377,663,filled01_filled02_filled12_,520,0.5105481756821683
388,672,filled01_filled02_filled12_,530,0.5148423817209958
393,687,filled01_filled02_filled12_,540,0.5144188386437463
395,705,filled01_filled02_filled12_,550,0.5111018411944553
402,718,filled01_filled02_filled12_,560,0.5135528304016714
409,731,filled01_filled02_filled12_,570,0.5146275079799362
415,745,filled01_filled02_filled12_,580,0.5155941284974833
426,754,filled01_filled02_filled12_,590,0.5149424906766624
435,765,filled01_filled02_filled12_,600,0.5160940660686798
443,777,filled01_filled02_filled12_,610,0.5165340676737521
453,787,filled01_filled02_filled12_,620,0.5188612670833442
462,798,filled01_filled02_filled12_,630,0.5204877400424127
469,811,filled01_filled02_filled12_,640,0.5225003818106697
478,822,filled01_filled02_filled12_,650,0.5251779963655929
485,835,filled01_filled02_filled12_,660,0.5242544283613957
491,849,filled01_filled02_filled12_,670,0.5249699785026848
500,860,filled01_filled02_filled12_,680,0.5252737376094302
504,876,filled01_filled02_filled12_,690,0.525814458558182
508,892,filled01_filled02_filled12_,700,0.5220991990151397
515,905,filled01_filled02_filled12_,710,0.5223146725624789
522,918,filled01_filled02_filled12_,720,0.5193851899734253
527,933,filled01_filled02_filled12_,730,0.5200567040026791
534,946,filled01_filled02_filled12_,740,0.521329738818875
540,960,filled01_filled02_filled12_,750,0.5195170452656841
544,976,filled01_filled02_filled12_,760,0.5176736203835568
548,992,filled01_filled02_filled12_,770,0.5159475652666027
557,1003,filled01_filled02_filled12_,780,0.517782834306625
568,1012,filled01_filled02_filled12_,790,0.5196227789930937
573,1027,filled01_filled02_filled12_,800,0.5203257786583101
580,1040,filled01_filled02_filled12_,810,0.5210972592833234
589,1051,filled01_filled02_filled12_,820,0.5232862674571335
597,1063,filled01_filled02_filled12_,830,0.5229942742582377
602,1078,filled01_filled02_filled12_,840,0.5218540480329072
608,1092,filled01_filled02_filled12_,850,0.5197881075227212
610,1110,filled01_filled02_filled12_,860,0.516364540832626
618,1122,filled01_filled02_filled12_,870,0.5171064155606693
625,1135,filled01_filled02_filled12_,880,0.5144636832154311
634,1146,filled01_filled02_filled12_,890,0.5143829429360984
642,1158,filled01_filled02_filled12_,900,0.5163037704023014
647,1173,filled01_filled02_filled12_,910,0.5152584882788191
658,1182,filled01_filled02_filled12_,920,0.5201204076005074
667,1193,filled01_filled02_filled12_,930,0.5244642186207916
674,1206,filled01_filled02_filled12_,940,0.5230331305161898
681,1219,filled01_filled02_filled12_,950,0.5228058056732893
687,1233,filled01_filled02_filled12_,960,0.5229493039089923
695,1245,filled01_filled02_filled12_,970,0.523513057032091
700,1260,filled01_filled02_filled12_,980,0.5224218222880419
709,1271,filled01_filled02_filled12_,990,0.5223457690707488
716,1284,filled01_filled02_filled12_,1000,0.522180131564088
720,1300,filled01_filled02_filled12_,1010,0.5230687142084881
730,1310,filled01_filled02_filled12_,1020,0.5225586318446503
737,1323,filled01_filled02_filled12_,1030,0.5230449006667016
747,1333,filled01_filled02_filled12_,1040,0.5243480444040803
755,1345,filled01_filled02_filled12_,1050,0.5259599555205169
764,1356,filled01_filled02_filled12_,1060,0.5275495994476643
769,1371,filled01_filled02_filled12_,1070,0.5283440486757882
776,1384,filled01_filled02_filled12_,1080,0.5270565023138005
779,1401,filled01_filled02_filled12_,1090,0.5252945560505702
786,1414,filled01_filled02_filled12_,1100,0.5256901901049468
794,1426,filled01_filled02_filled12_,1110,0.5265593536775782
801,1439,filled01_filled02_filled12_,1120,0.5262956901435795
809,1451,filled01_filled02_filled12_,1130,0.5291737919878219
816,1464,filled01_filled02_filled12_,1140,0.5283369268202558
823,1477,filled01_filled02_filled12_,1150,0.5303736641259759
828,1492,filled01_filled02_filled12_,1160,0.5290764341282203
832,1508,filled01_filled02_filled12_,1170,0.525845639716087
838,1522,filled01_filled02_filled12_,1180,0.5253751791423501
844,1536,filled01_filled02_filled12_,1190,0.5244969997306391
855,1545,filled01_filled02_filled12_,1200,0.5265388493500861
862,1558,filled01_filled02_filled12_,1210,0.52662772513078
868,1572,filled01_filled02_filled12_,1220,0.5270492664183223
875,1585,filled01_filled02_filled12_,1230,0.5268770319183166
880,1600,filled01_filled02_filled12_,1240,0.5254078972325842
887,1613,filled01_filled02_filled12_,1250,0.5255027160184146
896,1624,filled01_filled02_filled12_,1260,0.525057030891488
900,1640,filled01_filled02_filled12_,1270,0.523888579634336
907,1653,filled01_filled02_filled12_,1280,0.5251855953622229
915,1665,filled01_filled02_filled12_,1290,0.5258346437525471
920,1680,filled01_filled02_filled12_,1300,0.5249980175240713
927,1693,filled01_filled02_filled12_,1310,0.52540091736987
932,1708,filled01_filled02_filled12_,1320,0.5252605385309069
938,1722,filled01_filled02_filled12_,1330,0.5236999093116669
945,1735,filled01_filled02_filled12_,1340,0.522026184887283
954,1746,filled01_filled02_filled12_,1350,0.5238914704872707
966,1754,filled01_filled02_filled12_,1360,0.5265835627801564
968,1772,filled01_filled02_filled12_,1370,0.5243825121052312
976,1784,filled01_filled02_filled12_,1380,0.5250912179998791
983,1797,filled01_filled02_filled12_,1390,0.5252120397045569
988,1812,filled01_filled02_filled12_,1400,0.524986238495908
998,1822,filled01_filled02_filled12_,1410,0.5267212284022409
1000,1840,filled01_filled02_filled12_,1420,0.5248234524509672
1006,1854,filled01_filled02_filled12_,1430,0.5246040204781673
1013,1867,filled01_filled02_filled12_,1440,0.5241910072934731
1016,1884,filled01_filled02_filled12_,1450,0.5219167011201565
1024,1896,filled01_filled02_filled12_,1460,0.5228168223703089
1026,1914,filled01_filled02_filled12_,1470,0.5210548536503057
1029,1931,filled01_filled02_filled12_,1480,0.5206507382878901
1034,1946,filled01_filled02_filled12_,1490,0.5199666960299832
1036,1964,filled01_filled02_filled12_,1500,0.5190529034802681
1045,1975,filled01_filled02_filled12_,1510,0.5189159459870966
1048,1992,filled01_filled02_filled12_,1520,0.5180421465136255
1051,2009,filled01_filled02_filled12_,1530,0.5156582824799755
1059,2021,filled01_filled02_filled12_,1540,0.5155829319595965
1064,2036,filled01_filled02_filled12_,1550,0.5154563251967863
1071,2049,filled01_filled02_filled12_,1560,0.5160857612338314
1081,2059,filled01_filled02_filled12_,1570,0.5165016801814969
1086,2074,filled01_filled02_filled12_,1580,0.5161704652922735
1095,2085,filled01_filled02_filled12_,1590,0.5173539338786949
1102,2098,filled01_filled02_filled12_,1600,0.5170011104237351
1109,2111,filled01_filled02_filled12_,1610,0.5176017524517195
1114,2126,filled01_filled02_filled12_,1620,0.5173006365633473
1124,2136,filled01_filled02_filled12_,1630,0.5183853599169793
1133,2147,filled01_filled02_filled12_,1640,0.5199653395427558
1139,2161,filled01_filled02_filled12_,1650,0.5200250668081888
1140,2180,filled01_filled02_filled12_,1660,0.5182662765715542
1145,2195,filled01_filled02_filled12_,1670,0.5174588398204067
1150,2210,filled01_filled02_filled12_,1680,0.5179782602879096
1158,2222,filled01_filled02_filled12_,1690,0.5176531967163385
1162,2238,filled01_filled02_filled12_,1700,0.5166903963947999
1164,2256,filled01_filled02_filled12_,1710,0.5152406356888976
1170,2270,filled01_filled02_filled12_,1720,0.5147269697688969
1178,2282,filled01_filled02_filled12_,1730,0.5146109338309293
1185,2295,filled01_filled02_filled12_,1740,0.5145341039192391
1189,2311,filled01_filled02_filled12_,1750,0.5140329628557753
1193,2327,filled01_filled02_filled12_,1760,0.5130549314207264
1198,2342,filled01_filled02_filled12_,1770,0.5116709183144893
1203,2357,filled01_filled02_filled12_,1780,0.5109587276059234
1208,2372,filled01_filled02_filled12_,1790,0.5110833731212843
1214,2386,filled01_filled02_filled12_,1800,0.5110644121121836
1220,2400,filled01_filled02_filled12_,1810,0.5105779121847404
1228,2412,filled01_filled02_filled12_,1820,0.5107348161940214
1235,2425,filled01_filled02_filled12_,1830,0.5106370895629199
1239,2441,filled01_filled02_filled12_,1840,0.5092919622199852
1245,2455,filled01_filled02_filled12_,1850,0.5092172125402906
1251,2469,filled01_filled02_filled12_,1860,0.5083469873053569
1255,2485,filled01_filled02_filled12_,1870,0.5081086269598877
1262,2498,filled01_filled02_filled12_,1880,0.5078798328185213
1266,2514,filled01_filled02_filled12_,1890,0.507606835350828
1271,2529,filled01_filled02_filled12_,1900,0.5073663384293797
1278,2542,filled01_filled02_filled12_,1910,0.5071052340380073
1286,2554,filled01_filled02_filled12_,1920,0.50727008064898
1290,2570,filled01_filled02_filled12_,1930,0.5076092764207893
1296,2584,filled01_filled02_filled12_,1940,0.5079608668350148
1303,2597,filled01_filled02_filled12_,1950,0.5077393588305729
1309,2611,filled01_filled02_filled12_,1960,0.5082906246382436
1315,2625,filled01_filled02_filled12_,1970,0.5069037436427114
1320,2640,filled01_filled02_filled12_,1980,0.5066415709593114
1330,2650,filled01_filled02_filled12_,1990,0.5071973114960232
1337,2663,filled01_filled02_filled12_,2000,0.5061905724354344
1341,2679,filled01_filled02_filled12_,2010,0.5050474023029817
1347,2693,filled01_filled02_filled12_,2020,0.5055926703419887
1347,2713,filled01_filled02_filled12_,2030,0.503710917027682
1354,2726,filled01_filled02_filled12_,2040,0.5036976708093046
1364,2736,filled01_filled02_filled12_,2050,0.5049712866387915
1372,2748,filled01_filled02_filled12_,2060,0.5049412340376863
1377,2763,filled01_filled02_filled12_,2070,0.504352087479328
1381,2779,filled01_filled02_filled12_,2080,0.503623171904595
1386,2794,filled01_filled02_filled12_,2090,0.5024962738345746
1392,2808,filled01_filled02_filled12_,2100,0.5022954582920968
1398,2822,filled01_filled02_filled12_,2110,0.5013966650654325
1410,2830,filled01_filled02_filled12_,2120,0.5024301099202585
1414,2846,filled01_filled02_filled12_,2130,0.5018971314494055
1422,2858,filled01_filled02_filled12_,2140,0.5020523230996131
1427,2873,filled01_filled02_filled12_,2150,0.5020511356579446
1431,2889,filled01_filled02_filled12_,2160,0.501680462354179
1437,2903,filled01_filled02_filled12_,2170,0.5013389648073321
1443,2917,filled01_filled02_filled12_,2180,0.5015128077779488
1456,2924,filled01_filled02_filled12_,2190,0.5034031528813298
1462,2938,filled01_filled02_filled12_,2200,0.5040901747469464
1467,2953,filled01_filled02_filled12_,2210,0.5042601144261968
1477,2963,filled01_filled02_filled12_,2220,0.5045721353953702
1488,2972,filled01_filled02_filled12_,2230,0.5053759639071717
1494,2986,filled01_filled02_filled12_,2240,0.5051598733259123
1501,2999,filled01_filled02_filled12_,2250,0.5061245822664396
1511,3009,filled01_filled02_filled12_,2260,0.5067343789804855
1518,3022,filled01_filled02_filled12_,2270,0.5072042195856092
1524,3036,filled01_filled02_filled12_,2280,0.5071850920360453
1532,3048,filled01_filled02_filled12_,2290,0.5068178890080021
1542,3058,filled01_filled02_filled12_,2300,0.5079313077059459
1548,3072,filled01_filled02_filled12_,2310,0.5082251602564103
1554,3086,filled01_filled02_filled12_,2320,0.5078738809069251
1560,3100,filled01_filled02_filled12_,2330,0.5079959764253762
1567,3113,filled01_filled02_filled12_,2340,0.5078097033759508
1577,3123,filled01_filled02_filled12_,2350,0.5090909625730021
1583,3137,filled01_filled02_filled12_,2360,0.5092062085995961
1587,3153,filled01_filled02_filled12_,2370,0.5085399417919598
1596,3164,filled01_filled02_filled12_,2380,0.5083257852274271
1603,3177,filled01_filled02_filled12_,2390,0.5084228289655833
1608,3192,filled01_filled02_filled12_,2400,0.5082544687956331
1615,3205,filled01_filled02_filled12_,2410,0.5086915711815698
1621,3219,filled01_filled02_filled12_,2420,0.5088060549647121
1627,3233,filled01_filled02_filled12_,2430,0.5089569915340305
1640,3240,filled01_filled02_filled12_,2440,0.5100145942654369
1642,3258,filled01_filled02_filled12_,2450,0.508572641657652
1647,3273,filled01_filled02_filled12_,2460,0.508705881226351
1655,3285,filled01_filled02_filled12_,2470,0.5097529447687327
1662,3298,filled01_filled02_filled12_,2480,0.5094353919665854
1670,3310,filled01_filled02_filled12_,2490,0.5101786858621599
1674,3326,filled01_filled02_filled12_,2500,0.5090660232414653
1680,3340,filled01_filled02_filled12_,2510,0.5087383357370916
1688,3352,filled01_filled02_filled12_,2520,0.5087255615566577
1694,3366,filled01_filled02_filled12_,2530,0.5080881325679191
1697,3383,filled01_filled02_filled12_,2540,0.5069991028516466
1705,3395,filled01_filled02_filled12_,2550,0.5077193778522653
1715,3405,filled01_filled02_filled12_,2560,0.508561082166707
1723,3417,filled01_filled02_filled12_,2570,0.5083948280374653
1733,3427,filled01_filled02_filled12_,2580,0.5087925043303292
1738,3442,filled01_filled02_filled12_,2590,0.508727639755178
1743,3457,filled01_filled02_filled12_,2600,0.5078347813248172
1754,3466,filled01_filled02_filled12_,2610,0.5095781050472674
1761,3479,filled01_filled02_filled12_,2620,0.5095206222705587
1768,3492,filled01_filled02_filled12_,2630,0.5104844139924604
1778,3502,filled01_filled02_filled12_,2640,0.5108784826149719
1782,3518,filled01_filled02_filled12_,2650,0.5108384718992284
1787,3533,filled01_filled02_filled12_,2660,0.5109535618947921
1794,3546,filled01_filled02_filled12_,2670,0.5110531020555503
1801,3559,filled01_filled02_filled12_,2680,0.510991838716336
1807,3573,filled01_filled02_filled12_,2690,0.5110863633121928
1812,3588,filled01_filled02_filled12_,2700,0.5117544918638056
1816,3604,filled01_filled02_filled12_,2710,0.5111385601907505
1821,3619,filled01_filled02_filled12_,2720,0.511116125350075
1828,3632,filled01_filled02_filled12_,2730,0.5119089332105721
1836,3644,filled01_filled02_filled12_,2740,0.5111673351455952
1846,3654,filled01_filled02_filled12_,2750,0.5119644148801377
1852,3668,filled01_filled02_filled12_,2760,0.5115326595751717
1856,3684,filled01_filled02_filled12_,2770,0.511914995312471
1863,3697,filled01_filled02_filled12_,2780,0.5117430767469578
1869,3711,filled01_filled02_filled12_,2790,0.5119866919645805
1873,3727,filled01_filled02_filled12_,2800,0.5115318319486066
1879,3741,filled01_filled02_filled12_,2810,0.5113371617574002
1885,3755,filled01_filled02_filled12_,2820,0.5111664202797904
1889,3771,filled01_filled02_filled12_,2830,0.5112510613997996
1894,3786,filled01_filled02_filled12_,2840,0.5102807457530191
1900,3800,filled01_filled02_filled12_,2850,0.5109006841489805
1908,3812,filled01_filled02_filled12_,2860,0.5111356630361604
1916,3824,filled01_filled02_filled12_,2870,0.5112302386134838
1925,3835,filled01_filled02_filled12_,2880,0.5119874540885073
1935,3845,filled01_filled02_filled12_,2890,0.5127216784585917
1943,3857,filled01_filled02_filled12_,2900,0.5128102938022615
1948,3872,filled01_filled02_filled12_,2910,0.5125205174311424
1957,3883,filled01_filled02_filled12_,2920,0.5139278970029046
1963,3897,filled01_filled02_filled12_,2930,0.5140167895875982
1975,3905,filled01_filled02_filled12_,2940,0.5147496687315213
1982,3918,filled01_filled02_filled12_,2950,0.514827281919016
1989,3931,filled01_filled02_filled12_,2960,0.5151752745500161
1993,3947,filled01_filled02_filled12_,2970,0.5151396171034976
2000,3960,filled01_filled02_filled12_,2980,0.5154847082934628
2005,3975,filled01_filled02_filled12_,2990,0.5152162701711532
2009,3991,filled01_filled02_filled12_,3000,0.5152939980158086
2015,4005,filled01_filled02_filled12_,3010,0.5149977840550232
2023,4017,filled01_filled02_filled12_,3020,0.5156863369477772
2029,4031,filled01_filled02_filled12_,3030,0.515878507625692
2037,4043,filled01_filled02_filled12_,3040,0.5172137786270533
2045,4055,filled01_filled02_filled12_,3050,0.5177908311326771
2053,4067,filled01_filled02_filled12_,3060,0.5183539570191825
2059,4081,filled01_filled02_filled12_,3070,0.5182836615188108
2062,4098,filled01_filled02_filled12_,3080,0.5174744253450765
2069,4111,filled01_filled02_filled12_,3090,0.5175604011587768
2074,4126,filled01_filled02_filled12_,3100,0.5174921009647041
2083,4137,filled01_filled02_filled12_,3110,0.5181989877100244
2092,4148,filled01_filled02_filled12_,3120,0.5187623384013029
2097,4163,filled01_filled02_filled12_,3130,0.5185923671379405
2101,4179,filled01_filled02_filled12_,3140,0.5185407046695533
2109,4191,filled01_filled02_filled12_,3150,0.5192042340219323
2116,4204,filled01_filled02_filled12_,3160,0.5188988076542459
2122,4218,filled01_filled02_filled12_,3170,0.5187218222307478
2131,4229,filled01_filled02_filled12_,3180,0.5190495532581098
2138,4242,filled01_filled02_filled12_,3190,0.5194579346572707
2142,4258,filled01_filled02_filled12_,3200,0.5192679787134235
2147,4273,filled01_filled02_filled12_,3210,0.5190710712160592
2154,4286,filled01_filled02_filled12_,3220,0.5191486734656896
2163,4297,filled01_filled02_filled12_,3230,0.5200669696172842
2171,4309,filled01_filled02_filled12_,3240,0.5209494514381955
2183,4317,filled01_filled02_filled12_,3250,0.5217067496753701
2194,4326,filled01_filled02_filled12_,3260,0.5228650444351192
2203,4337,filled01_filled02_filled12_,3270,0.5231422136887764
2213,4347,filled01_filled02_filled12_,3280,0.5234093811893787
2221,4359,filled01_filled02_filled12_,3290,0.5229598733442206
2229,4371,filled01_filled02_filled12_,3300,0.5232331868032948
2236,4384,filled01_filled02_filled12_,3310,0.5231742983705319
2247,4393,filled01_filled02_filled12_,3320,0.5244129353477431
2254,4406,filled01_filled02_filled12_,3330,0.5252908547606476
2261,4419,filled01_filled02_filled12_,3340,0.5255731932120867
2265,4435,filled01_filled02_filled12_,3350,0.5251676904372233
2269,4451,filled01_filled02_filled12_,3360,0.5254330112247474
2277,4463,filled01_filled02_filled12_,3370,0.5257143803331142
2288,4472,filled01_filled02_filled12_,3380,0.5267754789969614
2293,4487,filled01_filled02_filled12_,3390,0.5270262217533502
2301,4499,filled01_filled02_filled12_,3400,0.5271903110690123
2311,4509,filled01_filled02_filled12_,3410,0.5281382488921044
2319,4521,filled01_filled02_filled12_,3420,0.5287383368622086
2327,4533,filled01_filled02_filled12_,3430,0.529575561062778
2338,4542,filled01_filled02_filled12_,3440,0.5298458855449918
2344,4556,filled01_filled02_filled12_,3450,0.5294207494489521
2349,4571,filled01_filled02_filled12_,3460,0.5297883028948842
2355,4585,filled01_filled02_filled12_,3470,0.5295928943925733
2359,4601,filled01_filled02_filled12_,3480,0.528942521374334
2367,4613,filled01_filled02_filled12_,3490,0.529313323639785
2376,4624,filled01_filled02_filled12_,3500,0.5293408761712995
2384,4636,filled01_filled02_filled12_,3510,0.5297192521340435
2390,4650,filled01_filled02_filled12_,3520,0.5299643828540105
2395,4665,filled01_filled02_filled12_,3530,0.530344872904264
2403,4677,filled01_filled02_filled12_,3540,0.5307180412215325
2409,4691,filled01_filled02_filled12_,3550,0.5310863055819126
2414,4706,filled01_filled02_filled12_,3560,0.530901289392435
2423,4717,filled01_filled02_filled12_,3570,0.5315774641757497
2431,4729,filled01_filled02_filled12_,3580,0.5316069320557385
2435,4745,filled01_filled02_filled12_,3590,0.5314204785700912
2441,4759,filled01_filled02_filled12_,3600,0.5313427468440658
2450,4770,filled01_filled02_filled12_,3610,0.5319281163375656
2457,4783,filled01_filled02_filled12_,3620,0.5318400925111062
2467,4793,filled01_filled02_filled12_,3630,0.5319538681900372
2474,4806,filled01_filled02_filled12_,3640,0.5320729394953981
2483,4817,filled01_filled02_filled12_,3650,0.5326507783646756
2489,4831,filled01_filled02_filled12_,3660,0.5326736994913381
2498,4842,filled01_filled02_filled12_,3670,0.5329180581227965
2505,4855,filled01_filled02_filled12_,3680,0.5326024968638281
2514,4866,filled01_filled02_filled12_,3690,0.5331405184211538
2521,4879,filled01_filled02_filled12_,3700,0.5329171284144903
2529,4891,filled01_filled02_filled12_,3710,0.5333698346703789
2539,4901,filled01_filled02_filled12_,3720,0.5341389714044306
2547,4913,filled01_filled02_filled12_,3730,0.5345651931602634
2555,4925,filled01_filled02_filled12_,3740,0.5347664449768805
2561,4939,filled01_filled02_filled12_,3750,0.5344601782013366
2567,4953,filled01_filled02_filled12_,3760,0.5347784451499615
2576,4964,filled01_filled02_filled12_,3770,0.5351905466831256
2583,4977,filled01_filled02_filled12_,3780,0.5353178813390564
2588,4992,filled01_filled02_filled12_,3790,0.535551259704445
2594,5006,filled01_filled02_filled12_,3800,0.5354662744153535
2602,5018,filled01_filled02_filled12_,3810,0.5351454187137789
2610,5030,filled01_filled02_filled12_,3820,0.5352528381431133
2616,5044,filled01_filled02_filled12_,3830,0.5351589617444251
2623,5057,filled01_filled02_filled12_,3840,0.535569564981768
2631,5069,filled01_filled02_filled12_,3850,0.5356552579711666
2636,5084,filled01_filled02_filled12_,3860,0.5353343755505691
2643,5097,filled01_filled02_filled12_,3870,0.5362899407199139
2650,5110,filled01_filled02_filled12_,3880,0.5363035228075123
2657,5123,filled01_filled02_filled12_,3890,0.536005213326089
2664,5136,filled01_filled02_filled12_,3900,0.5362334555659128
2670,5150,filled01_filled02_filled12_,3910,0.5360421729645258
2678,5162,filled01_filled02_filled12_,3920,0.535941573050203
2687,5173,filled01_filled02_filled12_,3930,0.5361321978982413
2695,5185,filled01_filled02_filled12_,3940,0.5365226361674026
2704,5196,filled01_filled02_filled12_,3950,0.5365099306898653
2713,5207,filled01_filled02_filled12_,3960,0.5366121232025848
2723,5217,filled01_filled02_filled12_,3970,0.5364968371677766
2734,5226,filled01_filled02_filled12_,3980,0.5372973408910476
2741,5239,filled01_filled02_filled12_,3990,0.5377068633822594
2745,5255,filled01_filled02_filled12_,4000,0.5375308445674524
2753,5267,filled01_filled02_filled12_,4010,0.5378171551487915
2762,5278,filled01_filled02_filled12_,4020,0.5387174047243063
2770,5290,filled01_filled02_filled12_,4030,0.5389147721425753
2776,5304,filled01_filled02_filled12_,4040,0.5385532502077429
2783,5317,filled01_filled02_filled12_,4050,0.5382513710050811
2788,5332,filled01_filled02_filled12_,4060,0.5379758748743161
2793,5347,filled01_filled02_filled12_,4070,0.5373011392787931
2799,5361,filled01_filled02_filled12_,4080,0.5372171601858088
2808,5372,filled01_filled02_filled12_,4090,0.5380010833513601
2816,5384,filled01_filled02_filled12_,4100,0.5384835982242652
2822,5398,filled01_filled02_filled12_,4110,0.5386646808806008
2829,5411,filled01_filled02_filled12_,4120,0.5387546636771197
2836,5424,filled01_filled02_filled12_,4130,0.5383660588848057
2840,5440,filled01_filled02_filled12_,4140,0.5383782874637858
2848,5452,filled01_filled02_filled12_,4150,0.538662148003275
2854,5466,filled01_filled02_filled12_,4160,0.5381745413501676
2863,5477,filled01_filled02_filled12_,4170,0.5389238048891695
2870,5490,filled01_filled02_filled12_,4180,0.5394122672092952
2878,5502,filled01_filled02_filled12_,4190,0.5396823407868946
2888,5512,filled01_filled02_filled12_,4200,0.5402441534720764
2896,5524,filled01_filled02_filled12_,4210,0.5403303021069462
2900,5540,filled01_filled02_filled12_,4220,0.5397694916660344
2908,5552,filled01_filled02_filled12_,4230,0.5399731742678485
2914,5566,filled01_filled02_filled12_,4240,0.5405505574463606
2921,5579,filled01_filled02_filled12_,4250,0.5403557153483898
2929,5591,filled01_filled02_filled12_,4260,0.5407267574093172
2935,5605,filled01_filled02_filled12_,4270,0.5412901933696989
2943,5617,filled01_filled02_filled12_,4280,0.5417560364344899
2948,5632,filled01_filled02_filled12_,4290,0.5412724111861621
2956,5644,filled01_filled02_filled12_,4300,0.5418248573479425
2960,5660,filled01_filled02_filled12_,4310,0.5415284499210861
2968,5672,filled01_filled02_filled12_,4320,0.5414236025260281
2974,5686,filled01_filled02_filled12_,4330,0.5415110627202002
2985,5695,filled01_filled02_filled12_,4340,0.5422287528225261
2994,5706,filled01_filled02_filled12_,4350,0.5423086756707295
2997,5723,filled01_filled02_filled12_,4360,0.5415751117375134
3003,5737,filled01_filled02_filled12_,4370,0.5413818832420172
3010,5750,filled01_filled02_filled12_,4380,0.5408164635672448
3016,5764,filled01_filled02_filled12_,4390,0.5405307910218515
3022,5778,filled01_filled02_filled12_,4400,0.5404367535950323
3032,5788,filled01_filled02_filled12_,4410,0.5409703943751086
3037,5803,filled01_filled02_filled12_,4420,0.5407017597705045
3046,5814,filled01_filled02_filled12_,4430,0.5407591838850009
3052,5828,filled01_filled02_filled12_,4440,0.5405096302922295
3057,5843,filled01_filled02_filled12_,4450,0.5400560351149546
3066,5854,filled01_filled02_filled12_,4460,0.5404976023215491
3072,5868,filled01_filled02_filled12_,4470,0.539970043079979
3082,5878,filled01_filled02_filled12_,4480,0.5404029158517997
3090,5890,filled01_filled02_filled12_,4490,0.5402973077467632
3098,5902,filled01_filled02_filled12_,4500,0.5406404640539829
3106,5914,filled01_filled02_filled12_,4510,0.5409743751266796
3113,5927,filled01_filled02_filled12_,4520,0.5409753713431212
3121,5939,filled01_filled02_filled12_,4530,0.5414840437960403
3131,5949,filled01_filled02_filled12_,4540,0.5415639739682793
3136,5964,filled01_filled02_filled12_,4550,0.5413852386596614
3145,5975,filled01_filled02_filled12_,4560,0.5415477773607579
3153,5987,filled01_filled02_filled12_,4570,0.5414343391032003
3163,5997,filled01_filled02_filled12_,4580,0.5422054552392601
3173,6007,filled01_filled02_filled12_,4590,0.5425413541924172
3178,6022,filled01_filled02_filled12_,4600,0.5421123351726675
3187,6033,filled01_filled02_filled12_,4610,0.5426270029651478
3195,6045,filled01_filled02_filled12_,4620,0.5424372075609246
3205,6055,filled01_filled02_filled12_,4630,0.5427700766489624
3212,6068,filled01_filled02_filled12_,4640,0.5426695299468953
3217,6083,filled01_filled02_filled12_,4650,0.5425143564955534
3226,6094,filled01_filled02_filled12_,4660,0.5425819736445937
3236,6104,filled01_filled02_filled12_,4670,0.5428300589486564
3245,6115,filled01_filled02_filled12_,4680,0.5428895123265655
3252,6128,filled01_filled02_filled12_,4690,0.5427898584386347
3256,6144,filled01_filled02_filled12_,4700,0.5425377631789617
3263,6157,filled01_filled02_filled12_,4710,0.5422621500022268
3271,6169,filled01_filled02_filled12_,4720,0.5423211294898537
3277,6183,filled01_filled02_filled12_,4730,0.5419794741844072
3280,6200,filled01_filled02_filled12_,4740,0.5419720543241489
3289,6211,filled01_filled02_filled12_,4750,0.5423103032735447
3295,6225,filled01_filled02_filled12_,4760,0.5419852515248216
3302,6238,filled01_filled02_filled12_,4770,0.5418091425797406
3312,6248,filled01_filled02_filled12_,4780,0.5422057957809248
3319,6261,filled01_filled02_filled12_,4790,0.5424652882862041
3326,6274,filled01_filled02_filled12_,4800,0.5432968751899409
3331,6289,filled01_filled02_filled12_,4810,0.5431234309585588
3338,6302,filled01_filled02_filled12_,4820,0.5428669815508145
3346,6314,filled01_filled02_filled12_,4830,0.5431897806508489
3354,6326,filled01_filled02_filled12_,4840,0.5435113856873302
3361,6339,filled01_filled02_filled12_,4850,0.5431694272203281
3369,6351,filled01_filled02_filled12_,4860,0.5437407128701106
3377,6363,filled01_filled02_filled12_,4870,0.5439734766418477
3386,6374,filled01_filled02_filled12_,4880,0.5441996456086362
3394,6386,filled01_filled02_filled12_,4890,0.544673211522196
3398,6402,filled01_filled02_filled12_,4900,0.5448261803596711
3407,6413,filled01_filled02_filled12_,4910,0.5450494261862406
3414,6426,filled01_filled02_filled12_,4920,0.5449427785972015
3419,6441,filled01_filled02_filled12_,4930,0.5446851191008176
3428,6452,filled01_filled02_filled12_,4940,0.5447449022962308
3433,6467,filled01_filled02_filled12_,4950,0.5443266784501843
3441,6479,filled01_filled02_filled12_,4960,0.5442581914286692
3448,6492,filled01_filled02_filled12_,4970,0.5446455467965491
3453,6507,filled01_filled02_filled12_,4980,0.5447273195326172
3463,6517,filled01_filled02_filled12_,4990,0.5456836044231781
