size intersection,size union,state,k,mean JI
6,14,filled01_filled02_filled12_,10,0.42857142857142855
11,29,filled01_filled02_filled12_,20,0.4232109751575825
20,40,filled01_filled02_filled12_,30,0.4808612440191388
24,56,filled01_filled02_filled12_,40,0.42377957472297095
31,69,filled01_filled02_filled12_,50,0.4511052554530815
41,79,filled01_filled02_filled12_,60,0.5145726142411083
48,92,filled01_filled02_filled12_,70,0.5103115109112112
56,104,filled01_filled02_filled12_,80,0.533228676085819
62,118,filled01_filled02_filled12_,90,0.5241888619854721
68,132,filled01_filled02_filled12_,100,0.5172428215906476
74,146,filled01_filled02_filled12_,110,0.5011711702563374
83,157,filled01_filled02_filled12_,120,0.5080765757755726
89,171,filled01_filled02_filled12_,130,0.48764102640802065
95,185,filled01_filled02_filled12_,140,0.47296328586651165
104,196,filled01_filled02_filled12_,150,0.4778329235164908
111,209,filled01_filled02_filled12_,160,0.47056965551800767
117,223,filled01_filled02_filled12_,170,0.46632641752724013
122,238,filled01_filled02_filled12_,180,0.4584007561341435
127,253,filled01_filled02_filled12_,190,0.4527308132732124
131,269,filled01_filled02_filled12_,200,0.4463884694926222
137,283,filled01_filled02_filled12_,210,0.45144549790668115
144,296,filled01_filled02_filled12_,220,0.4456003172984306
151,309,filled01_filled02_filled12_,230,0.45216599775073624
159,321,filled01_filled02_filled12_,240,0.4527195488570237
167,333,filled01_filled02_filled12_,250,0.4532625577043345
172,348,filled01_filled02_filled12_,260,0.44820543413641895
178,362,filled01_filled02_filled12_,270,0.44363727059043395
184,376,filled01_filled02_filled12_,280,0.44209250602052813
191,389,filled01_filled02_filled12_,290,0.44639209767425236
198,402,filled01_filled02_filled12_,300,0.45271045902363644
202,418,filled01_filled02_filled12_,310,0.45278119764097746
208,432,filled01_filled02_filled12_,320,0.4563131304568319
216,444,filled01_filled02_filled12_,330,0.4629069691308751
224,456,filled01_filled02_filled12_,340,0.4701811278329407
231,469,filled01_filled02_filled12_,350,0.4720361840162463
239,481,filled01_filled02_filled12_,360,0.47489682506605185
244,496,filled01_filled02_filled12_,370,0.47049217292008444
252,508,filled01_filled02_filled12_,380,0.4722193558726271
259,521,filled01_filled02_filled12_,390,0.466583474412269
269,531,filled01_filled02_filled12_,400,0.4719742289327113
273,547,filled01_filled02_filled12_,410,0.4707116294622189
279,561,filled01_filled02_filled12_,420,0.47304828965728624
284,576,filled01_filled02_filled12_,430,0.470267111356669
293,587,filled01_filled02_filled12_,440,0.47668038914258304
302,598,filled01_filled02_filled12_,450,0.48287193058418554
308,612,filled01_filled02_filled12_,460,0.4832240925040543
312,628,filled01_filled02_filled12_,470,0.4796590542788374
317,643,filled01_filled02_filled12_,480,0.4747755317476529
324,656,filled01_filled02_filled12_,490,0.4760311186530172
332,668,filled01_filled02_filled12_,500,0.47727893666396787
334,686,filled01_filled02_filled12_,510,0.47335332996990215
342,698,filled01_filled02_filled12_,520,0.47525087511397546
347,713,filled01_filled02_filled12_,530,0.4709444600458637
357,723,filled01_filled02_filled12_,540,0.4755333167192793
366,734,filled01_filled02_filled12_,550,0.47539315995268666
373,747,filled01_filled02_filled12_,560,0.4751946200007883
381,759,filled01_filled02_filled12_,570,0.4744259162988304
390,770,filled01_filled02_filled12_,580,0.47433053671991726
397,783,filled01_filled02_filled12_,590,0.47658682518356504
407,793,filled01_filled02_filled12_,600,0.4800364338692826
416,804,filled01_filled02_filled12_,610,0.47812657401268965
425,815,filled01_filled02_filled12_,620,0.4786119439698246
430,830,filled01_filled02_filled12_,630,0.4760643813808816
439,841,filled01_filled02_filled12_,640,0.480408596866595
449,851,filled01_filled02_filled12_,650,0.4813861854788344
455,865,filled01_filled02_filled12_,660,0.4837640147786953
460,880,filled01_filled02_filled12_,670,0.4812594887536737
473,887,filled01_filled02_filled12_,680,0.4849773773366537
478,902,filled01_filled02_filled12_,690,0.48458143984446567
488,912,filled01_filled02_filled12_,700,0.48750792325422915
494,926,filled01_filled02_filled12_,710,0.48564088425804286
502,938,filled01_filled02_filled12_,720,0.48639559264546345
507,953,filled01_filled02_filled12_,730,0.4869783129838397
512,968,filled01_filled02_filled12_,740,0.48562008224981623
519,981,filled01_filled02_filled12_,750,0.48916196582252724
524,996,filled01_filled02_filled12_,760,0.49016596466746815
530,1010,filled01_filled02_filled12_,770,0.4893258613947215
535,1025,filled01_filled02_filled12_,780,0.48893861774494485
541,1039,filled01_filled02_filled12_,790,0.4885903010133464
545,1055,filled01_filled02_filled12_,800,0.48866220908552904
550,1070,filled01_filled02_filled12_,810,0.48607923776789413
558,1082,filled01_filled02_filled12_,820,0.4885015352547299
568,1092,filled01_filled02_filled12_,830,0.4926963601616112
572,1108,filled01_filled02_filled12_,840,0.49009922881361395
582,1118,filled01_filled02_filled12_,850,0.4920184912024977
589,1131,filled01_filled02_filled12_,860,0.49043265253384494
596,1144,filled01_filled02_filled12_,870,0.49055407573919707
603,1157,filled01_filled02_filled12_,880,0.4915156223489607
606,1174,filled01_filled02_filled12_,890,0.49029490934757675
618,1182,filled01_filled02_filled12_,900,0.49419087732802086
627,1193,filled01_filled02_filled12_,910,0.4951830996175896
634,1206,filled01_filled02_filled12_,920,0.4924674733523087
641,1219,filled01_filled02_filled12_,930,0.4929197807838952
647,1233,filled01_filled02_filled12_,940,0.4921987981355582
651,1249,filled01_filled02_filled12_,950,0.4910337037656176
656,1264,filled01_filled02_filled12_,960,0.4914634967344222
663,1277,filled01_filled02_filled12_,970,0.4911972175478603
674,1286,filled01_filled02_filled12_,980,0.4932550969395722
685,1295,filled01_filled02_filled12_,990,0.49566134617681007
694,1306,filled01_filled02_filled12_,1000,0.49760412497001755
703,1317,filled01_filled02_filled12_,1010,0.49841628639592095
713,1327,filled01_filled02_filled12_,1020,0.4996009137874953
718,1342,filled01_filled02_filled12_,1030,0.49993127355291184
725,1355,filled01_filled02_filled12_,1040,0.5006734176199635
729,1371,filled01_filled02_filled12_,1050,0.4985020702968083
739,1381,filled01_filled02_filled12_,1060,0.49997273356321426
747,1393,filled01_filled02_filled12_,1070,0.5000227535777028
753,1407,filled01_filled02_filled12_,1080,0.4996718674439127
763,1417,filled01_filled02_filled12_,1090,0.501095994017644
769,1431,filled01_filled02_filled12_,1100,0.5017295694741738
776,1444,filled01_filled02_filled12_,1110,0.49976939327256265
781,1459,filled01_filled02_filled12_,1120,0.49876737648622854
787,1473,filled01_filled02_filled12_,1130,0.4990453360955387
796,1484,filled01_filled02_filled12_,1140,0.5010192844908378
806,1494,filled01_filled02_filled12_,1150,0.5014579509217084
812,1508,filled01_filled02_filled12_,1160,0.5004639635015239
820,1520,filled01_filled02_filled12_,1170,0.502062406045242
826,1534,filled01_filled02_filled12_,1180,0.5004590763842538
836,1544,filled01_filled02_filled12_,1190,0.5023557336996846
842,1558,filled01_filled02_filled12_,1200,0.5008398666612716
850,1570,filled01_filled02_filled12_,1210,0.5002772071222695
857,1583,filled01_filled02_filled12_,1220,0.5006204364915551
861,1599,filled01_filled02_filled12_,1230,0.4993785635208254
867,1613,filled01_filled02_filled12_,1240,0.4973381172330728
872,1628,filled01_filled02_filled12_,1250,0.4967665961853301
877,1643,filled01_filled02_filled12_,1260,0.49645826522173486
884,1656,filled01_filled02_filled12_,1270,0.495925317263943
893,1667,filled01_filled02_filled12_,1280,0.4965588703344956
900,1680,filled01_filled02_filled12_,1290,0.49716188489545043
908,1692,filled01_filled02_filled12_,1300,0.49808282036917406
915,1705,filled01_filled02_filled12_,1310,0.4967318072734724
922,1718,filled01_filled02_filled12_,1320,0.4967686074407606
932,1728,filled01_filled02_filled12_,1330,0.4993376624736445
939,1741,filled01_filled02_filled12_,1340,0.49935461525064
946,1754,filled01_filled02_filled12_,1350,0.5004298077931502
951,1769,filled01_filled02_filled12_,1360,0.49962566171514355
957,1783,filled01_filled02_filled12_,1370,0.49960758167430513
963,1797,filled01_filled02_filled12_,1380,0.4985547399230457
968,1812,filled01_filled02_filled12_,1390,0.49641391497135806
973,1827,filled01_filled02_filled12_,1400,0.49512351527368686
980,1840,filled01_filled02_filled12_,1410,0.4941393465213111
987,1853,filled01_filled02_filled12_,1420,0.4947270009217233
992,1868,filled01_filled02_filled12_,1430,0.4932623728785189
995,1885,filled01_filled02_filled12_,1440,0.4912822919221049
1003,1897,filled01_filled02_filled12_,1450,0.49102416088837186
1008,1912,filled01_filled02_filled12_,1460,0.49032782948790127
1019,1921,filled01_filled02_filled12_,1470,0.4917223123698286
1028,1932,filled01_filled02_filled12_,1480,0.4923172488626772
1032,1948,filled01_filled02_filled12_,1490,0.49254106406013437
1041,1959,filled01_filled02_filled12_,1500,0.492662988991676
1049,1971,filled01_filled02_filled12_,1510,0.4924554326164574
1055,1985,filled01_filled02_filled12_,1520,0.49225829996503667
1063,1997,filled01_filled02_filled12_,1530,0.49307102680069104
1069,2011,filled01_filled02_filled12_,1540,0.4933201181694457
1076,2024,filled01_filled02_filled12_,1550,0.49268402235664754
1085,2035,filled01_filled02_filled12_,1560,0.4925588774469134
1092,2048,filled01_filled02_filled12_,1570,0.492156299730182
1096,2064,filled01_filled02_filled12_,1580,0.4910163218962793
1102,2078,filled01_filled02_filled12_,1590,0.4899302165202812
1105,2095,filled01_filled02_filled12_,1600,0.48836533048825775
1110,2110,filled01_filled02_filled12_,1610,0.48838953552741887
1115,2125,filled01_filled02_filled12_,1620,0.4882711885278456
1121,2139,filled01_filled02_filled12_,1630,0.4876732185726344
1127,2153,filled01_filled02_filled12_,1640,0.4872684680001833
1136,2164,filled01_filled02_filled12_,1650,0.48743361215783004
1142,2178,filled01_filled02_filled12_,1660,0.4872626783688489
1148,2192,filled01_filled02_filled12_,1670,0.4872769207268874
1154,2206,filled01_filled02_filled12_,1680,0.4869282308668789
1160,2220,filled01_filled02_filled12_,1690,0.48591368925000333
1170,2230,filled01_filled02_filled12_,1700,0.48648762581028754
1175,2245,filled01_filled02_filled12_,1710,0.4848024495245913
1181,2259,filled01_filled02_filled12_,1720,0.4840206012770656
1183,2277,filled01_filled02_filled12_,1730,0.4813549639181973
1190,2290,filled01_filled02_filled12_,1740,0.48166542571388327
1198,2302,filled01_filled02_filled12_,1750,0.48326203401510565
1204,2316,filled01_filled02_filled12_,1760,0.48291398908342814
1211,2329,filled01_filled02_filled12_,1770,0.4840204262048284
1217,2343,filled01_filled02_filled12_,1780,0.48428609711653675
1224,2356,filled01_filled02_filled12_,1790,0.483944538090784
1231,2369,filled01_filled02_filled12_,1800,0.4842681773146882
1236,2384,filled01_filled02_filled12_,1810,0.48333471698275227
1244,2396,filled01_filled02_filled12_,1820,0.48343943096777364
1248,2412,filled01_filled02_filled12_,1830,0.48328154503541
1255,2425,filled01_filled02_filled12_,1840,0.4831764167035195
1266,2434,filled01_filled02_filled12_,1850,0.4839391134691346
1276,2444,filled01_filled02_filled12_,1860,0.48542646198614464
1282,2458,filled01_filled02_filled12_,1870,0.48437409125940284
1288,2472,filled01_filled02_filled12_,1880,0.48444134935749
1292,2488,filled01_filled02_filled12_,1890,0.48370359543992986
1297,2503,filled01_filled02_filled12_,1900,0.4841650723621611
1305,2515,filled01_filled02_filled12_,1910,0.48447484169376526
1310,2530,filled01_filled02_filled12_,1920,0.4834156277373518
1318,2542,filled01_filled02_filled12_,1930,0.48447002348391566
1323,2557,filled01_filled02_filled12_,1940,0.48414360713262616
1328,2572,filled01_filled02_filled12_,1950,0.4841721533531443
1333,2587,filled01_filled02_filled12_,1960,0.4844645110149201
1338,2602,filled01_filled02_filled12_,1970,0.4835879658399036
1343,2617,filled01_filled02_filled12_,1980,0.4825842545494159
1348,2632,filled01_filled02_filled12_,1990,0.48358747309429545
1352,2648,filled01_filled02_filled12_,2000,0.4838263972990095
1361,2659,filled01_filled02_filled12_,2010,0.48501107821710293
1367,2673,filled01_filled02_filled12_,2020,0.4854499550133853
1376,2684,filled01_filled02_filled12_,2030,0.48661751665199854
1383,2697,filled01_filled02_filled12_,2040,0.485980931585772
1388,2712,filled01_filled02_filled12_,2050,0.48551753374054013
1393,2727,filled01_filled02_filled12_,2060,0.4842104551143715
1397,2743,filled01_filled02_filled12_,2070,0.4839649803664609
1403,2757,filled01_filled02_filled12_,2080,0.4836646152250841
1414,2766,filled01_filled02_filled12_,2090,0.48569720505250813
1420,2780,filled01_filled02_filled12_,2100,0.4859552639811531
1425,2795,filled01_filled02_filled12_,2110,0.4855260967210924
1431,2809,filled01_filled02_filled12_,2120,0.48612575384302437
1438,2822,filled01_filled02_filled12_,2130,0.4861981575659818
1445,2835,filled01_filled02_filled12_,2140,0.4862698968026627
1454,2846,filled01_filled02_filled12_,2150,0.48685364815505955
1459,2861,filled01_filled02_filled12_,2160,0.48728130889642957
1466,2874,filled01_filled02_filled12_,2170,0.4865204594516635
1475,2885,filled01_filled02_filled12_,2180,0.48680198978797234
1483,2897,filled01_filled02_filled12_,2190,0.4874359918403089
1489,2911,filled01_filled02_filled12_,2200,0.48785393979323793
1493,2927,filled01_filled02_filled12_,2210,0.4872458443884156
1498,2942,filled01_filled02_filled12_,2220,0.4866410360909789
1504,2956,filled01_filled02_filled12_,2230,0.4863646543736251
1513,2967,filled01_filled02_filled12_,2240,0.48646834027333247
1521,2979,filled01_filled02_filled12_,2250,0.4864240570095939
1524,2996,filled01_filled02_filled12_,2260,0.48579793393100806
1529,3011,filled01_filled02_filled12_,2270,0.4847248168792551
1532,3028,filled01_filled02_filled12_,2280,0.48381711781514136
1539,3041,filled01_filled02_filled12_,2290,0.48435857616841016
1545,3055,filled01_filled02_filled12_,2300,0.48462516681402995
1549,3071,filled01_filled02_filled12_,2310,0.4846279802513303
1556,3084,filled01_filled02_filled12_,2320,0.48484719266422144
1562,3098,filled01_filled02_filled12_,2330,0.4852145004045661
1566,3114,filled01_filled02_filled12_,2340,0.4855485072737209
1572,3128,filled01_filled02_filled12_,2350,0.4857660569990155
1577,3143,filled01_filled02_filled12_,2360,0.48514801929599144
1585,3155,filled01_filled02_filled12_,2370,0.4855576153857705
1595,3165,filled01_filled02_filled12_,2380,0.4864633678084089
1605,3175,filled01_filled02_filled12_,2390,0.4873051340886132
1612,3188,filled01_filled02_filled12_,2400,0.4873258807109595
1619,3201,filled01_filled02_filled12_,2410,0.4872624998337489
1622,3218,filled01_filled02_filled12_,2420,0.4857756967089421
1629,3231,filled01_filled02_filled12_,2430,0.48524204568469775
1638,3242,filled01_filled02_filled12_,2440,0.48561811089234713
1641,3259,filled01_filled02_filled12_,2450,0.48502994065590893
1646,3274,filled01_filled02_filled12_,2460,0.48522486766975637
1655,3285,filled01_filled02_filled12_,2470,0.48557757025775716
1658,3302,filled01_filled02_filled12_,2480,0.48507096135124517
1665,3315,filled01_filled02_filled12_,2490,0.485548013673051
1671,3329,filled01_filled02_filled12_,2500,0.48474283439241345
1677,3343,filled01_filled02_filled12_,2510,0.4853935125605702
1684,3356,filled01_filled02_filled12_,2520,0.4869043078577035
1692,3368,filled01_filled02_filled12_,2530,0.4878787688078346
1699,3381,filled01_filled02_filled12_,2540,0.4883739681732174
1705,3395,filled01_filled02_filled12_,2550,0.48816248730859807
1712,3408,filled01_filled02_filled12_,2560,0.488348341997626
1719,3421,filled01_filled02_filled12_,2570,0.4882852611610575
1728,3432,filled01_filled02_filled12_,2580,0.489499435853741
1735,3445,filled01_filled02_filled12_,2590,0.4889989228996801
1742,3458,filled01_filled02_filled12_,2600,0.489460594495373
1752,3468,filled01_filled02_filled12_,2610,0.49025969620055504
1759,3481,filled01_filled02_filled12_,2620,0.49047186055657405
1765,3495,filled01_filled02_filled12_,2630,0.49048131550528606
1769,3511,filled01_filled02_filled12_,2640,0.4895198886082645
1775,3525,filled01_filled02_filled12_,2650,0.48876005815155743
1779,3541,filled01_filled02_filled12_,2660,0.4885117772860297
1784,3556,filled01_filled02_filled12_,2670,0.4881511196579737
1793,3567,filled01_filled02_filled12_,2680,0.48817134381263966
1800,3580,filled01_filled02_filled12_,2690,0.48932908333052155
1806,3594,filled01_filled02_filled12_,2700,0.4890715063508173
1814,3606,filled01_filled02_filled12_,2710,0.48994251367581576
1817,3623,filled01_filled02_filled12_,2720,0.48918044276935574
1821,3639,filled01_filled02_filled12_,2730,0.48852596971246826
1828,3652,filled01_filled02_filled12_,2740,0.48844859815169067
1836,3664,filled01_filled02_filled12_,2750,0.4896823497943548
1840,3680,filled01_filled02_filled12_,2760,0.489033189033189
1847,3693,filled01_filled02_filled12_,2770,0.49005212132054315
1850,3710,filled01_filled02_filled12_,2780,0.48955414103538053
1855,3725,filled01_filled02_filled12_,2790,0.4889241350895302
1861,3739,filled01_filled02_filled12_,2800,0.4893430168394703
1867,3753,filled01_filled02_filled12_,2810,0.4890090377116883
1873,3767,filled01_filled02_filled12_,2820,0.48942495076166725
1881,3779,filled01_filled02_filled12_,2830,0.49025938261326085
1887,3793,filled01_filled02_filled12_,2840,0.4907903122327438
1893,3807,filled01_filled02_filled12_,2850,0.49043759904376655
1899,3821,filled01_filled02_filled12_,2860,0.4908444073350684
1901,3839,filled01_filled02_filled12_,2870,0.4901113260545549
1908,3852,filled01_filled02_filled12_,2880,0.4905613557385567
1913,3867,filled01_filled02_filled12_,2890,0.49073355813737757
1922,3878,filled01_filled02_filled12_,2900,0.4910448139549102
1930,3890,filled01_filled02_filled12_,2910,0.49120862612998534
1936,3904,filled01_filled02_filled12_,2920,0.49164027485155243
1943,3917,filled01_filled02_filled12_,2930,0.4914035317530702
1949,3931,filled01_filled02_filled12_,2940,0.4915109570129228
1959,3941,filled01_filled02_filled12_,2950,0.4918241985573393
1969,3951,filled01_filled02_filled12_,2960,0.4927359329353657
1977,3963,filled01_filled02_filled12_,2970,0.49348983674716557
1984,3976,filled01_filled02_filled12_,2980,0.4942469664652256
1989,3991,filled01_filled02_filled12_,2990,0.4940374028388468
1998,4002,filled01_filled02_filled12_,3000,0.4945426314353143
2007,4013,filled01_filled02_filled12_,3010,0.49580306716036954
2011,4029,filled01_filled02_filled12_,3020,0.49558101838109775
2019,4041,filled01_filled02_filled12_,3030,0.4955928704744991
2029,4051,filled01_filled02_filled12_,3040,0.49671750394978154
2035,4065,filled01_filled02_filled12_,3050,0.4970016280053917
2042,4078,filled01_filled02_filled12_,3060,0.49699959516753117
2047,4093,filled01_filled02_filled12_,3070,0.4972069033321906
2051,4109,filled01_filled02_filled12_,3080,0.49700099356956834
2058,4122,filled01_filled02_filled12_,3090,0.49716060796201544
2067,4133,filled01_filled02_filled12_,3100,0.4973999039933383
2074,4146,filled01_filled02_filled12_,3110,0.4977976675009812
2083,4157,filled01_filled02_filled12_,3120,0.4983059453789232
2092,4168,filled01_filled02_filled12_,3130,0.4990177326530751
2101,4179,filled01_filled02_filled12_,3140,0.4993924229065369
2105,4195,filled01_filled02_filled12_,3150,0.4987089383063606
2111,4209,filled01_filled02_filled12_,3160,0.4989786156240294
2119,4221,filled01_filled02_filled12_,3170,0.4989951933329338
2125,4235,filled01_filled02_filled12_,3180,0.4990106547259862
2130,4250,filled01_filled02_filled12_,3190,0.49843913697751835
2138,4262,filled01_filled02_filled12_,3200,0.4985992196085649
2145,4275,filled01_filled02_filled12_,3210,0.497784895251461
2152,4288,filled01_filled02_filled12_,3220,0.4976557159401083
2157,4303,filled01_filled02_filled12_,3230,0.49709647744578006
2165,4315,filled01_filled02_filled12_,3240,0.497365690918238
2172,4328,filled01_filled02_filled12_,3250,0.49820732285134256
2179,4341,filled01_filled02_filled12_,3260,0.4986926751616454
2185,4355,filled01_filled02_filled12_,3270,0.4991835270277288
2190,4370,filled01_filled02_filled12_,3280,0.49911781252193
2197,4383,filled01_filled02_filled12_,3290,0.4996320086105916
2204,4396,filled01_filled02_filled12_,3300,0.4995324976065296
2209,4411,filled01_filled02_filled12_,3310,0.5006022057155333
2218,4422,filled01_filled02_filled12_,3320,0.5009878918354626
2221,4439,filled01_filled02_filled12_,3330,0.5006424309241662
2229,4451,filled01_filled02_filled12_,3340,0.5019008597991709
2235,4465,filled01_filled02_filled12_,3350,0.501908244589579
2240,4480,filled01_filled02_filled12_,3360,0.5014761873967607
2249,4491,filled01_filled02_filled12_,3370,0.502266218809997
2256,4504,filled01_filled02_filled12_,3380,0.502246403832752
2257,4523,filled01_filled02_filled12_,3390,0.5020080998572914
2263,4537,filled01_filled02_filled12_,3400,0.5016572260348864
2265,4555,filled01_filled02_filled12_,3410,0.5004447836588342
2273,4567,filled01_filled02_filled12_,3420,0.5004382171370881
2282,4578,filled01_filled02_filled12_,3430,0.500996528572237
2288,4592,filled01_filled02_filled12_,3440,0.5006369067174101
2295,4605,filled01_filled02_filled12_,3450,0.5008899748482224
2302,4618,filled01_filled02_filled12_,3460,0.5014605490299383
2308,4632,filled01_filled02_filled12_,3470,0.5017705175879172
2316,4644,filled01_filled02_filled12_,3480,0.5027447744841987
2323,4657,filled01_filled02_filled12_,3490,0.502640553341774
2329,4671,filled01_filled02_filled12_,3500,0.5030615208184398
2337,4683,filled01_filled02_filled12_,3510,0.5027323397761141
2347,4693,filled01_filled02_filled12_,3520,0.5033779624903402
2350,4710,filled01_filled02_filled12_,3530,0.5036731968696437
2358,4722,filled01_filled02_filled12_,3540,0.5036733808361058
2361,4739,filled01_filled02_filled12_,3550,0.5039996067736537
2370,4750,filled01_filled02_filled12_,3560,0.5048738433815919
2378,4762,filled01_filled02_filled12_,3570,0.5052957182585213
2385,4775,filled01_filled02_filled12_,3580,0.5052843461271416
2390,4790,filled01_filled02_filled12_,3590,0.5047553463356258
2396,4804,filled01_filled02_filled12_,3600,0.5051932765229391
2400,4820,filled01_filled02_filled12_,3610,0.5051146856385039
2404,4836,filled01_filled02_filled12_,3620,0.5054574537923259
2412,4848,filled01_filled02_filled12_,3630,0.505452092870721
2416,4864,filled01_filled02_filled12_,3640,0.5053749272995721
2422,4878,filled01_filled02_filled12_,3650,0.5060165475221631
2430,4890,filled01_filled02_filled12_,3660,0.5060714877324338
2438,4902,filled01_filled02_filled12_,3670,0.5066873894206567
2443,4917,filled01_filled02_filled12_,3680,0.5071248877696398
2451,4929,filled01_filled02_filled12_,3690,0.5073047640116483
2459,4941,filled01_filled02_filled12_,3700,0.5076121876674825
2470,4950,filled01_filled02_filled12_,3710,0.5084268315468293
2477,4963,filled01_filled02_filled12_,3720,0.5079794823222464
2485,4975,filled01_filled02_filled12_,3730,0.508155536249109
2493,4987,filled01_filled02_filled12_,3740,0.5081265479914495
2503,4997,filled01_filled02_filled12_,3750,0.5084687914425143
2510,5010,filled01_filled02_filled12_,3760,0.5089653508923511
2517,5023,filled01_filled02_filled12_,3770,0.5090540840804362
2524,5036,filled01_filled02_filled12_,3780,0.5095035472003671
2533,5047,filled01_filled02_filled12_,3790,0.5098650112359019
2538,5062,filled01_filled02_filled12_,3800,0.50972023654399
2541,5079,filled01_filled02_filled12_,3810,0.5092112223506803
2546,5094,filled01_filled02_filled12_,3820,0.5087934144757742
2557,5103,filled01_filled02_filled12_,3830,0.509256930489501
2567,5113,filled01_filled02_filled12_,3840,0.5102186215115567
2574,5126,filled01_filled02_filled12_,3850,0.5103938380505165
2582,5138,filled01_filled02_filled12_,3860,0.5102528727606778
2587,5153,filled01_filled02_filled12_,3870,0.5101417426861796
2591,5169,filled01_filled02_filled12_,3880,0.509508263177978
2598,5182,filled01_filled02_filled12_,3890,0.5097895928209941
2603,5197,filled01_filled02_filled12_,3900,0.5100892464961583
2609,5211,filled01_filled02_filled12_,3910,0.5097902051044253
2617,5223,filled01_filled02_filled12_,3920,0.5102545369277057
2624,5236,filled01_filled02_filled12_,3930,0.5102470560591145
2627,5253,filled01_filled02_filled12_,3940,0.5098427319491533
2632,5268,filled01_filled02_filled12_,3950,0.5097197175883803
2638,5282,filled01_filled02_filled12_,3960,0.5099902225170188
2643,5297,filled01_filled02_filled12_,3970,0.5100923274744638
2648,5312,filled01_filled02_filled12_,3980,0.510282783213012
2656,5324,filled01_filled02_filled12_,3990,0.5109625906528114
2665,5335,filled01_filled02_filled12_,4000,0.5110852108090536
2671,5349,filled01_filled02_filled12_,4010,0.511278369206617
2677,5363,filled01_filled02_filled12_,4020,0.5112795773911084
2685,5375,filled01_filled02_filled12_,4030,0.5112434058085289
2693,5387,filled01_filled02_filled12_,4040,0.5113977719070083
2701,5399,filled01_filled02_filled12_,4050,0.5116706300512367
2712,5408,filled01_filled02_filled12_,4060,0.512236097654891
2716,5424,filled01_filled02_filled12_,4070,0.5115538169512582
2720,5440,filled01_filled02_filled12_,4080,0.5113380951794493
2726,5454,filled01_filled02_filled12_,4090,0.5105558610294124
2731,5469,filled01_filled02_filled12_,4100,0.5103657852591037
2736,5484,filled01_filled02_filled12_,4110,0.5101929425545556
2742,5498,filled01_filled02_filled12_,4120,0.5098613762853758
2749,5511,filled01_filled02_filled12_,4130,0.5098399116375866
2756,5524,filled01_filled02_filled12_,4140,0.5100197512612854
2761,5539,filled01_filled02_filled12_,4150,0.5104568922862532
2766,5554,filled01_filled02_filled12_,4160,0.5107238322849977
2773,5567,filled01_filled02_filled12_,4170,0.5111533582980281
2781,5579,filled01_filled02_filled12_,4180,0.5109503840991582
2787,5593,filled01_filled02_filled12_,4190,0.5105699944363455
2793,5607,filled01_filled02_filled12_,4200,0.509862629908544
2797,5623,filled01_filled02_filled12_,4210,0.5095595995857338
2805,5635,filled01_filled02_filled12_,4220,0.5099760858662941
2809,5651,filled01_filled02_filled12_,4230,0.5098711938354786
2814,5666,filled01_filled02_filled12_,4240,0.5094625508590198
2821,5679,filled01_filled02_filled12_,4250,0.5093297050417352
2830,5690,filled01_filled02_filled12_,4260,0.5092229642827244
2842,5698,filled01_filled02_filled12_,4270,0.5098063151103255
2848,5712,filled01_filled02_filled12_,4280,0.509795314437984
2857,5723,filled01_filled02_filled12_,4290,0.5098526516925367
2864,5736,filled01_filled02_filled12_,4300,0.5098617997709337
2867,5753,filled01_filled02_filled12_,4310,0.5097680694964933
2875,5765,filled01_filled02_filled12_,4320,0.5102044601811467
2884,5776,filled01_filled02_filled12_,4330,0.5104011486899432
2891,5789,filled01_filled02_filled12_,4340,0.5107634629512497
2895,5805,filled01_filled02_filled12_,4350,0.5099533698284154
2900,5820,filled01_filled02_filled12_,4360,0.5097611350794764
2908,5832,filled01_filled02_filled12_,4370,0.5098116932137763
2915,5845,filled01_filled02_filled12_,4380,0.5102670157047859
2920,5860,filled01_filled02_filled12_,4390,0.5102653001487472
2926,5874,filled01_filled02_filled12_,4400,0.5104436360609029
2931,5889,filled01_filled02_filled12_,4410,0.5100632365387998
2939,5901,filled01_filled02_filled12_,4420,0.5103803020506573
2943,5917,filled01_filled02_filled12_,4430,0.5099474958643455
2952,5928,filled01_filled02_filled12_,4440,0.5104716965860702
2959,5941,filled01_filled02_filled12_,4450,0.5111412621314991
2967,5953,filled01_filled02_filled12_,4460,0.5115623727577396
2977,5963,filled01_filled02_filled12_,4470,0.5119771758835174
2986,5974,filled01_filled02_filled12_,4480,0.5124004036410977
2991,5989,filled01_filled02_filled12_,4490,0.512286007922719
2999,6001,filled01_filled02_filled12_,4500,0.5126235805049982
3010,6010,filled01_filled02_filled12_,4510,0.5127594474833775
3017,6023,filled01_filled02_filled12_,4520,0.512718122268578
3023,6037,filled01_filled02_filled12_,4530,0.5127642184517729
3029,6051,filled01_filled02_filled12_,4540,0.5128102071554048
3039,6061,filled01_filled02_filled12_,4550,0.5133853250556383
3046,6074,filled01_filled02_filled12_,4560,0.5133579568207501
3053,6087,filled01_filled02_filled12_,4570,0.5131769502091298
3063,6097,filled01_filled02_filled12_,4580,0.5132580967652188
3068,6112,filled01_filled02_filled12_,4590,0.513311688873722
3080,6120,filled01_filled02_filled12_,4600,0.5132677824419672
3088,6132,filled01_filled02_filled12_,4610,0.5139002137608445
3094,6146,filled01_filled02_filled12_,4620,0.5144118637092203
3099,6161,filled01_filled02_filled12_,4630,0.5148259674570427
3104,6176,filled01_filled02_filled12_,4640,0.5145429635167748
3110,6190,filled01_filled02_filled12_,4650,0.514689234511854
3116,6204,filled01_filled02_filled12_,4660,0.5149104619100869
3121,6219,filled01_filled02_filled12_,4670,0.5148094806738746
3126,6234,filled01_filled02_filled12_,4680,0.5147239098733799
3135,6245,filled01_filled02_filled12_,4690,0.5151694403737332
3139,6261,filled01_filled02_filled12_,4700,0.5150340660664524
3145,6275,filled01_filled02_filled12_,4710,0.5151631771386466
3154,6286,filled01_filled02_filled12_,4720,0.5157239707122562
3161,6299,filled01_filled02_filled12_,4730,0.5158561284744072
3170,6310,filled01_filled02_filled12_,4740,0.5158794189055675
3175,6325,filled01_filled02_filled12_,4750,0.5157780943381466
3182,6338,filled01_filled02_filled12_,4760,0.5160575614620209
3190,6350,filled01_filled02_filled12_,4770,0.5161783922646561
3197,6363,filled01_filled02_filled12_,4780,0.516367844482418
3203,6377,filled01_filled02_filled12_,4790,0.5161687643382882
3208,6392,filled01_filled02_filled12_,4800,0.5162746023640059
3215,6405,filled01_filled02_filled12_,4810,0.5163894822324662
3220,6420,filled01_filled02_filled12_,4820,0.5163619690815818
3224,6436,filled01_filled02_filled12_,4830,0.5164908436299195
3230,6450,filled01_filled02_filled12_,4840,0.5166142663758314
3240,6460,filled01_filled02_filled12_,4850,0.516740778486823
3247,6473,filled01_filled02_filled12_,4860,0.5167807704414527
3253,6487,filled01_filled02_filled12_,4870,0.5165979351878521
3260,6500,filled01_filled02_filled12_,4880,0.5165067365910142
3267,6513,filled01_filled02_filled12_,4890,0.5170230212762036
3275,6525,filled01_filled02_filled12_,4900,0.5176730604501145
3277,6543,filled01_filled02_filled12_,4910,0.5172422476013555
3284,6556,filled01_filled02_filled12_,4920,0.5175245785532088
3290,6570,filled01_filled02_filled12_,4930,0.51794611649531
3298,6582,filled01_filled02_filled12_,4940,0.517901630878736
3306,6594,filled01_filled02_filled12_,4950,0.5181133558798753
3312,6608,filled01_filled02_filled12_,4960,0.5182580724587441
3321,6619,filled01_filled02_filled12_,4970,0.5185304967714474
3327,6633,filled01_filled02_filled12_,4980,0.5180797048670815
3333,6647,filled01_filled02_filled12_,4990,0.518027506901302
