size intersection,size union,state,k,mean JI
3,17,filled01_filled02_filled12_,10,0.2605042016806723
4,36,filled01_filled02_filled12_,20,0.23418088935330314
7,53,filled01_filled02_filled12_,30,0.26171223206263633
12,68,filled01_filled02_filled12_,40,0.2723877429759783
15,85,filled01_filled02_filled12_,50,0.2867712839295675
21,99,filled01_filled02_filled12_,60,0.3423928317545339
25,115,filled01_filled02_filled12_,70,0.35475468592087855
29,131,filled01_filled02_filled12_,80,0.34742780596724776
32,148,filled01_filled02_filled12_,90,0.3288633603529228
39,161,filled01_filled02_filled12_,100,0.34363568293662067
46,174,filled01_filled02_filled12_,110,0.36464024726624195
49,191,filled01_filled02_filled12_,120,0.35210034850903776
53,207,filled01_filled02_filled12_,130,0.34794128640489047
60,220,filled01_filled02_filled12_,140,0.3594882302963666
65,235,filled01_filled02_filled12_,150,0.35820586943118427
72,248,filled01_filled02_filled12_,160,0.3628324506714246
75,265,filled01_filled02_filled12_,170,0.35644788474977157
79,281,filled01_filled02_filled12_,180,0.34853441374900873
84,296,filled01_filled02_filled12_,190,0.3530556418487453
89,311,filled01_filled02_filled12_,200,0.35538655374679157
90,330,filled01_filled02_filled12_,210,0.3451361440491875
92,348,filled01_filled02_filled12_,220,0.3359570553594664
92,368,filled01_filled02_filled12_,230,0.32241970418244786
96,384,filled01_filled02_filled12_,240,0.3211029840462183
97,403,filled01_filled02_filled12_,250,0.3154171861453008
100,420,filled01_filled02_filled12_,260,0.3145404175894854
102,438,filled01_filled02_filled12_,270,0.3086229752998004
107,453,filled01_filled02_filled12_,280,0.3108112297257831
109,471,filled01_filled02_filled12_,290,0.30450827142527875
112,488,filled01_filled02_filled12_,300,0.3058424513653842
117,503,filled01_filled02_filled12_,310,0.30542075518491735
122,518,filled01_filled02_filled12_,320,0.30604250675332756
126,534,filled01_filled02_filled12_,330,0.3050923374383412
128,552,filled01_filled02_filled12_,340,0.3032468568487016
131,569,filled01_filled02_filled12_,350,0.3025246695863982
135,585,filled01_filled02_filled12_,360,0.3007746480972797
141,599,filled01_filled02_filled12_,370,0.30588463689813805
143,617,filled01_filled02_filled12_,380,0.30031133827297535
143,637,filled01_filled02_filled12_,390,0.2936279527484975
146,654,filled01_filled02_filled12_,400,0.29362711505726263
149,671,filled01_filled02_filled12_,410,0.29294373975540317
155,685,filled01_filled02_filled12_,420,0.2943063254242662
159,701,filled01_filled02_filled12_,430,0.2930771061388628
163,717,filled01_filled02_filled12_,440,0.2924867307375068
163,737,filled01_filled02_filled12_,450,0.29082534579909797
163,757,filled01_filled02_filled12_,460,0.28779371275506344
168,772,filled01_filled02_filled12_,470,0.2893075498322509
171,789,filled01_filled02_filled12_,480,0.29061053766856476
173,807,filled01_filled02_filled12_,490,0.2874065699227935
176,824,filled01_filled02_filled12_,500,0.2871858452579244
178,842,filled01_filled02_filled12_,510,0.2863180278854293
180,860,filled01_filled02_filled12_,520,0.2846863681987623
184,876,filled01_filled02_filled12_,530,0.2835664939456613
186,894,filled01_filled02_filled12_,540,0.2815897714926128
189,911,filled01_filled02_filled12_,550,0.27832654868614476
194,926,filled01_filled02_filled12_,560,0.28019245635262424
194,946,filled01_filled02_filled12_,570,0.2807452601437533
199,961,filled01_filled02_filled12_,580,0.28168284394615967
200,980,filled01_filled02_filled12_,590,0.27878087765653903
205,995,filled01_filled02_filled12_,600,0.27968158861708353
205,1015,filled01_filled02_filled12_,610,0.278830780107453
208,1032,filled01_filled02_filled12_,620,0.2771903647694892
210,1050,filled01_filled02_filled12_,630,0.27614495355300583
212,1068,filled01_filled02_filled12_,640,0.2742049183290132
215,1085,filled01_filled02_filled12_,650,0.2729673166105804
217,1103,filled01_filled02_filled12_,660,0.27215370215977364
220,1120,filled01_filled02_filled12_,670,0.27123764795239
222,1138,filled01_filled02_filled12_,680,0.2702380004975035
224,1156,filled01_filled02_filled12_,690,0.26879726357927375
229,1171,filled01_filled02_filled12_,700,0.269576976035039
230,1190,filled01_filled02_filled12_,710,0.26704830888161174
232,1208,filled01_filled02_filled12_,720,0.26414177934470134
233,1227,filled01_filled02_filled12_,730,0.26421147544247203
234,1246,filled01_filled02_filled12_,740,0.26242158672600596
240,1260,filled01_filled02_filled12_,750,0.26322377875172903
245,1275,filled01_filled02_filled12_,760,0.26253070114710303
247,1293,filled01_filled02_filled12_,770,0.26157063691490906
248,1312,filled01_filled02_filled12_,780,0.2590915581195828
251,1329,filled01_filled02_filled12_,790,0.25919611361932793
255,1345,filled01_filled02_filled12_,800,0.259595059892122
258,1362,filled01_filled02_filled12_,810,0.2582274136605689
261,1379,filled01_filled02_filled12_,820,0.2567911027933684
263,1397,filled01_filled02_filled12_,830,0.2564520161581652
265,1415,filled01_filled02_filled12_,840,0.254997721459235
268,1432,filled01_filled02_filled12_,850,0.2539443762652969
273,1447,filled01_filled02_filled12_,860,0.253184905604851
276,1464,filled01_filled02_filled12_,870,0.2530172261126938
277,1483,filled01_filled02_filled12_,880,0.2517302000614474
281,1499,filled01_filled02_filled12_,890,0.2513818941897431
283,1517,filled01_filled02_filled12_,900,0.2517453295638511
287,1533,filled01_filled02_filled12_,910,0.2512920264063936
287,1553,filled01_filled02_filled12_,920,0.24908168550035395
288,1572,filled01_filled02_filled12_,930,0.246845711888552
292,1588,filled01_filled02_filled12_,940,0.24700818346112816
294,1606,filled01_filled02_filled12_,950,0.2450260118179972
297,1623,filled01_filled02_filled12_,960,0.2441519645449476
300,1640,filled01_filled02_filled12_,970,0.2431186033334952
301,1659,filled01_filled02_filled12_,980,0.24249470366644765
303,1677,filled01_filled02_filled12_,990,0.2417500381185094
303,1697,filled01_filled02_filled12_,1000,0.2396028844460262
305,1715,filled01_filled02_filled12_,1010,0.23956333889243395
305,1735,filled01_filled02_filled12_,1020,0.23831043061506496
311,1749,filled01_filled02_filled12_,1030,0.23924404388881224
316,1764,filled01_filled02_filled12_,1040,0.24004410659695896
318,1782,filled01_filled02_filled12_,1050,0.2386271279480029
321,1799,filled01_filled02_filled12_,1060,0.23904110891722133
323,1817,filled01_filled02_filled12_,1070,0.23861025941813171
329,1831,filled01_filled02_filled12_,1080,0.23810795696702025
332,1848,filled01_filled02_filled12_,1090,0.23884625320619654
335,1865,filled01_filled02_filled12_,1100,0.23881064075030378
337,1883,filled01_filled02_filled12_,1110,0.23759895456240723
338,1902,filled01_filled02_filled12_,1120,0.23823914999408938
343,1917,filled01_filled02_filled12_,1130,0.23919228353108343
345,1935,filled01_filled02_filled12_,1140,0.23957788225312757
349,1951,filled01_filled02_filled12_,1150,0.23994694624116852
352,1968,filled01_filled02_filled12_,1160,0.23947800701308852
354,1986,filled01_filled02_filled12_,1170,0.23887611800739736
357,2003,filled01_filled02_filled12_,1180,0.23899111055487623
359,2021,filled01_filled02_filled12_,1190,0.23840521188484506
361,2039,filled01_filled02_filled12_,1200,0.23748462879476018
363,2057,filled01_filled02_filled12_,1210,0.23642932758141033
366,2074,filled01_filled02_filled12_,1220,0.23641525430050936
366,2094,filled01_filled02_filled12_,1230,0.23589029005935513
369,2111,filled01_filled02_filled12_,1240,0.23530074899409578
371,2129,filled01_filled02_filled12_,1250,0.23525373675576608
371,2149,filled01_filled02_filled12_,1260,0.23470340582972724
376,2164,filled01_filled02_filled12_,1270,0.23529617781542034
377,2183,filled01_filled02_filled12_,1280,0.23521336882938212
379,2201,filled01_filled02_filled12_,1290,0.23452224457944418
381,2219,filled01_filled02_filled12_,1300,0.23453053480192
385,2235,filled01_filled02_filled12_,1310,0.23484183899805555
389,2251,filled01_filled02_filled12_,1320,0.23456271866835543
391,2269,filled01_filled02_filled12_,1330,0.2339437127573133
393,2287,filled01_filled02_filled12_,1340,0.233334560653773
395,2305,filled01_filled02_filled12_,1350,0.23273502891421435
395,2325,filled01_filled02_filled12_,1360,0.23146184913385348
398,2342,filled01_filled02_filled12_,1370,0.23209269487649586
402,2358,filled01_filled02_filled12_,1380,0.23326912871126657
404,2376,filled01_filled02_filled12_,1390,0.2331630516620229
409,2391,filled01_filled02_filled12_,1400,0.23281663911328745
411,2409,filled01_filled02_filled12_,1410,0.23191318119155765
412,2428,filled01_filled02_filled12_,1420,0.2308961460275353
413,2447,filled01_filled02_filled12_,1430,0.2296111402206256
416,2464,filled01_filled02_filled12_,1440,0.23017984607789832
421,2479,filled01_filled02_filled12_,1450,0.23051967377168883
422,2498,filled01_filled02_filled12_,1460,0.2310498127050118
422,2518,filled01_filled02_filled12_,1470,0.23045199836547692
427,2533,filled01_filled02_filled12_,1480,0.23110749278584963
430,2550,filled01_filled02_filled12_,1490,0.23069184483931196
437,2563,filled01_filled02_filled12_,1500,0.2306926539668631
439,2581,filled01_filled02_filled12_,1510,0.23017645477310808
440,2600,filled01_filled02_filled12_,1520,0.23006182280910936
441,2619,filled01_filled02_filled12_,1530,0.22906133486447033
442,2638,filled01_filled02_filled12_,1540,0.2282674290506905
443,2657,filled01_filled02_filled12_,1550,0.22729425598149108
445,2675,filled01_filled02_filled12_,1560,0.22696875545560177
448,2692,filled01_filled02_filled12_,1570,0.2274354136114409
449,2711,filled01_filled02_filled12_,1580,0.22711708245228887
454,2726,filled01_filled02_filled12_,1590,0.2277845720827213
455,2745,filled01_filled02_filled12_,1600,0.2276530091708127
456,2764,filled01_filled02_filled12_,1610,0.22657586992395182
460,2780,filled01_filled02_filled12_,1620,0.22648032262086207
462,2798,filled01_filled02_filled12_,1630,0.22629125793544644
463,2817,filled01_filled02_filled12_,1640,0.22653375296333803
463,2837,filled01_filled02_filled12_,1650,0.22531592145241855
463,2857,filled01_filled02_filled12_,1660,0.2252474454251334
465,2875,filled01_filled02_filled12_,1670,0.22517212768079597
465,2895,filled01_filled02_filled12_,1680,0.2238105269606572
469,2911,filled01_filled02_filled12_,1690,0.22414740280365994
472,2928,filled01_filled02_filled12_,1700,0.2235539473272413
477,2943,filled01_filled02_filled12_,1710,0.22384705401705549
477,2963,filled01_filled02_filled12_,1720,0.2228336928872473
481,2979,filled01_filled02_filled12_,1730,0.22265675218619574
482,2998,filled01_filled02_filled12_,1740,0.2220228710109684
486,3014,filled01_filled02_filled12_,1750,0.2228865319599436
493,3027,filled01_filled02_filled12_,1760,0.22316763892147573
498,3042,filled01_filled02_filled12_,1770,0.223322935475213
501,3059,filled01_filled02_filled12_,1780,0.22325844318146082
502,3078,filled01_filled02_filled12_,1790,0.22303679874690738
503,3097,filled01_filled02_filled12_,1800,0.22232823509380784
504,3116,filled01_filled02_filled12_,1810,0.22185945201404436
506,3134,filled01_filled02_filled12_,1820,0.2216466052724014
510,3150,filled01_filled02_filled12_,1830,0.22148743555393172
510,3170,filled01_filled02_filled12_,1840,0.2207501818609814
514,3186,filled01_filled02_filled12_,1850,0.22126548763158393
515,3205,filled01_filled02_filled12_,1860,0.22059081834278293
516,3224,filled01_filled02_filled12_,1870,0.21986838324076677
517,3243,filled01_filled02_filled12_,1880,0.21943234879813925
518,3262,filled01_filled02_filled12_,1890,0.21881318113218473
518,3282,filled01_filled02_filled12_,1900,0.21845794826420803
525,3295,filled01_filled02_filled12_,1910,0.21921973503631328
528,3312,filled01_filled02_filled12_,1920,0.2190835137938282
529,3331,filled01_filled02_filled12_,1930,0.21901994602312178
533,3347,filled01_filled02_filled12_,1940,0.21861489882085058
537,3363,filled01_filled02_filled12_,1950,0.21836446211481944
541,3379,filled01_filled02_filled12_,1960,0.2187120389151149
544,3396,filled01_filled02_filled12_,1970,0.21855118629285522
549,3411,filled01_filled02_filled12_,1980,0.21912346829399545
553,3427,filled01_filled02_filled12_,1990,0.2186144167944316
556,3444,filled01_filled02_filled12_,2000,0.21803010390037847
557,3463,filled01_filled02_filled12_,2010,0.21716745329074116
558,3482,filled01_filled02_filled12_,2020,0.2167451842572097
561,3499,filled01_filled02_filled12_,2030,0.21654834571062953
563,3517,filled01_filled02_filled12_,2040,0.21627371855869937
566,3534,filled01_filled02_filled12_,2050,0.2163039282148609
567,3553,filled01_filled02_filled12_,2060,0.21600541434021348
569,3571,filled01_filled02_filled12_,2070,0.21623798264385516
571,3589,filled01_filled02_filled12_,2080,0.21600016396509725
576,3604,filled01_filled02_filled12_,2090,0.21591810241170237
578,3622,filled01_filled02_filled12_,2100,0.21603975845097476
580,3640,filled01_filled02_filled12_,2110,0.21577752535457398
581,3659,filled01_filled02_filled12_,2120,0.21541241598698815
582,3678,filled01_filled02_filled12_,2130,0.21461290407206068
582,3698,filled01_filled02_filled12_,2140,0.2136411038830409
583,3717,filled01_filled02_filled12_,2150,0.21339749373692554
586,3734,filled01_filled02_filled12_,2160,0.2129325985501892
587,3753,filled01_filled02_filled12_,2170,0.21285643780601315
590,3770,filled01_filled02_filled12_,2180,0.21287121074044787
590,3790,filled01_filled02_filled12_,2190,0.21193225970074725
591,3809,filled01_filled02_filled12_,2200,0.21159973241832644
596,3824,filled01_filled02_filled12_,2210,0.2123152484693187
601,3839,filled01_filled02_filled12_,2220,0.21258900634943348
602,3858,filled01_filled02_filled12_,2230,0.21251650968836774
603,3877,filled01_filled02_filled12_,2240,0.21290562975909808
604,3896,filled01_filled02_filled12_,2250,0.21290610432949475
606,3914,filled01_filled02_filled12_,2260,0.2126767327759974
608,3932,filled01_filled02_filled12_,2270,0.21277637160772586
611,3949,filled01_filled02_filled12_,2280,0.2127183303823396
612,3968,filled01_filled02_filled12_,2290,0.2124946462473447
614,3986,filled01_filled02_filled12_,2300,0.21179543850359547
617,4003,filled01_filled02_filled12_,2310,0.21161736554687863
620,4020,filled01_filled02_filled12_,2320,0.21090058680336887
621,4039,filled01_filled02_filled12_,2330,0.2106888200015035
621,4059,filled01_filled02_filled12_,2340,0.21028809646832444
623,4077,filled01_filled02_filled12_,2350,0.21017540593738596
626,4094,filled01_filled02_filled12_,2360,0.21018459934771735
626,4114,filled01_filled02_filled12_,2370,0.2094265889579819
629,4131,filled01_filled02_filled12_,2380,0.20931779833874142
629,4151,filled01_filled02_filled12_,2390,0.2088790195549021
630,4170,filled01_filled02_filled12_,2400,0.20874989602795488
630,4190,filled01_filled02_filled12_,2410,0.20789304172852874
631,4209,filled01_filled02_filled12_,2420,0.20749142046911673
631,4229,filled01_filled02_filled12_,2430,0.207752630414238
632,4248,filled01_filled02_filled12_,2440,0.20814291201165358
636,4264,filled01_filled02_filled12_,2450,0.20810612363842182
636,4284,filled01_filled02_filled12_,2460,0.20824579624293302
636,4304,filled01_filled02_filled12_,2470,0.2078018376018548
636,4324,filled01_filled02_filled12_,2480,0.20727152864193296
638,4342,filled01_filled02_filled12_,2490,0.20676655855821582
640,4360,filled01_filled02_filled12_,2500,0.2069050199921191
647,4373,filled01_filled02_filled12_,2510,0.20695733638026118
650,4390,filled01_filled02_filled12_,2520,0.20738446297833624
650,4410,filled01_filled02_filled12_,2530,0.20711835349284088
653,4427,filled01_filled02_filled12_,2540,0.2067740266693061
655,4445,filled01_filled02_filled12_,2550,0.2068852595673392
659,4461,filled01_filled02_filled12_,2560,0.2074548482481401
662,4478,filled01_filled02_filled12_,2570,0.20748705149659477
665,4495,filled01_filled02_filled12_,2580,0.20779103127101387
666,4514,filled01_filled02_filled12_,2590,0.20741634394768982
670,4530,filled01_filled02_filled12_,2600,0.20729801885272178
673,4547,filled01_filled02_filled12_,2610,0.20733035770418393
679,4561,filled01_filled02_filled12_,2620,0.2073573234681417
681,4579,filled01_filled02_filled12_,2630,0.20713526724803955
682,4598,filled01_filled02_filled12_,2640,0.20666178116882047
685,4615,filled01_filled02_filled12_,2650,0.2065743330352129
687,4633,filled01_filled02_filled12_,2660,0.20605850673866385
688,4652,filled01_filled02_filled12_,2670,0.20580951191621735
691,4669,filled01_filled02_filled12_,2680,0.20572642443724823
695,4685,filled01_filled02_filled12_,2690,0.20567932303421596
698,4702,filled01_filled02_filled12_,2700,0.2054087175404137
698,4722,filled01_filled02_filled12_,2710,0.20476875368714295
700,4740,filled01_filled02_filled12_,2720,0.20475163641375307
703,4757,filled01_filled02_filled12_,2730,0.2051289163138057
706,4774,filled01_filled02_filled12_,2740,0.20510917036355916
710,4790,filled01_filled02_filled12_,2750,0.2053999001249064
712,4808,filled01_filled02_filled12_,2760,0.20546174657008245
714,4826,filled01_filled02_filled12_,2770,0.20546489398400844
715,4845,filled01_filled02_filled12_,2780,0.2052281200124957
718,4862,filled01_filled02_filled12_,2790,0.20528849190940804
723,4877,filled01_filled02_filled12_,2800,0.20532346033999405
725,4895,filled01_filled02_filled12_,2810,0.20540667423026335
730,4910,filled01_filled02_filled12_,2820,0.20572316738689497
734,4926,filled01_filled02_filled12_,2830,0.20557806772331674
735,4945,filled01_filled02_filled12_,2840,0.20542431050383023
736,4964,filled01_filled02_filled12_,2850,0.2049930186979063
738,4982,filled01_filled02_filled12_,2860,0.20479830481498462
740,5000,filled01_filled02_filled12_,2870,0.2049808724091523
741,5019,filled01_filled02_filled12_,2880,0.20485283550827427
746,5034,filled01_filled02_filled12_,2890,0.20559339314907218
748,5052,filled01_filled02_filled12_,2900,0.2057156827857548
748,5072,filled01_filled02_filled12_,2910,0.20537057352747137
750,5090,filled01_filled02_filled12_,2920,0.20508066151643564
750,5110,filled01_filled02_filled12_,2930,0.20515110855345098
752,5128,filled01_filled02_filled12_,2940,0.20502391251452864
754,5146,filled01_filled02_filled12_,2950,0.2050495223266964
756,5164,filled01_filled02_filled12_,2960,0.20510863946585758
757,5183,filled01_filled02_filled12_,2970,0.2048130806780952
759,5201,filled01_filled02_filled12_,2980,0.20476421566237923
762,5218,filled01_filled02_filled12_,2990,0.20446037516739538
763,5237,filled01_filled02_filled12_,3000,0.20369472925084908
764,5256,filled01_filled02_filled12_,3010,0.20355670503029263
764,5276,filled01_filled02_filled12_,3020,0.2032325334637184
765,5295,filled01_filled02_filled12_,3030,0.20371516780988652
765,5315,filled01_filled02_filled12_,3040,0.20343348416385879
766,5334,filled01_filled02_filled12_,3050,0.20339218275545126
771,5349,filled01_filled02_filled12_,3060,0.20342913619109337
772,5368,filled01_filled02_filled12_,3070,0.203274760788122
773,5387,filled01_filled02_filled12_,3080,0.20310136190019168
774,5406,filled01_filled02_filled12_,3090,0.20304153648919554
775,5425,filled01_filled02_filled12_,3100,0.20254232304489297
778,5442,filled01_filled02_filled12_,3110,0.20244162915259933
778,5462,filled01_filled02_filled12_,3120,0.20224321553138383
778,5482,filled01_filled02_filled12_,3130,0.20197493716548162
782,5498,filled01_filled02_filled12_,3140,0.201946247564693
783,5517,filled01_filled02_filled12_,3150,0.20156914926743888
785,5535,filled01_filled02_filled12_,3160,0.20133397573346568
787,5553,filled01_filled02_filled12_,3170,0.20117074384873904
788,5572,filled01_filled02_filled12_,3180,0.2008893606584152
791,5589,filled01_filled02_filled12_,3190,0.20070788954687926
793,5607,filled01_filled02_filled12_,3200,0.20054845731531146
793,5627,filled01_filled02_filled12_,3210,0.20022312096824593
798,5642,filled01_filled02_filled12_,3220,0.20070857531828598
799,5661,filled01_filled02_filled12_,3230,0.2005021327301042
801,5679,filled01_filled02_filled12_,3240,0.20043272434602225
801,5699,filled01_filled02_filled12_,3250,0.20033630230302601
804,5716,filled01_filled02_filled12_,3260,0.20014180786769953
805,5735,filled01_filled02_filled12_,3270,0.19989031854084316
808,5752,filled01_filled02_filled12_,3280,0.20021688049756814
811,5769,filled01_filled02_filled12_,3290,0.19988929142974524
813,5787,filled01_filled02_filled12_,3300,0.19990892059007892
815,5805,filled01_filled02_filled12_,3310,0.20013655057243798
817,5823,filled01_filled02_filled12_,3320,0.20002138821824125
821,5839,filled01_filled02_filled12_,3330,0.19988525870409438
822,5858,filled01_filled02_filled12_,3340,0.1996403404976981
823,5877,filled01_filled02_filled12_,3350,0.1993124166888293
825,5895,filled01_filled02_filled12_,3360,0.19920145958564847
827,5913,filled01_filled02_filled12_,3370,0.19898865534963392
831,5929,filled01_filled02_filled12_,3380,0.1987851731253356
833,5947,filled01_filled02_filled12_,3390,0.19872398223904394
836,5964,filled01_filled02_filled12_,3400,0.19851335383452082
836,5984,filled01_filled02_filled12_,3410,0.1986112741416867
837,6003,filled01_filled02_filled12_,3420,0.19829365403015595
838,6022,filled01_filled02_filled12_,3430,0.1979600379928446
841,6039,filled01_filled02_filled12_,3440,0.19794708389193094
846,6054,filled01_filled02_filled12_,3450,0.19822368507018298
849,6071,filled01_filled02_filled12_,3460,0.1981639893379955
850,6090,filled01_filled02_filled12_,3470,0.1978346934644112
851,6109,filled01_filled02_filled12_,3480,0.19732768974850057
851,6129,filled01_filled02_filled12_,3490,0.19716613555342233
853,6147,filled01_filled02_filled12_,3500,0.19712910052031662
857,6163,filled01_filled02_filled12_,3510,0.19751974708200304
862,6178,filled01_filled02_filled12_,3520,0.19756862399991937
867,6193,filled01_filled02_filled12_,3530,0.19783999630144675
868,6212,filled01_filled02_filled12_,3540,0.1976432357187432
868,6232,filled01_filled02_filled12_,3550,0.1971033471787761
871,6249,filled01_filled02_filled12_,3560,0.19684541126060362
873,6267,filled01_filled02_filled12_,3570,0.1965285318906419
874,6286,filled01_filled02_filled12_,3580,0.19635504479374202
877,6303,filled01_filled02_filled12_,3590,0.1960234827626229
879,6321,filled01_filled02_filled12_,3600,0.19592942277034675
880,6340,filled01_filled02_filled12_,3610,0.1962710125553041
882,6358,filled01_filled02_filled12_,3620,0.196176863167445
882,6378,filled01_filled02_filled12_,3630,0.19586977861356636
883,6397,filled01_filled02_filled12_,3640,0.19562386116883798
883,6417,filled01_filled02_filled12_,3650,0.19510595638411607
885,6435,filled01_filled02_filled12_,3660,0.19527336517093677
888,6452,filled01_filled02_filled12_,3670,0.19522545813554837
888,6472,filled01_filled02_filled12_,3680,0.19488243608323694
889,6491,filled01_filled02_filled12_,3690,0.19458334423961154
893,6507,filled01_filled02_filled12_,3700,0.1950352351698302
894,6526,filled01_filled02_filled12_,3710,0.19504058661699855
895,6545,filled01_filled02_filled12_,3720,0.19491135760594103
898,6562,filled01_filled02_filled12_,3730,0.1949829352497027
899,6581,filled01_filled02_filled12_,3740,0.19467097545180434
902,6598,filled01_filled02_filled12_,3750,0.19485084638142702
906,6614,filled01_filled02_filled12_,3760,0.1948624706524166
906,6634,filled01_filled02_filled12_,3770,0.1948531482706186
907,6653,filled01_filled02_filled12_,3780,0.19471021884892292
910,6670,filled01_filled02_filled12_,3790,0.19481393526142085
912,6688,filled01_filled02_filled12_,3800,0.19476992858137546
913,6707,filled01_filled02_filled12_,3810,0.19452186208070854
918,6722,filled01_filled02_filled12_,3820,0.19464792491612537
918,6742,filled01_filled02_filled12_,3830,0.1947129170323543
920,6760,filled01_filled02_filled12_,3840,0.1947107788913639
924,6776,filled01_filled02_filled12_,3850,0.19476347115741333
927,6793,filled01_filled02_filled12_,3860,0.19453245262552935
930,6810,filled01_filled02_filled12_,3870,0.19428692422107083
930,6830,filled01_filled02_filled12_,3880,0.19410951214146818
930,6850,filled01_filled02_filled12_,3890,0.19395787909196224
930,6870,filled01_filled02_filled12_,3900,0.1934943077292615
931,6889,filled01_filled02_filled12_,3910,0.19331268621583955
932,6908,filled01_filled02_filled12_,3920,0.19303584995439796
934,6926,filled01_filled02_filled12_,3930,0.1930850080927886
937,6943,filled01_filled02_filled12_,3940,0.19360060571251247
938,6962,filled01_filled02_filled12_,3950,0.19349151219419258
940,6980,filled01_filled02_filled12_,3960,0.193508207664801
944,6996,filled01_filled02_filled12_,3970,0.19339640437049269
945,7015,filled01_filled02_filled12_,3980,0.1935865697389713
947,7033,filled01_filled02_filled12_,3990,0.19340705363815314
949,7051,filled01_filled02_filled12_,4000,0.19310359129029445
951,7069,filled01_filled02_filled12_,4010,0.19308165558799462
951,7089,filled01_filled02_filled12_,4020,0.19274382561427864
953,7107,filled01_filled02_filled12_,4030,0.19279248538218927
953,7127,filled01_filled02_filled12_,4040,0.19227935653631203
955,7145,filled01_filled02_filled12_,4050,0.19208236838103473
956,7164,filled01_filled02_filled12_,4060,0.19181864122951853
959,7181,filled01_filled02_filled12_,4070,0.19171529094066742
960,7200,filled01_filled02_filled12_,4080,0.19146888833059625
960,7220,filled01_filled02_filled12_,4090,0.19134679359423842
962,7238,filled01_filled02_filled12_,4100,0.1913532455545767
966,7254,filled01_filled02_filled12_,4110,0.19161480779479792
968,7272,filled01_filled02_filled12_,4120,0.19173300177816166
973,7287,filled01_filled02_filled12_,4130,0.19183247203580897
976,7304,filled01_filled02_filled12_,4140,0.19197176822794462
978,7322,filled01_filled02_filled12_,4150,0.19208209242383156
980,7340,filled01_filled02_filled12_,4160,0.19206343045751165
983,7357,filled01_filled02_filled12_,4170,0.19201443118380349
983,7377,filled01_filled02_filled12_,4180,0.19182659595664023
985,7395,filled01_filled02_filled12_,4190,0.19150384448359
988,7412,filled01_filled02_filled12_,4200,0.19128589690408923
988,7432,filled01_filled02_filled12_,4210,0.19102056292627265
990,7450,filled01_filled02_filled12_,4220,0.19110835274110874
991,7469,filled01_filled02_filled12_,4230,0.1909899800877102
991,7489,filled01_filled02_filled12_,4240,0.19075594543717556
992,7508,filled01_filled02_filled12_,4250,0.1903905937144438
993,7527,filled01_filled02_filled12_,4260,0.1900784708703632
996,7544,filled01_filled02_filled12_,4270,0.19016615126938227
996,7564,filled01_filled02_filled12_,4280,0.18988550969641813
997,7583,filled01_filled02_filled12_,4290,0.18956294652944325
998,7602,filled01_filled02_filled12_,4300,0.18943636166159894
1000,7620,filled01_filled02_filled12_,4310,0.18935987480723013
1001,7639,filled01_filled02_filled12_,4320,0.18934936438636232
1005,7655,filled01_filled02_filled12_,4330,0.18943625123224286
1006,7674,filled01_filled02_filled12_,4340,0.18906847211712527
1006,7694,filled01_filled02_filled12_,4350,0.1887953253780338
1006,7714,filled01_filled02_filled12_,4360,0.18862354890639285
1009,7731,filled01_filled02_filled12_,4370,0.18861259154445054
1010,7750,filled01_filled02_filled12_,4380,0.18820080953294607
1012,7768,filled01_filled02_filled12_,4390,0.1884674888518345
1016,7784,filled01_filled02_filled12_,4400,0.18852755119049888
1019,7801,filled01_filled02_filled12_,4410,0.18865159678607765
1022,7818,filled01_filled02_filled12_,4420,0.18861357734610404
1026,7834,filled01_filled02_filled12_,4430,0.18865083195778187
1028,7852,filled01_filled02_filled12_,4440,0.18850246826154016
1028,7872,filled01_filled02_filled12_,4450,0.18842410150778258
1030,7890,filled01_filled02_filled12_,4460,0.18847720171016857
1033,7907,filled01_filled02_filled12_,4470,0.18845337742298604
1035,7925,filled01_filled02_filled12_,4480,0.18829338815032926
1038,7942,filled01_filled02_filled12_,4490,0.18825683789330885
1040,7960,filled01_filled02_filled12_,4500,0.1883097218371621
1041,7979,filled01_filled02_filled12_,4510,0.1880821778314983
1041,7999,filled01_filled02_filled12_,4520,0.18785681856040806
1043,8017,filled01_filled02_filled12_,4530,0.18766530717295182
1046,8034,filled01_filled02_filled12_,4540,0.18760884476903894
1046,8054,filled01_filled02_filled12_,4550,0.18733834359935422
1047,8073,filled01_filled02_filled12_,4560,0.18718963126448174
1048,8092,filled01_filled02_filled12_,4570,0.1868943026809505
1051,8109,filled01_filled02_filled12_,4580,0.1868271494956415
1052,8128,filled01_filled02_filled12_,4590,0.18682268371646926
1054,8146,filled01_filled02_filled12_,4600,0.1867570170926652
1057,8163,filled01_filled02_filled12_,4610,0.18696513510479407
1059,8181,filled01_filled02_filled12_,4620,0.18695939671383002
1061,8199,filled01_filled02_filled12_,4630,0.18684690632110793
1064,8216,filled01_filled02_filled12_,4640,0.1868955777038719
1067,8233,filled01_filled02_filled12_,4650,0.18675714629506324
1068,8252,filled01_filled02_filled12_,4660,0.1867528875261665
1069,8271,filled01_filled02_filled12_,4670,0.18649050712832502
1073,8287,filled01_filled02_filled12_,4680,0.18662309934719803
1075,8305,filled01_filled02_filled12_,4690,0.18640751332427333
1078,8322,filled01_filled02_filled12_,4700,0.18667108733428814
1079,8341,filled01_filled02_filled12_,4710,0.18660828684793176
1081,8359,filled01_filled02_filled12_,4720,0.18661603524236448
1084,8376,filled01_filled02_filled12_,4730,0.1865849748638819
1086,8394,filled01_filled02_filled12_,4740,0.18675543672869277
1088,8412,filled01_filled02_filled12_,4750,0.186529672225211
1090,8430,filled01_filled02_filled12_,4760,0.18665399684574305
1093,8447,filled01_filled02_filled12_,4770,0.18668110722410206
1094,8466,filled01_filled02_filled12_,4780,0.18676800400935942
1098,8482,filled01_filled02_filled12_,4790,0.1870002377259742
1099,8501,filled01_filled02_filled12_,4800,0.18695038348595716
1101,8519,filled01_filled02_filled12_,4810,0.18704777060885522
1104,8536,filled01_filled02_filled12_,4820,0.18704116983659946
1106,8554,filled01_filled02_filled12_,4830,0.1872654769319028
1107,8573,filled01_filled02_filled12_,4840,0.1875224749091481
1108,8592,filled01_filled02_filled12_,4850,0.18737004652653966
1111,8609,filled01_filled02_filled12_,4860,0.18722360056920007
1113,8627,filled01_filled02_filled12_,4870,0.18705907423273313
1115,8645,filled01_filled02_filled12_,4880,0.18696454678862903
1119,8661,filled01_filled02_filled12_,4890,0.1871349204522966
1119,8681,filled01_filled02_filled12_,4900,0.18715592034003578
1122,8698,filled01_filled02_filled12_,4910,0.1873509582543121
1123,8717,filled01_filled02_filled12_,4920,0.1871763952977202
1125,8735,filled01_filled02_filled12_,4930,0.18710205321483966
1127,8753,filled01_filled02_filled12_,4940,0.1869401201977123
1127,8773,filled01_filled02_filled12_,4950,0.1867930538274322
1130,8790,filled01_filled02_filled12_,4960,0.18707427676275704
1134,8806,filled01_filled02_filled12_,4970,0.18725388052118622
1137,8823,filled01_filled02_filled12_,4980,0.18729073117629433
1140,8840,filled01_filled02_filled12_,4990,0.18728391992578788
