size intersection,size union,state,k,mean JI
5,15,filled01_filled02_filled12_,10,0.3127917833800187
10,30,filled01_filled02_filled12_,20,0.4078853046594982
11,49,filled01_filled02_filled12_,30,0.32914704343275775
13,67,filled01_filled02_filled12_,40,0.29916455458556274
16,84,filled01_filled02_filled12_,50,0.27674258109040717
21,99,filled01_filled02_filled12_,60,0.32756132756132755
27,113,filled01_filled02_filled12_,70,0.3408545946971657
29,131,filled01_filled02_filled12_,80,0.32849788237681016
31,149,filled01_filled02_filled12_,90,0.31084782906451175
33,167,filled01_filled02_filled12_,100,0.32250152748011257
33,187,filled01_filled02_filled12_,110,0.2961796136502483
35,205,filled01_filled02_filled12_,120,0.29117871641731663
40,220,filled01_filled02_filled12_,130,0.3001475667010472
41,239,filled01_filled02_filled12_,140,0.27982342553413164
43,257,filled01_filled02_filled12_,150,0.2809799601416506
46,274,filled01_filled02_filled12_,160,0.27512139933420915
47,293,filled01_filled02_filled12_,170,0.26673085989356915
49,311,filled01_filled02_filled12_,180,0.2677216535067204
51,329,filled01_filled02_filled12_,190,0.26555929423644503
55,345,filled01_filled02_filled12_,200,0.2628788850412552
58,362,filled01_filled02_filled12_,210,0.2644278242019495
63,377,filled01_filled02_filled12_,220,0.26580972472230574
67,393,filled01_filled02_filled12_,230,0.2671406446933486
70,410,filled01_filled02_filled12_,240,0.26502135051024106
72,428,filled01_filled02_filled12_,250,0.2625732039686857
75,445,filled01_filled02_filled12_,260,0.2647068825393801
78,462,filled01_filled02_filled12_,270,0.26028142298785456
80,480,filled01_filled02_filled12_,280,0.258625849118712
83,497,filled01_filled02_filled12_,290,0.2595035198226564
86,514,filled01_filled02_filled12_,300,0.26476096928059123
88,532,filled01_filled02_filled12_,310,0.265004487517466
91,549,filled01_filled02_filled12_,320,0.2666658467002179
94,566,filled01_filled02_filled12_,330,0.2671821330397372
96,584,filled01_filled02_filled12_,340,0.2663153137942572
99,601,filled01_filled02_filled12_,350,0.26949397378704504
101,619,filled01_filled02_filled12_,360,0.26407120623705166
103,637,filled01_filled02_filled12_,370,0.26557285278073633
104,656,filled01_filled02_filled12_,380,0.2602856597089279
105,675,filled01_filled02_filled12_,390,0.2588293761725496
106,694,filled01_filled02_filled12_,400,0.2551828880802044
108,712,filled01_filled02_filled12_,410,0.2561710033620146
112,728,filled01_filled02_filled12_,420,0.2562426173261271
113,747,filled01_filled02_filled12_,430,0.25401569272030766
115,765,filled01_filled02_filled12_,440,0.2557349779406573
117,783,filled01_filled02_filled12_,450,0.25582879600780395
120,800,filled01_filled02_filled12_,460,0.2561670945656825
121,819,filled01_filled02_filled12_,470,0.25508186288828666
126,834,filled01_filled02_filled12_,480,0.257541835454318
130,850,filled01_filled02_filled12_,490,0.2564215312364458
135,865,filled01_filled02_filled12_,500,0.2567054937817718
140,880,filled01_filled02_filled12_,510,0.2565728087684694
143,897,filled01_filled02_filled12_,520,0.25554638625186726
150,910,filled01_filled02_filled12_,530,0.25885880867277394
152,928,filled01_filled02_filled12_,540,0.25616293802408663
153,947,filled01_filled02_filled12_,550,0.2540226982606746
156,964,filled01_filled02_filled12_,560,0.2541359394161982
160,980,filled01_filled02_filled12_,570,0.25265233942810644
163,997,filled01_filled02_filled12_,580,0.2512414440819233
166,1014,filled01_filled02_filled12_,590,0.24916599813039872
166,1034,filled01_filled02_filled12_,600,0.24806897032164257
171,1049,filled01_filled02_filled12_,610,0.2508473466308351
173,1067,filled01_filled02_filled12_,620,0.25169892347646877
177,1083,filled01_filled02_filled12_,630,0.25309051805585187
180,1100,filled01_filled02_filled12_,640,0.2514395256300899
180,1120,filled01_filled02_filled12_,650,0.25191424349229014
182,1138,filled01_filled02_filled12_,660,0.2493471742071057
185,1155,filled01_filled02_filled12_,670,0.2500015957611277
187,1173,filled01_filled02_filled12_,680,0.2487170450240713
190,1190,filled01_filled02_filled12_,690,0.24807084721900183
193,1207,filled01_filled02_filled12_,700,0.24571591380648963
193,1227,filled01_filled02_filled12_,710,0.2451047953981272
195,1245,filled01_filled02_filled12_,720,0.2448749604161924
195,1265,filled01_filled02_filled12_,730,0.24099868035019104
196,1284,filled01_filled02_filled12_,740,0.2407801605377499
200,1300,filled01_filled02_filled12_,750,0.24201426262686135
203,1317,filled01_filled02_filled12_,760,0.2409178800886309
206,1334,filled01_filled02_filled12_,770,0.24328646636718376
209,1351,filled01_filled02_filled12_,780,0.24253941983035085
212,1368,filled01_filled02_filled12_,790,0.24281171975204216
216,1384,filled01_filled02_filled12_,800,0.2409932946401131
221,1399,filled01_filled02_filled12_,810,0.24069988405268594
222,1418,filled01_filled02_filled12_,820,0.24050400971868433
224,1436,filled01_filled02_filled12_,830,0.23952999974614586
227,1453,filled01_filled02_filled12_,840,0.23900797042458066
227,1473,filled01_filled02_filled12_,850,0.23863183843299485
230,1490,filled01_filled02_filled12_,860,0.23898687681737726
230,1510,filled01_filled02_filled12_,870,0.2374614759838722
232,1528,filled01_filled02_filled12_,880,0.23663407402525302
232,1548,filled01_filled02_filled12_,890,0.23625305211538827
238,1562,filled01_filled02_filled12_,900,0.23674338643586879
239,1581,filled01_filled02_filled12_,910,0.23520619005312157
244,1596,filled01_filled02_filled12_,920,0.2350672713594487
245,1615,filled01_filled02_filled12_,930,0.23417486037997157
246,1634,filled01_filled02_filled12_,940,0.23397698861921012
249,1651,filled01_filled02_filled12_,950,0.2336736323934339
252,1668,filled01_filled02_filled12_,960,0.23280961286644128
255,1685,filled01_filled02_filled12_,970,0.2318752886608867
256,1704,filled01_filled02_filled12_,980,0.23121067633811396
256,1724,filled01_filled02_filled12_,990,0.2311474903140386
257,1743,filled01_filled02_filled12_,1000,0.23122118005789083
258,1762,filled01_filled02_filled12_,1010,0.2314662640716747
260,1780,filled01_filled02_filled12_,1020,0.23059940891284492
262,1798,filled01_filled02_filled12_,1030,0.2294473596070213
265,1815,filled01_filled02_filled12_,1040,0.23025792976224638
269,1831,filled01_filled02_filled12_,1050,0.2303653608116141
271,1849,filled01_filled02_filled12_,1060,0.22903627244719219
274,1866,filled01_filled02_filled12_,1070,0.22910637568007305
275,1885,filled01_filled02_filled12_,1080,0.2284805314190649
279,1901,filled01_filled02_filled12_,1090,0.22953938203485055
280,1920,filled01_filled02_filled12_,1100,0.22786106019609556
285,1935,filled01_filled02_filled12_,1110,0.22782885026377495
286,1954,filled01_filled02_filled12_,1120,0.22723722841440108
289,1971,filled01_filled02_filled12_,1130,0.22752101099489278
292,1988,filled01_filled02_filled12_,1140,0.2265110830889534
292,2008,filled01_filled02_filled12_,1150,0.22689110663076031
293,2027,filled01_filled02_filled12_,1160,0.22586511838029558
296,2044,filled01_filled02_filled12_,1170,0.2251619756253368
299,2061,filled01_filled02_filled12_,1180,0.22480234404224433
301,2079,filled01_filled02_filled12_,1190,0.22445677065139977
304,2096,filled01_filled02_filled12_,1200,0.22352921281738894
306,2114,filled01_filled02_filled12_,1210,0.22243965801860136
308,2132,filled01_filled02_filled12_,1220,0.2225600460336321
312,2148,filled01_filled02_filled12_,1230,0.22191790818667415
312,2168,filled01_filled02_filled12_,1240,0.22249496177525252
316,2184,filled01_filled02_filled12_,1250,0.22289701750997934
317,2203,filled01_filled02_filled12_,1260,0.22265755805151244
319,2221,filled01_filled02_filled12_,1270,0.2219832377305193
323,2237,filled01_filled02_filled12_,1280,0.22291275315218592
326,2254,filled01_filled02_filled12_,1290,0.22236486567871297
329,2271,filled01_filled02_filled12_,1300,0.2226462419468399
331,2289,filled01_filled02_filled12_,1310,0.2229302525461244
332,2308,filled01_filled02_filled12_,1320,0.2220641266492577
333,2327,filled01_filled02_filled12_,1330,0.22121224039188703
335,2345,filled01_filled02_filled12_,1340,0.22030887635435184
338,2362,filled01_filled02_filled12_,1350,0.21913134110260232
342,2378,filled01_filled02_filled12_,1360,0.2185242784007327
344,2396,filled01_filled02_filled12_,1370,0.21877147702208477
348,2412,filled01_filled02_filled12_,1380,0.21932588460737065
353,2427,filled01_filled02_filled12_,1390,0.2189441986334338
356,2444,filled01_filled02_filled12_,1400,0.21949550798190653
358,2462,filled01_filled02_filled12_,1410,0.21892051476171415
359,2481,filled01_filled02_filled12_,1420,0.21867951221941595
360,2500,filled01_filled02_filled12_,1430,0.2182311557429356
367,2513,filled01_filled02_filled12_,1440,0.21786410272411816
370,2530,filled01_filled02_filled12_,1450,0.21752346051268767
370,2550,filled01_filled02_filled12_,1460,0.2168939219345348
370,2570,filled01_filled02_filled12_,1470,0.21586896295863758
372,2588,filled01_filled02_filled12_,1480,0.21484953777961646
377,2603,filled01_filled02_filled12_,1490,0.2155382124297014
383,2617,filled01_filled02_filled12_,1500,0.2169127002755914
385,2635,filled01_filled02_filled12_,1510,0.21743583061535798
387,2653,filled01_filled02_filled12_,1520,0.2173644474348171
392,2668,filled01_filled02_filled12_,1530,0.21815996886996433
395,2685,filled01_filled02_filled12_,1540,0.2184211794993057
398,2702,filled01_filled02_filled12_,1550,0.21863299068453704
400,2720,filled01_filled02_filled12_,1560,0.21976229351455512
406,2734,filled01_filled02_filled12_,1570,0.22004640589795324
407,2753,filled01_filled02_filled12_,1580,0.21953305305885898
411,2769,filled01_filled02_filled12_,1590,0.22030199869232261
414,2786,filled01_filled02_filled12_,1600,0.22006770796536448
415,2805,filled01_filled02_filled12_,1610,0.2195192569032455
416,2824,filled01_filled02_filled12_,1620,0.21916287669560486
417,2843,filled01_filled02_filled12_,1630,0.21927479064803354
420,2860,filled01_filled02_filled12_,1640,0.21900915769911375
423,2877,filled01_filled02_filled12_,1650,0.21938641538955275
424,2896,filled01_filled02_filled12_,1660,0.21899671658749043
427,2913,filled01_filled02_filled12_,1670,0.21931881458696764
427,2933,filled01_filled02_filled12_,1680,0.21969798311495306
428,2952,filled01_filled02_filled12_,1690,0.2194910015282069
429,2971,filled01_filled02_filled12_,1700,0.21941654718094208
430,2990,filled01_filled02_filled12_,1710,0.2186388232461363
432,3008,filled01_filled02_filled12_,1720,0.21878757503637303
435,3025,filled01_filled02_filled12_,1730,0.21879989767806296
437,3043,filled01_filled02_filled12_,1740,0.2189909992756277
438,3062,filled01_filled02_filled12_,1750,0.21810751698387065
446,3074,filled01_filled02_filled12_,1760,0.21895670341410023
449,3091,filled01_filled02_filled12_,1770,0.21858348732795865
451,3109,filled01_filled02_filled12_,1780,0.2186849602133695
454,3126,filled01_filled02_filled12_,1790,0.21861251343117616
455,3145,filled01_filled02_filled12_,1800,0.2182572682582543
457,3163,filled01_filled02_filled12_,1810,0.21860705077470066
458,3182,filled01_filled02_filled12_,1820,0.21846213109848486
460,3200,filled01_filled02_filled12_,1830,0.2181086615869794
461,3219,filled01_filled02_filled12_,1840,0.21796834071633772
462,3238,filled01_filled02_filled12_,1850,0.2179522332051782
464,3256,filled01_filled02_filled12_,1860,0.21748569077086652
466,3274,filled01_filled02_filled12_,1870,0.21734694653629325
467,3293,filled01_filled02_filled12_,1880,0.21657322424489525
469,3311,filled01_filled02_filled12_,1890,0.21628168693634597
471,3329,filled01_filled02_filled12_,1900,0.2161912881707182
473,3347,filled01_filled02_filled12_,1910,0.21578767611546124
474,3366,filled01_filled02_filled12_,1920,0.21633182516994673
479,3381,filled01_filled02_filled12_,1930,0.21634611298622816
483,3397,filled01_filled02_filled12_,1940,0.2165985368220038
484,3416,filled01_filled02_filled12_,1950,0.21620388791776568
487,3433,filled01_filled02_filled12_,1960,0.21634175219038174
487,3453,filled01_filled02_filled12_,1970,0.2161489963964136
488,3472,filled01_filled02_filled12_,1980,0.21595258050080712
491,3489,filled01_filled02_filled12_,1990,0.21654430286585388
496,3504,filled01_filled02_filled12_,2000,0.2170085615147701
499,3521,filled01_filled02_filled12_,2010,0.21744000645614536
500,3540,filled01_filled02_filled12_,2020,0.2164584821923687
500,3560,filled01_filled02_filled12_,2030,0.21630780097336447
502,3578,filled01_filled02_filled12_,2040,0.21637139389344076
505,3595,filled01_filled02_filled12_,2050,0.21558692304385027
509,3611,filled01_filled02_filled12_,2060,0.21560865295338916
511,3629,filled01_filled02_filled12_,2070,0.21556540404865418
512,3648,filled01_filled02_filled12_,2080,0.21494825872203135
514,3666,filled01_filled02_filled12_,2090,0.21469568873359582
516,3684,filled01_filled02_filled12_,2100,0.21515777306504305
519,3701,filled01_filled02_filled12_,2110,0.21515170926911908
522,3718,filled01_filled02_filled12_,2120,0.21507310529636212
525,3735,filled01_filled02_filled12_,2130,0.21488891451549355
527,3753,filled01_filled02_filled12_,2140,0.21443270507688447
530,3770,filled01_filled02_filled12_,2150,0.2147414884646691
531,3789,filled01_filled02_filled12_,2160,0.21494636663913522
534,3806,filled01_filled02_filled12_,2170,0.21490372459628004
536,3824,filled01_filled02_filled12_,2180,0.21441757409604292
536,3844,filled01_filled02_filled12_,2190,0.2136025290285192
538,3862,filled01_filled02_filled12_,2200,0.2137396252592211
542,3878,filled01_filled02_filled12_,2210,0.2136993578400118
545,3895,filled01_filled02_filled12_,2220,0.21366367106388265
547,3913,filled01_filled02_filled12_,2230,0.21339744765543397
548,3932,filled01_filled02_filled12_,2240,0.2131702244529873
552,3948,filled01_filled02_filled12_,2250,0.21286867754906327
553,3967,filled01_filled02_filled12_,2260,0.2123824592557696
554,3986,filled01_filled02_filled12_,2270,0.21245748324800062
555,4005,filled01_filled02_filled12_,2280,0.21174847205347672
557,4023,filled01_filled02_filled12_,2290,0.21201837861146092
563,4037,filled01_filled02_filled12_,2300,0.21227568028319557
564,4056,filled01_filled02_filled12_,2310,0.2118344716804693
567,4073,filled01_filled02_filled12_,2320,0.21193681648044735
569,4091,filled01_filled02_filled12_,2330,0.21121143685267088
572,4108,filled01_filled02_filled12_,2340,0.21112676549715056
575,4125,filled01_filled02_filled12_,2350,0.21119981927145504
576,4144,filled01_filled02_filled12_,2360,0.21083784688297547
578,4162,filled01_filled02_filled12_,2370,0.21054047348023555
582,4178,filled01_filled02_filled12_,2380,0.21036327063141505
583,4197,filled01_filled02_filled12_,2390,0.20976362404260632
588,4212,filled01_filled02_filled12_,2400,0.20971778560781154
590,4230,filled01_filled02_filled12_,2410,0.20942542653895238
590,4250,filled01_filled02_filled12_,2420,0.20981457571865766
590,4270,filled01_filled02_filled12_,2430,0.2097451544449357
590,4290,filled01_filled02_filled12_,2440,0.2098608737286188
592,4308,filled01_filled02_filled12_,2450,0.20954406696818537
597,4323,filled01_filled02_filled12_,2460,0.20949944340285798
599,4341,filled01_filled02_filled12_,2470,0.20951615372784058
600,4360,filled01_filled02_filled12_,2480,0.20890862553760234
602,4378,filled01_filled02_filled12_,2490,0.2088996996677571
604,4396,filled01_filled02_filled12_,2500,0.20880102927456026
606,4414,filled01_filled02_filled12_,2510,0.20823497891132436
607,4433,filled01_filled02_filled12_,2520,0.2081707637354356
609,4451,filled01_filled02_filled12_,2530,0.20830850517105612
609,4471,filled01_filled02_filled12_,2540,0.20772475210593133
612,4488,filled01_filled02_filled12_,2550,0.20768995229442974
614,4506,filled01_filled02_filled12_,2560,0.20716729541870593
616,4524,filled01_filled02_filled12_,2570,0.20716541860907112
618,4542,filled01_filled02_filled12_,2580,0.20739089636893748
620,4560,filled01_filled02_filled12_,2590,0.2069888252902348
621,4579,filled01_filled02_filled12_,2600,0.20639489628253369
625,4595,filled01_filled02_filled12_,2610,0.2068708678714115
627,4613,filled01_filled02_filled12_,2620,0.20647583627019553
629,4631,filled01_filled02_filled12_,2630,0.20630662361951546
633,4647,filled01_filled02_filled12_,2640,0.20647095193317866
634,4666,filled01_filled02_filled12_,2650,0.2067542011329584
635,4685,filled01_filled02_filled12_,2660,0.20639484517583928
636,4704,filled01_filled02_filled12_,2670,0.20620584211680507
636,4724,filled01_filled02_filled12_,2680,0.2054187110743215
638,4742,filled01_filled02_filled12_,2690,0.2048235819553392
640,4760,filled01_filled02_filled12_,2700,0.20447447207406944
642,4778,filled01_filled02_filled12_,2710,0.20418539813631723
642,4798,filled01_filled02_filled12_,2720,0.203954911426213
643,4817,filled01_filled02_filled12_,2730,0.2035916404689954
645,4835,filled01_filled02_filled12_,2740,0.20365253401454134
647,4853,filled01_filled02_filled12_,2750,0.20393147427893543
651,4869,filled01_filled02_filled12_,2760,0.20412823320810367
658,4882,filled01_filled02_filled12_,2770,0.2044194431225134
659,4901,filled01_filled02_filled12_,2780,0.2045110912032283
661,4919,filled01_filled02_filled12_,2790,0.2047517021825409
663,4937,filled01_filled02_filled12_,2800,0.2043910630533202
663,4957,filled01_filled02_filled12_,2810,0.20390482294403145
664,4976,filled01_filled02_filled12_,2820,0.20318927554786048
664,4996,filled01_filled02_filled12_,2830,0.20289289700758684
665,5015,filled01_filled02_filled12_,2840,0.20244593915598239
666,5034,filled01_filled02_filled12_,2850,0.20253507649752256
669,5051,filled01_filled02_filled12_,2860,0.20234345862274605
670,5070,filled01_filled02_filled12_,2870,0.20174857823877138
671,5089,filled01_filled02_filled12_,2880,0.2017920960006765
673,5107,filled01_filled02_filled12_,2890,0.20183241934183782
676,5124,filled01_filled02_filled12_,2900,0.20196972620052112
678,5142,filled01_filled02_filled12_,2910,0.20193314366565576
679,5161,filled01_filled02_filled12_,2920,0.20162484326312471
681,5179,filled01_filled02_filled12_,2930,0.20119354099465017
684,5196,filled01_filled02_filled12_,2940,0.20126137678395647
686,5214,filled01_filled02_filled12_,2950,0.2009097992864665
688,5232,filled01_filled02_filled12_,2960,0.20063581428505037
689,5251,filled01_filled02_filled12_,2970,0.20053238903209256
692,5268,filled01_filled02_filled12_,2980,0.20099029510145394
694,5286,filled01_filled02_filled12_,2990,0.20069597120338137
700,5300,filled01_filled02_filled12_,3000,0.2014377292794228
701,5319,filled01_filled02_filled12_,3010,0.20123667205106088
702,5338,filled01_filled02_filled12_,3020,0.20137585231174313
703,5357,filled01_filled02_filled12_,3030,0.20139606835046564
705,5375,filled01_filled02_filled12_,3040,0.20131798593167935
707,5393,filled01_filled02_filled12_,3050,0.2011900010979055
711,5409,filled01_filled02_filled12_,3060,0.2010853541630578
714,5426,filled01_filled02_filled12_,3070,0.20096227657047563
717,5443,filled01_filled02_filled12_,3080,0.20109396538211424
719,5461,filled01_filled02_filled12_,3090,0.20052214114699748
724,5476,filled01_filled02_filled12_,3100,0.20051862636874285
726,5494,filled01_filled02_filled12_,3110,0.200445411127265
727,5513,filled01_filled02_filled12_,3120,0.20019048415822693
728,5532,filled01_filled02_filled12_,3130,0.20000110613101407
732,5548,filled01_filled02_filled12_,3140,0.20020066466423167
735,5565,filled01_filled02_filled12_,3150,0.2001972190210409
737,5583,filled01_filled02_filled12_,3160,0.19989480862712403
738,5602,filled01_filled02_filled12_,3170,0.1995482179672665
742,5618,filled01_filled02_filled12_,3180,0.19936342738877766
742,5638,filled01_filled02_filled12_,3190,0.19900248655737893
744,5656,filled01_filled02_filled12_,3200,0.1989570610972952
745,5675,filled01_filled02_filled12_,3210,0.19868704639632842
747,5693,filled01_filled02_filled12_,3220,0.1988488342075847
750,5710,filled01_filled02_filled12_,3230,0.19918542027382138
752,5728,filled01_filled02_filled12_,3240,0.1990306743467191
754,5746,filled01_filled02_filled12_,3250,0.19942878279759332
754,5766,filled01_filled02_filled12_,3260,0.19929340013898036
756,5784,filled01_filled02_filled12_,3270,0.1990717977520823
757,5803,filled01_filled02_filled12_,3280,0.1984765081489099
758,5822,filled01_filled02_filled12_,3290,0.1986319539199383
760,5840,filled01_filled02_filled12_,3300,0.1985891966690958
760,5860,filled01_filled02_filled12_,3310,0.19811080577723858
762,5878,filled01_filled02_filled12_,3320,0.19826396836494928
764,5896,filled01_filled02_filled12_,3330,0.1980905406559913
767,5913,filled01_filled02_filled12_,3340,0.19800699977092195
767,5933,filled01_filled02_filled12_,3350,0.19766792692341015
767,5953,filled01_filled02_filled12_,3360,0.19709437901323
775,5965,filled01_filled02_filled12_,3370,0.19739564939349777
776,5984,filled01_filled02_filled12_,3380,0.1972096776488069
780,6000,filled01_filled02_filled12_,3390,0.1974475160611522
786,6014,filled01_filled02_filled12_,3400,0.1977248108575286
786,6034,filled01_filled02_filled12_,3410,0.19724393211242744
788,6052,filled01_filled02_filled12_,3420,0.1970193663834997
792,6068,filled01_filled02_filled12_,3430,0.19683700488740827
795,6085,filled01_filled02_filled12_,3440,0.19669664118575084
796,6104,filled01_filled02_filled12_,3450,0.19659958344973635
796,6124,filled01_filled02_filled12_,3460,0.19652437108315138
797,6143,filled01_filled02_filled12_,3470,0.19663782728708412
798,6162,filled01_filled02_filled12_,3480,0.19608640777499695
801,6179,filled01_filled02_filled12_,3490,0.19601330215992166
801,6199,filled01_filled02_filled12_,3500,0.19563285031710942
801,6219,filled01_filled02_filled12_,3510,0.19560541416809638
803,6237,filled01_filled02_filled12_,3520,0.19567396213184654
805,6255,filled01_filled02_filled12_,3530,0.1957234805633251
807,6273,filled01_filled02_filled12_,3540,0.19581606418541841
807,6293,filled01_filled02_filled12_,3550,0.195584147076819
810,6310,filled01_filled02_filled12_,3560,0.19563142879288511
813,6327,filled01_filled02_filled12_,3570,0.19567855192019293
816,6344,filled01_filled02_filled12_,3580,0.19562682196308415
819,6361,filled01_filled02_filled12_,3590,0.19541601826061206
819,6381,filled01_filled02_filled12_,3600,0.1949687635995516
823,6397,filled01_filled02_filled12_,3610,0.19499678106544252
826,6414,filled01_filled02_filled12_,3620,0.19494768981096813
827,6433,filled01_filled02_filled12_,3630,0.19484229456744231
831,6449,filled01_filled02_filled12_,3640,0.19505119266541238
832,6468,filled01_filled02_filled12_,3650,0.19478969209837618
834,6486,filled01_filled02_filled12_,3660,0.1947856813682067
836,6504,filled01_filled02_filled12_,3670,0.19454257945955256
839,6521,filled01_filled02_filled12_,3680,0.1946505410832733
842,6538,filled01_filled02_filled12_,3690,0.19452617853058707
844,6556,filled01_filled02_filled12_,3700,0.19467708107221957
846,6574,filled01_filled02_filled12_,3710,0.1946851523701044
850,6590,filled01_filled02_filled12_,3720,0.1945659443506316
851,6609,filled01_filled02_filled12_,3730,0.19432942642922904
852,6628,filled01_filled02_filled12_,3740,0.1943051088443435
853,6647,filled01_filled02_filled12_,3750,0.19412919847871546
853,6667,filled01_filled02_filled12_,3760,0.1938223348081749
855,6685,filled01_filled02_filled12_,3770,0.1936812156998123
855,6705,filled01_filled02_filled12_,3780,0.19350403174947264
858,6722,filled01_filled02_filled12_,3790,0.19385996525797256
862,6738,filled01_filled02_filled12_,3800,0.1937053521345213
863,6757,filled01_filled02_filled12_,3810,0.19370021647748423
866,6774,filled01_filled02_filled12_,3820,0.19359986084391823
867,6793,filled01_filled02_filled12_,3830,0.1933893933513494
869,6811,filled01_filled02_filled12_,3840,0.19334940256516617
872,6828,filled01_filled02_filled12_,3850,0.1932339795090189
872,6848,filled01_filled02_filled12_,3860,0.1932488459661207
875,6865,filled01_filled02_filled12_,3870,0.19313424504801616
876,6884,filled01_filled02_filled12_,3880,0.19298429546992035
877,6903,filled01_filled02_filled12_,3890,0.1929081532286482
878,6922,filled01_filled02_filled12_,3900,0.1927930152786118
881,6939,filled01_filled02_filled12_,3910,0.19255222002645067
882,6958,filled01_filled02_filled12_,3920,0.19235578009419
884,6976,filled01_filled02_filled12_,3930,0.1923358836401101
884,6996,filled01_filled02_filled12_,3940,0.19217594079353983
884,7016,filled01_filled02_filled12_,3950,0.19199415249870536
886,7034,filled01_filled02_filled12_,3960,0.19176069853465952
887,7053,filled01_filled02_filled12_,3970,0.1914364703954791
888,7072,filled01_filled02_filled12_,3980,0.191382294356063
888,7092,filled01_filled02_filled12_,3990,0.19107890504697586
889,7111,filled01_filled02_filled12_,4000,0.1908299450525278
893,7127,filled01_filled02_filled12_,4010,0.1910990331452358
895,7145,filled01_filled02_filled12_,4020,0.19101235127368035
900,7160,filled01_filled02_filled12_,4030,0.19134823700481307
900,7180,filled01_filled02_filled12_,4040,0.1908925562067948
903,7197,filled01_filled02_filled12_,4050,0.1909290531388216
903,7217,filled01_filled02_filled12_,4060,0.19060038111937994
904,7236,filled01_filled02_filled12_,4070,0.19032536918466833
905,7255,filled01_filled02_filled12_,4080,0.1901526608405345
907,7273,filled01_filled02_filled12_,4090,0.18989431266961934
908,7292,filled01_filled02_filled12_,4100,0.18989881839866618
910,7310,filled01_filled02_filled12_,4110,0.1898701290384461
915,7325,filled01_filled02_filled12_,4120,0.18982083134668648
917,7343,filled01_filled02_filled12_,4130,0.1899819615995051
918,7362,filled01_filled02_filled12_,4140,0.1897815392688357
919,7381,filled01_filled02_filled12_,4150,0.18963464761279825
924,7396,filled01_filled02_filled12_,4160,0.189759036531327
925,7415,filled01_filled02_filled12_,4170,0.18971143109372215
929,7431,filled01_filled02_filled12_,4180,0.18968042648533512
932,7448,filled01_filled02_filled12_,4190,0.18953197036530858
933,7467,filled01_filled02_filled12_,4200,0.18938745575726004
936,7484,filled01_filled02_filled12_,4210,0.18927698578379157
939,7501,filled01_filled02_filled12_,4220,0.18950090045469417
939,7521,filled01_filled02_filled12_,4230,0.18933802475417058
939,7541,filled01_filled02_filled12_,4240,0.189109533143513
939,7561,filled01_filled02_filled12_,4250,0.18866833088525095
941,7579,filled01_filled02_filled12_,4260,0.18872476524156465
944,7596,filled01_filled02_filled12_,4270,0.18888123371078605
946,7614,filled01_filled02_filled12_,4280,0.1889520341079893
948,7632,filled01_filled02_filled12_,4290,0.18881044460905994
950,7650,filled01_filled02_filled12_,4300,0.18855355004581456
952,7668,filled01_filled02_filled12_,4310,0.1882476251359808
952,7688,filled01_filled02_filled12_,4320,0.1878458536188609
953,7707,filled01_filled02_filled12_,4330,0.18768948908338892
954,7726,filled01_filled02_filled12_,4340,0.18738962820256108
955,7745,filled01_filled02_filled12_,4350,0.1874197704901733
956,7764,filled01_filled02_filled12_,4360,0.18713672777888535
958,7782,filled01_filled02_filled12_,4370,0.18725938219323657
958,7802,filled01_filled02_filled12_,4380,0.18685139622458538
958,7822,filled01_filled02_filled12_,4390,0.18686380850134118
961,7839,filled01_filled02_filled12_,4400,0.18661653003610423
962,7858,filled01_filled02_filled12_,4410,0.1865006724043082
964,7876,filled01_filled02_filled12_,4420,0.18651081163101857
966,7894,filled01_filled02_filled12_,4430,0.18661867974862037
968,7912,filled01_filled02_filled12_,4440,0.1865996423064644
971,7929,filled01_filled02_filled12_,4450,0.18645314607776095
977,7943,filled01_filled02_filled12_,4460,0.18670584982568014
980,7960,filled01_filled02_filled12_,4470,0.18679654627558276
981,7979,filled01_filled02_filled12_,4480,0.18683575815105383
982,7998,filled01_filled02_filled12_,4490,0.18658227020272902
983,8017,filled01_filled02_filled12_,4500,0.1865934169012121
983,8037,filled01_filled02_filled12_,4510,0.18644780197089192
983,8057,filled01_filled02_filled12_,4520,0.1864466152336595
983,8077,filled01_filled02_filled12_,4530,0.18613046130569624
986,8094,filled01_filled02_filled12_,4540,0.18598801364688544
988,8112,filled01_filled02_filled12_,4550,0.18590932904228666
990,8130,filled01_filled02_filled12_,4560,0.1859063814963676
993,8147,filled01_filled02_filled12_,4570,0.1859215216313118
994,8166,filled01_filled02_filled12_,4580,0.18575051132536655
996,8184,filled01_filled02_filled12_,4590,0.1857007504724537
997,8203,filled01_filled02_filled12_,4600,0.18547021281694587
998,8222,filled01_filled02_filled12_,4610,0.18542275560776922
1004,8236,filled01_filled02_filled12_,4620,0.18569609898882763
1004,8256,filled01_filled02_filled12_,4630,0.1852679891860145
1006,8274,filled01_filled02_filled12_,4640,0.18560077834848884
1009,8291,filled01_filled02_filled12_,4650,0.18581056800286888
1009,8311,filled01_filled02_filled12_,4660,0.18558415589541247
1009,8331,filled01_filled02_filled12_,4670,0.18553857229530715
1013,8347,filled01_filled02_filled12_,4680,0.18546019813030626
1014,8366,filled01_filled02_filled12_,4690,0.18530781527812548
1016,8384,filled01_filled02_filled12_,4700,0.18508173430823352
1024,8396,filled01_filled02_filled12_,4710,0.1855640112555913
1027,8413,filled01_filled02_filled12_,4720,0.18571137775128368
1030,8430,filled01_filled02_filled12_,4730,0.18566759794772691
1031,8449,filled01_filled02_filled12_,4740,0.18566662029662076
1033,8467,filled01_filled02_filled12_,4750,0.1857098340099607
1035,8485,filled01_filled02_filled12_,4760,0.1859555682807146
1039,8501,filled01_filled02_filled12_,4770,0.18634558912286867
1042,8518,filled01_filled02_filled12_,4780,0.18663905575121797
1044,8536,filled01_filled02_filled12_,4790,0.18662153140866297
1046,8554,filled01_filled02_filled12_,4800,0.18681127167834155
1049,8571,filled01_filled02_filled12_,4810,0.1869535727737548
1050,8590,filled01_filled02_filled12_,4820,0.1868338444375157
1051,8609,filled01_filled02_filled12_,4830,0.18666966131023507
1052,8628,filled01_filled02_filled12_,4840,0.1864484097662438
1058,8642,filled01_filled02_filled12_,4850,0.18657270525038683
1059,8661,filled01_filled02_filled12_,4860,0.1863207844645025
1062,8678,filled01_filled02_filled12_,4870,0.1864047635789856
1062,8698,filled01_filled02_filled12_,4880,0.1860540156442616
1065,8715,filled01_filled02_filled12_,4890,0.18582088794228638
1066,8734,filled01_filled02_filled12_,4900,0.18559180658016408
1068,8752,filled01_filled02_filled12_,4910,0.18544439883724065
1068,8772,filled01_filled02_filled12_,4920,0.18552735550361765
1068,8792,filled01_filled02_filled12_,4930,0.18529567383838985
1070,8810,filled01_filled02_filled12_,4940,0.1851937319934838
1072,8828,filled01_filled02_filled12_,4950,0.18497950994126378
1072,8848,filled01_filled02_filled12_,4960,0.18483784174429777
1072,8868,filled01_filled02_filled12_,4970,0.18476546792275717
1073,8887,filled01_filled02_filled12_,4980,0.1847789703487318
1078,8902,filled01_filled02_filled12_,4990,0.184904364242214
