size intersection,size union,state,k,mean JI
3,17,filled01_filled02_filled12_,10,0.20697167755991286
8,32,filled01_filled02_filled12_,20,0.30654430849091585
10,50,filled01_filled02_filled12_,30,0.31666666666666665
12,68,filled01_filled02_filled12_,40,0.28726175784999314
14,86,filled01_filled02_filled12_,50,0.25868689300273484
20,100,filled01_filled02_filled12_,60,0.30199042579994956
22,118,filled01_filled02_filled12_,70,0.31570595383274314
25,135,filled01_filled02_filled12_,80,0.3023255813953489
28,152,filled01_filled02_filled12_,90,0.2924009132954745
33,167,filled01_filled02_filled12_,100,0.30344635386698077
35,185,filled01_filled02_filled12_,110,0.29474684768802417
37,203,filled01_filled02_filled12_,120,0.29130828881984233
39,221,filled01_filled02_filled12_,130,0.2914668641677755
42,238,filled01_filled02_filled12_,140,0.2979893814808426
48,252,filled01_filled02_filled12_,150,0.30168369642053855
52,268,filled01_filled02_filled12_,160,0.2982459561577321
55,285,filled01_filled02_filled12_,170,0.3024107030165341
58,302,filled01_filled02_filled12_,180,0.29670322573800445
61,319,filled01_filled02_filled12_,190,0.29342299649429043
65,335,filled01_filled02_filled12_,200,0.2922464327205328
71,349,filled01_filled02_filled12_,210,0.2941148345721313
72,368,filled01_filled02_filled12_,220,0.29209425298118374
76,384,filled01_filled02_filled12_,230,0.2964022859856193
80,400,filled01_filled02_filled12_,240,0.29806128830519074
84,416,filled01_filled02_filled12_,250,0.2932332225810486
89,431,filled01_filled02_filled12_,260,0.2930557403898785
94,446,filled01_filled02_filled12_,270,0.29515488489875524
103,457,filled01_filled02_filled12_,280,0.30469883335436015
106,474,filled01_filled02_filled12_,290,0.3069801733133705
108,492,filled01_filled02_filled12_,300,0.303073711610297
113,507,filled01_filled02_filled12_,310,0.30942124375520247
115,525,filled01_filled02_filled12_,320,0.3010870469360862
119,541,filled01_filled02_filled12_,330,0.3021287217099928
124,556,filled01_filled02_filled12_,340,0.30431858127435185
126,574,filled01_filled02_filled12_,350,0.3008118199299306
132,588,filled01_filled02_filled12_,360,0.30267103732684786
135,605,filled01_filled02_filled12_,370,0.305939455672076
136,624,filled01_filled02_filled12_,380,0.3015485678200954
137,643,filled01_filled02_filled12_,390,0.29722847441413497
141,659,filled01_filled02_filled12_,400,0.3006415589564424
143,677,filled01_filled02_filled12_,410,0.29878597916562655
146,694,filled01_filled02_filled12_,420,0.29784335513512866
149,711,filled01_filled02_filled12_,430,0.2955452585709177
151,729,filled01_filled02_filled12_,440,0.2928078646949434
155,745,filled01_filled02_filled12_,450,0.2898728093289667
157,763,filled01_filled02_filled12_,460,0.2899777923401777
159,781,filled01_filled02_filled12_,470,0.29304044019757874
162,798,filled01_filled02_filled12_,480,0.29307073868184946
166,814,filled01_filled02_filled12_,490,0.2923686692053157
169,831,filled01_filled02_filled12_,500,0.2907189972857192
171,849,filled01_filled02_filled12_,510,0.28875610938020285
174,866,filled01_filled02_filled12_,520,0.28638853189101415
179,881,filled01_filled02_filled12_,530,0.28567925538888755
181,899,filled01_filled02_filled12_,540,0.2845737484816367
181,919,filled01_filled02_filled12_,550,0.2790977631972645
182,938,filled01_filled02_filled12_,560,0.2779055932713553
187,953,filled01_filled02_filled12_,570,0.2757919405222477
189,971,filled01_filled02_filled12_,580,0.27568975784536387
191,989,filled01_filled02_filled12_,590,0.27316381562335873
191,1009,filled01_filled02_filled12_,600,0.2713560306601512
192,1028,filled01_filled02_filled12_,610,0.2696032223070815
197,1043,filled01_filled02_filled12_,620,0.26859929573762886
201,1059,filled01_filled02_filled12_,630,0.2711952426901778
205,1075,filled01_filled02_filled12_,640,0.2741052865386541
207,1093,filled01_filled02_filled12_,650,0.2713289568217548
214,1106,filled01_filled02_filled12_,660,0.2737059038186312
215,1125,filled01_filled02_filled12_,670,0.27329131574069826
217,1143,filled01_filled02_filled12_,680,0.2709202874851256
220,1160,filled01_filled02_filled12_,690,0.27147281127392014
220,1180,filled01_filled02_filled12_,700,0.2686546821837718
224,1196,filled01_filled02_filled12_,710,0.2675905326768739
228,1212,filled01_filled02_filled12_,720,0.2668985312955265
232,1228,filled01_filled02_filled12_,730,0.2670110949005145
232,1248,filled01_filled02_filled12_,740,0.26463784906462545
233,1267,filled01_filled02_filled12_,750,0.26449920047725367
234,1286,filled01_filled02_filled12_,760,0.2620095471222848
237,1303,filled01_filled02_filled12_,770,0.26134386755766337
238,1322,filled01_filled02_filled12_,780,0.26031441219670964
240,1340,filled01_filled02_filled12_,790,0.2598102678094874
241,1359,filled01_filled02_filled12_,800,0.25832633851857306
244,1376,filled01_filled02_filled12_,810,0.2579481450867736
246,1394,filled01_filled02_filled12_,820,0.2585753077781665
247,1413,filled01_filled02_filled12_,830,0.25706455891078783
251,1429,filled01_filled02_filled12_,840,0.2563175777459654
254,1446,filled01_filled02_filled12_,850,0.2558866052139832
258,1462,filled01_filled02_filled12_,860,0.2572317523601984
261,1479,filled01_filled02_filled12_,870,0.257356050627992
262,1498,filled01_filled02_filled12_,880,0.2555809513807422
265,1515,filled01_filled02_filled12_,890,0.2551801675178457
266,1534,filled01_filled02_filled12_,900,0.25311959748821594
266,1554,filled01_filled02_filled12_,910,0.251737801058793
267,1573,filled01_filled02_filled12_,920,0.2497702075578144
267,1593,filled01_filled02_filled12_,930,0.24726717982339697
269,1611,filled01_filled02_filled12_,940,0.24723954649585364
272,1628,filled01_filled02_filled12_,950,0.2477045032239953
274,1646,filled01_filled02_filled12_,960,0.24751284622440772
278,1662,filled01_filled02_filled12_,970,0.2482000230221566
280,1680,filled01_filled02_filled12_,980,0.24865502698561207
281,1699,filled01_filled02_filled12_,990,0.24790985432424928
285,1715,filled01_filled02_filled12_,1000,0.24913805992271865
287,1733,filled01_filled02_filled12_,1010,0.2478399337663052
289,1751,filled01_filled02_filled12_,1020,0.2471889207709341
293,1767,filled01_filled02_filled12_,1030,0.2477631060972717
297,1783,filled01_filled02_filled12_,1040,0.2479703932755429
300,1800,filled01_filled02_filled12_,1050,0.2473216090559935
301,1819,filled01_filled02_filled12_,1060,0.2471488511256881
302,1838,filled01_filled02_filled12_,1070,0.24632379813040747
303,1857,filled01_filled02_filled12_,1080,0.2469767407213467
303,1877,filled01_filled02_filled12_,1090,0.24596367715631287
307,1893,filled01_filled02_filled12_,1100,0.24550071035318954
309,1911,filled01_filled02_filled12_,1110,0.24585170178939983
310,1930,filled01_filled02_filled12_,1120,0.24543467923101991
312,1948,filled01_filled02_filled12_,1130,0.24599419190300442
313,1967,filled01_filled02_filled12_,1140,0.24481646106004729
315,1985,filled01_filled02_filled12_,1150,0.2435110389692364
317,2003,filled01_filled02_filled12_,1160,0.24400568119950486
319,2021,filled01_filled02_filled12_,1170,0.24307110675340526
320,2040,filled01_filled02_filled12_,1180,0.2420963586018684
321,2059,filled01_filled02_filled12_,1190,0.24080638046717648
322,2078,filled01_filled02_filled12_,1200,0.2397407633320572
327,2093,filled01_filled02_filled12_,1210,0.2401414194892456
331,2109,filled01_filled02_filled12_,1220,0.24022604269700884
334,2126,filled01_filled02_filled12_,1230,0.23897891203776936
336,2144,filled01_filled02_filled12_,1240,0.23902934037512938
337,2163,filled01_filled02_filled12_,1250,0.23889953800007527
339,2181,filled01_filled02_filled12_,1260,0.23901266523377462
340,2200,filled01_filled02_filled12_,1270,0.23876238971754915
342,2218,filled01_filled02_filled12_,1280,0.23893575141730214
344,2236,filled01_filled02_filled12_,1290,0.23855954995545078
346,2254,filled01_filled02_filled12_,1300,0.23734250298757933
348,2272,filled01_filled02_filled12_,1310,0.23752225123647444
350,2290,filled01_filled02_filled12_,1320,0.23710578636279997
351,2309,filled01_filled02_filled12_,1330,0.23611773293759444
355,2325,filled01_filled02_filled12_,1340,0.23564113878543755
357,2343,filled01_filled02_filled12_,1350,0.2343829096781955
359,2361,filled01_filled02_filled12_,1360,0.23463380529640063
363,2377,filled01_filled02_filled12_,1370,0.23491946145827938
364,2396,filled01_filled02_filled12_,1380,0.23404330986771607
367,2413,filled01_filled02_filled12_,1390,0.23355391297241088
368,2432,filled01_filled02_filled12_,1400,0.23270184666770546
372,2448,filled01_filled02_filled12_,1410,0.23255203716877126
373,2467,filled01_filled02_filled12_,1420,0.23161096025789055
375,2485,filled01_filled02_filled12_,1430,0.23159635282005817
378,2502,filled01_filled02_filled12_,1440,0.2307688757928009
382,2518,filled01_filled02_filled12_,1450,0.2304799305025168
385,2535,filled01_filled02_filled12_,1460,0.23051757420711516
388,2552,filled01_filled02_filled12_,1470,0.23066127003066592
389,2571,filled01_filled02_filled12_,1480,0.2310779463791889
390,2590,filled01_filled02_filled12_,1490,0.23003796325624967
392,2608,filled01_filled02_filled12_,1500,0.22921087031094647
396,2624,filled01_filled02_filled12_,1510,0.22853908722285057
404,2636,filled01_filled02_filled12_,1520,0.22916900327706569
407,2653,filled01_filled02_filled12_,1530,0.22876554947102587
407,2673,filled01_filled02_filled12_,1540,0.2283323358896683
411,2689,filled01_filled02_filled12_,1550,0.2281299582043883
415,2705,filled01_filled02_filled12_,1560,0.22886096334454406
419,2721,filled01_filled02_filled12_,1570,0.22865798023481007
424,2736,filled01_filled02_filled12_,1580,0.22908503081921908
426,2754,filled01_filled02_filled12_,1590,0.22850471912497114
432,2768,filled01_filled02_filled12_,1600,0.22968556183593491
434,2786,filled01_filled02_filled12_,1610,0.22949389046386115
435,2805,filled01_filled02_filled12_,1620,0.22850526278199848
437,2823,filled01_filled02_filled12_,1630,0.22808541123076798
443,2837,filled01_filled02_filled12_,1640,0.2283995904704068
444,2856,filled01_filled02_filled12_,1650,0.22734240381299206
448,2872,filled01_filled02_filled12_,1660,0.22730057202645848
449,2891,filled01_filled02_filled12_,1670,0.22694817263182077
452,2908,filled01_filled02_filled12_,1680,0.22727574916836155
452,2928,filled01_filled02_filled12_,1690,0.22684123740570908
455,2945,filled01_filled02_filled12_,1700,0.22573031420615042
455,2965,filled01_filled02_filled12_,1710,0.22491198329862738
460,2980,filled01_filled02_filled12_,1720,0.22501471643037307
463,2997,filled01_filled02_filled12_,1730,0.22437766929703165
469,3011,filled01_filled02_filled12_,1740,0.2245272280074331
472,3028,filled01_filled02_filled12_,1750,0.22415831624073748
477,3043,filled01_filled02_filled12_,1760,0.22469219029143903
478,3062,filled01_filled02_filled12_,1770,0.2244623389614454
481,3079,filled01_filled02_filled12_,1780,0.22482550424132872
483,3097,filled01_filled02_filled12_,1790,0.22442542886737282
484,3116,filled01_filled02_filled12_,1800,0.22415770610661787
486,3134,filled01_filled02_filled12_,1810,0.22393336828726285
488,3152,filled01_filled02_filled12_,1820,0.22400310271494883
493,3167,filled01_filled02_filled12_,1830,0.22414673834960952
496,3184,filled01_filled02_filled12_,1840,0.224088397288605
498,3202,filled01_filled02_filled12_,1850,0.22350098693947698
499,3221,filled01_filled02_filled12_,1860,0.22337040765734248
503,3237,filled01_filled02_filled12_,1870,0.22347647602825615
505,3255,filled01_filled02_filled12_,1880,0.22350601452985744
508,3272,filled01_filled02_filled12_,1890,0.22309247209053004
510,3290,filled01_filled02_filled12_,1900,0.2230042116214445
513,3307,filled01_filled02_filled12_,1910,0.22311317759962004
515,3325,filled01_filled02_filled12_,1920,0.22361655813300754
518,3342,filled01_filled02_filled12_,1930,0.22356490207283097
518,3362,filled01_filled02_filled12_,1940,0.22324713331072077
522,3378,filled01_filled02_filled12_,1950,0.22389419247675124
523,3397,filled01_filled02_filled12_,1960,0.22349979009486023
525,3415,filled01_filled02_filled12_,1970,0.22325973327623758
529,3431,filled01_filled02_filled12_,1980,0.2236295942944282
532,3448,filled01_filled02_filled12_,1990,0.22346661882923047
533,3467,filled01_filled02_filled12_,2000,0.22372232800774464
537,3483,filled01_filled02_filled12_,2010,0.22393476589258912
540,3500,filled01_filled02_filled12_,2020,0.22429246944309147
543,3517,filled01_filled02_filled12_,2030,0.22461131338216522
549,3531,filled01_filled02_filled12_,2040,0.22514668471516017
552,3548,filled01_filled02_filled12_,2050,0.22479235488752777
554,3566,filled01_filled02_filled12_,2060,0.22437479661548645
558,3582,filled01_filled02_filled12_,2070,0.22494645990288573
560,3600,filled01_filled02_filled12_,2080,0.22489142597600884
563,3617,filled01_filled02_filled12_,2090,0.2247992594090621
564,3636,filled01_filled02_filled12_,2100,0.22442793633570793
564,3656,filled01_filled02_filled12_,2110,0.22419956908272587
568,3672,filled01_filled02_filled12_,2120,0.22511108811048372
570,3690,filled01_filled02_filled12_,2130,0.22538083305272752
573,3707,filled01_filled02_filled12_,2140,0.22486491673896436
577,3723,filled01_filled02_filled12_,2150,0.22435125600145692
578,3742,filled01_filled02_filled12_,2160,0.22384638668262355
581,3759,filled01_filled02_filled12_,2170,0.22415268620969367
583,3777,filled01_filled02_filled12_,2180,0.2240711604500675
584,3796,filled01_filled02_filled12_,2190,0.22326753666347063
588,3812,filled01_filled02_filled12_,2200,0.22304759588005044
591,3829,filled01_filled02_filled12_,2210,0.22283321939471668
593,3847,filled01_filled02_filled12_,2220,0.2221162539903286
596,3864,filled01_filled02_filled12_,2230,0.22211399814321994
599,3881,filled01_filled02_filled12_,2240,0.2222055023455312
602,3898,filled01_filled02_filled12_,2250,0.22223393722104343
606,3914,filled01_filled02_filled12_,2260,0.2219944447536528
608,3932,filled01_filled02_filled12_,2270,0.22153098164524065
611,3949,filled01_filled02_filled12_,2280,0.22172356459451015
615,3965,filled01_filled02_filled12_,2290,0.22198120973827398
617,3983,filled01_filled02_filled12_,2300,0.22119530975379664
621,3999,filled01_filled02_filled12_,2310,0.2214528230109147
625,4015,filled01_filled02_filled12_,2320,0.22190542529472004
627,4033,filled01_filled02_filled12_,2330,0.2221634050334048
629,4051,filled01_filled02_filled12_,2340,0.22206623431203235
633,4067,filled01_filled02_filled12_,2350,0.22241342650398802
635,4085,filled01_filled02_filled12_,2360,0.2220541664885309
636,4104,filled01_filled02_filled12_,2370,0.22173058837380177
636,4124,filled01_filled02_filled12_,2380,0.22141296092678267
638,4142,filled01_filled02_filled12_,2390,0.22194664779438744
638,4162,filled01_filled02_filled12_,2400,0.22163155567005577
644,4176,filled01_filled02_filled12_,2410,0.22162283837459018
644,4196,filled01_filled02_filled12_,2420,0.22134168150927033
649,4211,filled01_filled02_filled12_,2430,0.2215540854864405
652,4228,filled01_filled02_filled12_,2440,0.22148955848802698
656,4244,filled01_filled02_filled12_,2450,0.2215162598724154
660,4260,filled01_filled02_filled12_,2460,0.22200134491989076
660,4280,filled01_filled02_filled12_,2470,0.22160349699527063
661,4299,filled01_filled02_filled12_,2480,0.2216654865855576
663,4317,filled01_filled02_filled12_,2490,0.22133357645574128
665,4335,filled01_filled02_filled12_,2500,0.2209718427944026
666,4354,filled01_filled02_filled12_,2510,0.22052494588113358
667,4373,filled01_filled02_filled12_,2520,0.2197255263367118
667,4393,filled01_filled02_filled12_,2530,0.21896431501552685
668,4412,filled01_filled02_filled12_,2540,0.21897401403961847
668,4432,filled01_filled02_filled12_,2550,0.21869525193079117
673,4447,filled01_filled02_filled12_,2560,0.21893428668414905
675,4465,filled01_filled02_filled12_,2570,0.21868125920214312
676,4484,filled01_filled02_filled12_,2580,0.21843260190311942
676,4504,filled01_filled02_filled12_,2590,0.2179258793160153
678,4522,filled01_filled02_filled12_,2600,0.2175929668153753
679,4541,filled01_filled02_filled12_,2610,0.217091778159288
682,4558,filled01_filled02_filled12_,2620,0.21684915325980314
682,4578,filled01_filled02_filled12_,2630,0.21624427901761645
687,4593,filled01_filled02_filled12_,2640,0.21600717983646592
689,4611,filled01_filled02_filled12_,2650,0.21549189381481315
692,4628,filled01_filled02_filled12_,2660,0.2152866816166651
693,4647,filled01_filled02_filled12_,2670,0.21517123028678606
695,4665,filled01_filled02_filled12_,2680,0.21466565014163055
696,4684,filled01_filled02_filled12_,2690,0.21416611530600227
697,4703,filled01_filled02_filled12_,2700,0.21378024739396073
698,4722,filled01_filled02_filled12_,2710,0.213890759652982
701,4739,filled01_filled02_filled12_,2720,0.2136703725117913
704,4756,filled01_filled02_filled12_,2730,0.2136950016264291
704,4776,filled01_filled02_filled12_,2740,0.21283102852367783
708,4792,filled01_filled02_filled12_,2750,0.21318276115231258
710,4810,filled01_filled02_filled12_,2760,0.21275585425330382
713,4827,filled01_filled02_filled12_,2770,0.2128644030178659
713,4847,filled01_filled02_filled12_,2780,0.2125227180816908
716,4864,filled01_filled02_filled12_,2790,0.21236770079558143
719,4881,filled01_filled02_filled12_,2800,0.21258233238526245
719,4901,filled01_filled02_filled12_,2810,0.21237877995328272
722,4918,filled01_filled02_filled12_,2820,0.21175317873518695
726,4934,filled01_filled02_filled12_,2830,0.21238607365883855
726,4954,filled01_filled02_filled12_,2840,0.2121602291962108
727,4973,filled01_filled02_filled12_,2850,0.21219250579492543
729,4991,filled01_filled02_filled12_,2860,0.21170630846476626
729,5011,filled01_filled02_filled12_,2870,0.21138006833849843
733,5027,filled01_filled02_filled12_,2880,0.21110525882462328
735,5045,filled01_filled02_filled12_,2890,0.21083286398349385
739,5061,filled01_filled02_filled12_,2900,0.21137857619467196
741,5079,filled01_filled02_filled12_,2910,0.21164140024912526
742,5098,filled01_filled02_filled12_,2920,0.2112947499014591
744,5116,filled01_filled02_filled12_,2930,0.21135191685492352
747,5133,filled01_filled02_filled12_,2940,0.2111575638990729
748,5152,filled01_filled02_filled12_,2950,0.21079200841979195
750,5170,filled01_filled02_filled12_,2960,0.21105232554700568
754,5186,filled01_filled02_filled12_,2970,0.21100973271413634
761,5199,filled01_filled02_filled12_,2980,0.21101411947961154
763,5217,filled01_filled02_filled12_,2990,0.21080183950679585
764,5236,filled01_filled02_filled12_,3000,0.21051818798236824
766,5254,filled01_filled02_filled12_,3010,0.21035668390214668
767,5273,filled01_filled02_filled12_,3020,0.2099290721177158
767,5293,filled01_filled02_filled12_,3030,0.209456029097822
770,5310,filled01_filled02_filled12_,3040,0.20908191484057415
774,5326,filled01_filled02_filled12_,3050,0.20965156373124094
775,5345,filled01_filled02_filled12_,3060,0.20981143210804398
776,5364,filled01_filled02_filled12_,3070,0.20985153127974554
778,5382,filled01_filled02_filled12_,3080,0.209768309311102
780,5400,filled01_filled02_filled12_,3090,0.21028640939190935
780,5420,filled01_filled02_filled12_,3100,0.2096329206104303
781,5439,filled01_filled02_filled12_,3110,0.20952661951723486
782,5458,filled01_filled02_filled12_,3120,0.20902174539928495
782,5478,filled01_filled02_filled12_,3130,0.20899121463447692
782,5498,filled01_filled02_filled12_,3140,0.20856424852953803
784,5516,filled01_filled02_filled12_,3150,0.2086961790283873
788,5532,filled01_filled02_filled12_,3160,0.2087565677571643
788,5552,filled01_filled02_filled12_,3170,0.20854220773561294
789,5571,filled01_filled02_filled12_,3180,0.2082352699946272
791,5589,filled01_filled02_filled12_,3190,0.20834458328807756
793,5607,filled01_filled02_filled12_,3200,0.20799397771372563
795,5625,filled01_filled02_filled12_,3210,0.20805647590128898
800,5640,filled01_filled02_filled12_,3220,0.20836792718535438
804,5656,filled01_filled02_filled12_,3230,0.20877042064949378
806,5674,filled01_filled02_filled12_,3240,0.20830920034479813
808,5692,filled01_filled02_filled12_,3250,0.20823542083233204
808,5712,filled01_filled02_filled12_,3260,0.20771230511065006
812,5728,filled01_filled02_filled12_,3270,0.20757210666428547
815,5745,filled01_filled02_filled12_,3280,0.2075675438806501
817,5763,filled01_filled02_filled12_,3290,0.20718381461995197
820,5780,filled01_filled02_filled12_,3300,0.20698116241911882
821,5799,filled01_filled02_filled12_,3310,0.20695734186645723
823,5817,filled01_filled02_filled12_,3320,0.20675594006065304
825,5835,filled01_filled02_filled12_,3330,0.2062039599574418
826,5854,filled01_filled02_filled12_,3340,0.20591986784408037
827,5873,filled01_filled02_filled12_,3350,0.20537577172308605
828,5892,filled01_filled02_filled12_,3360,0.20507499236756033
832,5908,filled01_filled02_filled12_,3370,0.20555479801327717
832,5928,filled01_filled02_filled12_,3380,0.2050834748988564
835,5945,filled01_filled02_filled12_,3390,0.20502133573046777
837,5963,filled01_filled02_filled12_,3400,0.20506974752465643
837,5983,filled01_filled02_filled12_,3410,0.2047965370996293
842,5998,filled01_filled02_filled12_,3420,0.2050123683165143
845,6015,filled01_filled02_filled12_,3430,0.20469596085123043
847,6033,filled01_filled02_filled12_,3440,0.20465769741708603
851,6049,filled01_filled02_filled12_,3450,0.20487329413662916
855,6065,filled01_filled02_filled12_,3460,0.20510838160957667
857,6083,filled01_filled02_filled12_,3470,0.2047123083965056
857,6103,filled01_filled02_filled12_,3480,0.20415141526430006
857,6123,filled01_filled02_filled12_,3490,0.20397080115207808
861,6139,filled01_filled02_filled12_,3500,0.2041017839041199
864,6156,filled01_filled02_filled12_,3510,0.20415010209918097
868,6172,filled01_filled02_filled12_,3520,0.2042576773469994
869,6191,filled01_filled02_filled12_,3530,0.20401543968709765
869,6211,filled01_filled02_filled12_,3540,0.20359088788204205
870,6230,filled01_filled02_filled12_,3550,0.20325007918437588
871,6249,filled01_filled02_filled12_,3560,0.20313657897406254
874,6266,filled01_filled02_filled12_,3570,0.2027773965530922
876,6284,filled01_filled02_filled12_,3580,0.20262532523375645
879,6301,filled01_filled02_filled12_,3590,0.20243182731023998
880,6320,filled01_filled02_filled12_,3600,0.20256410211425438
883,6337,filled01_filled02_filled12_,3610,0.2024524730003491
885,6355,filled01_filled02_filled12_,3620,0.20232261739623592
888,6372,filled01_filled02_filled12_,3630,0.20213234774039768
890,6390,filled01_filled02_filled12_,3640,0.20156481225770542
894,6406,filled01_filled02_filled12_,3650,0.20171620302037238
894,6426,filled01_filled02_filled12_,3660,0.2011937135383697
897,6443,filled01_filled02_filled12_,3670,0.20098975160091767
901,6459,filled01_filled02_filled12_,3680,0.20106428065232837
902,6478,filled01_filled02_filled12_,3690,0.20092072358746146
904,6496,filled01_filled02_filled12_,3700,0.2005636108323889
905,6515,filled01_filled02_filled12_,3710,0.20022840689501997
907,6533,filled01_filled02_filled12_,3720,0.20008971599781336
910,6550,filled01_filled02_filled12_,3730,0.20037805954617902
913,6567,filled01_filled02_filled12_,3740,0.20049174528836175
915,6585,filled01_filled02_filled12_,3750,0.20015983095735243
915,6605,filled01_filled02_filled12_,3760,0.19990802463417212
916,6624,filled01_filled02_filled12_,3770,0.1996569783584636
918,6642,filled01_filled02_filled12_,3780,0.19955907796083605
918,6662,filled01_filled02_filled12_,3790,0.19974920935281007
920,6680,filled01_filled02_filled12_,3800,0.19969082718050432
920,6700,filled01_filled02_filled12_,3810,0.19955616446755728
922,6718,filled01_filled02_filled12_,3820,0.19936583691764617
923,6737,filled01_filled02_filled12_,3830,0.19898801542478087
925,6755,filled01_filled02_filled12_,3840,0.19919627398150816
927,6773,filled01_filled02_filled12_,3850,0.19902657034615745
928,6792,filled01_filled02_filled12_,3860,0.198822716164762
928,6812,filled01_filled02_filled12_,3870,0.1986389026092286
928,6832,filled01_filled02_filled12_,3880,0.1985658720192033
930,6850,filled01_filled02_filled12_,3890,0.19847362192865273
934,6866,filled01_filled02_filled12_,3900,0.19840063991587287
935,6885,filled01_filled02_filled12_,3910,0.19803369475187327
938,6902,filled01_filled02_filled12_,3920,0.1978343007747354
938,6922,filled01_filled02_filled12_,3930,0.19761804593214746
940,6940,filled01_filled02_filled12_,3940,0.1974946605419786
941,6959,filled01_filled02_filled12_,3950,0.19711714446772136
943,6977,filled01_filled02_filled12_,3960,0.19675812076475954
947,6993,filled01_filled02_filled12_,3970,0.1966535409891559
952,7008,filled01_filled02_filled12_,3980,0.19687772471856646
956,7024,filled01_filled02_filled12_,3990,0.19681119823002088
958,7042,filled01_filled02_filled12_,4000,0.19699510308152293
963,7057,filled01_filled02_filled12_,4010,0.1969822641675426
963,7077,filled01_filled02_filled12_,4020,0.1965054362468832
965,7095,filled01_filled02_filled12_,4030,0.19606731569516325
966,7114,filled01_filled02_filled12_,4040,0.19589826688174505
968,7132,filled01_filled02_filled12_,4050,0.19574594586005248
974,7146,filled01_filled02_filled12_,4060,0.19617810553776818
974,7166,filled01_filled02_filled12_,4070,0.19597365659416024
975,7185,filled01_filled02_filled12_,4080,0.19585999054838832
976,7204,filled01_filled02_filled12_,4090,0.19590277006242496
980,7220,filled01_filled02_filled12_,4100,0.19606995947958772
983,7237,filled01_filled02_filled12_,4110,0.19617986512981078
984,7256,filled01_filled02_filled12_,4120,0.19603013220361867
985,7275,filled01_filled02_filled12_,4130,0.19600306737606643
988,7292,filled01_filled02_filled12_,4140,0.19590563942907727
990,7310,filled01_filled02_filled12_,4150,0.19580948998277678
993,7327,filled01_filled02_filled12_,4160,0.19568085505951363
995,7345,filled01_filled02_filled12_,4170,0.19569037802812983
997,7363,filled01_filled02_filled12_,4180,0.19571583658414693
999,7381,filled01_filled02_filled12_,4190,0.19555313109214914
1001,7399,filled01_filled02_filled12_,4200,0.19535518478360958
1003,7417,filled01_filled02_filled12_,4210,0.19526182100399847
1008,7432,filled01_filled02_filled12_,4220,0.19534185334408463
1013,7447,filled01_filled02_filled12_,4230,0.1954218371552536
1014,7466,filled01_filled02_filled12_,4240,0.19514431694885204
1015,7485,filled01_filled02_filled12_,4250,0.19510455736271418
1018,7502,filled01_filled02_filled12_,4260,0.19487896648453973
1018,7522,filled01_filled02_filled12_,4270,0.1944372562302954
1021,7539,filled01_filled02_filled12_,4280,0.1941994992413364
1021,7559,filled01_filled02_filled12_,4290,0.19399558927548907
1024,7576,filled01_filled02_filled12_,4300,0.19399329041170973
1025,7595,filled01_filled02_filled12_,4310,0.19390636043494258
1026,7614,filled01_filled02_filled12_,4320,0.19360290658341028
1029,7631,filled01_filled02_filled12_,4330,0.19325492453275203
1031,7649,filled01_filled02_filled12_,4340,0.19311936902606563
1033,7667,filled01_filled02_filled12_,4350,0.19309941611453893
1035,7685,filled01_filled02_filled12_,4360,0.19301486006119903
1037,7703,filled01_filled02_filled12_,4370,0.19294539310100534
1039,7721,filled01_filled02_filled12_,4380,0.1927621682834738
1042,7738,filled01_filled02_filled12_,4390,0.19285638189150137
1042,7758,filled01_filled02_filled12_,4400,0.19273979990525125
1044,7776,filled01_filled02_filled12_,4410,0.19247980633384812
1045,7795,filled01_filled02_filled12_,4420,0.19222185337686368
1048,7812,filled01_filled02_filled12_,4430,0.19212554265766868
1049,7831,filled01_filled02_filled12_,4440,0.1919965683810616
1051,7849,filled01_filled02_filled12_,4450,0.19180424709765487
1052,7868,filled01_filled02_filled12_,4460,0.19158494191847794
1054,7886,filled01_filled02_filled12_,4470,0.19139456260133914
1054,7906,filled01_filled02_filled12_,4480,0.19123494603415714
1059,7921,filled01_filled02_filled12_,4490,0.19130032259566795
1061,7939,filled01_filled02_filled12_,4500,0.1912709363599321
1064,7956,filled01_filled02_filled12_,4510,0.19162073355219755
1064,7976,filled01_filled02_filled12_,4520,0.19151009332990268
1067,7993,filled01_filled02_filled12_,4530,0.19162375858913772
1069,8011,filled01_filled02_filled12_,4540,0.19156001488781813
1070,8030,filled01_filled02_filled12_,4550,0.19159295613351415
1070,8050,filled01_filled02_filled12_,4560,0.19143572516807061
1072,8068,filled01_filled02_filled12_,4570,0.19154356848306917
1076,8084,filled01_filled02_filled12_,4580,0.19214709552498085
1081,8099,filled01_filled02_filled12_,4590,0.19210004646500745
1082,8118,filled01_filled02_filled12_,4600,0.19209821918940254
1084,8136,filled01_filled02_filled12_,4610,0.19209571731937133
1085,8155,filled01_filled02_filled12_,4620,0.1920469673211105
1088,8172,filled01_filled02_filled12_,4630,0.1923067647596274
1089,8191,filled01_filled02_filled12_,4640,0.19222981250119844
1090,8210,filled01_filled02_filled12_,4650,0.192031808380714
1090,8230,filled01_filled02_filled12_,4660,0.1918633350435799
1093,8247,filled01_filled02_filled12_,4670,0.1917863959957018
1096,8264,filled01_filled02_filled12_,4680,0.19160816845063777
1097,8283,filled01_filled02_filled12_,4690,0.19142727868339593
1101,8299,filled01_filled02_filled12_,4700,0.19144355765214835
1103,8317,filled01_filled02_filled12_,4710,0.19132286854441485
1106,8334,filled01_filled02_filled12_,4720,0.19141333856848744
1110,8350,filled01_filled02_filled12_,4730,0.1916269318036892
1114,8366,filled01_filled02_filled12_,4740,0.19166151395060207
1116,8384,filled01_filled02_filled12_,4750,0.19142287616419407
1117,8403,filled01_filled02_filled12_,4760,0.19130421468590952
1117,8423,filled01_filled02_filled12_,4770,0.19091892932693835
1123,8437,filled01_filled02_filled12_,4780,0.19148821538931737
1125,8455,filled01_filled02_filled12_,4790,0.19151893722840052
1127,8473,filled01_filled02_filled12_,4800,0.1912964380434097
1129,8491,filled01_filled02_filled12_,4810,0.19135394617299484
1131,8509,filled01_filled02_filled12_,4820,0.19136625859925874
1131,8529,filled01_filled02_filled12_,4830,0.19119189169434367
1132,8548,filled01_filled02_filled12_,4840,0.1910889771002089
1132,8568,filled01_filled02_filled12_,4850,0.19107185922107014
1132,8588,filled01_filled02_filled12_,4860,0.1910864053102904
1134,8606,filled01_filled02_filled12_,4870,0.19113079367202232
1139,8621,filled01_filled02_filled12_,4880,0.19092864326717027
1139,8641,filled01_filled02_filled12_,4890,0.19078384047607
1140,8660,filled01_filled02_filled12_,4900,0.19049765758822926
1143,8677,filled01_filled02_filled12_,4910,0.19034394068666258
1147,8693,filled01_filled02_filled12_,4920,0.19055108189553605
1148,8712,filled01_filled02_filled12_,4930,0.19071066750328472
1150,8730,filled01_filled02_filled12_,4940,0.19062810712878633
1153,8747,filled01_filled02_filled12_,4950,0.19048841785687143
1155,8765,filled01_filled02_filled12_,4960,0.19027554143847233
1157,8783,filled01_filled02_filled12_,4970,0.18995062511163593
1158,8802,filled01_filled02_filled12_,4980,0.18980979419554136
1159,8821,filled01_filled02_filled12_,4990,0.18948803388126445
