size intersection,size union,state,k,mean JI
5,15,filled01_filled02_filled12_,10,0.4166666666666667
7,33,filled01_filled02_filled12_,20,0.29002442727932926
11,49,filled01_filled02_filled12_,30,0.3209837781266353
14,66,filled01_filled02_filled12_,40,0.3090177796060149
19,81,filled01_filled02_filled12_,50,0.2966319707806074
23,97,filled01_filled02_filled12_,60,0.3084107379810146
27,113,filled01_filled02_filled12_,70,0.3117321023163809
30,130,filled01_filled02_filled12_,80,0.30812397479064146
33,147,filled01_filled02_filled12_,90,0.3177703513837968
35,165,filled01_filled02_filled12_,100,0.32336498190156726
41,179,filled01_filled02_filled12_,110,0.3321873657069188
44,196,filled01_filled02_filled12_,120,0.3250241821670393
47,213,filled01_filled02_filled12_,130,0.3119962958919177
51,229,filled01_filled02_filled12_,140,0.3151831006399664
56,244,filled01_filled02_filled12_,150,0.3132552845010108
59,261,filled01_filled02_filled12_,160,0.307587363326617
64,276,filled01_filled02_filled12_,170,0.31187652926783366
66,294,filled01_filled02_filled12_,180,0.30137354876030836
71,309,filled01_filled02_filled12_,190,0.30427758754666095
75,325,filled01_filled02_filled12_,200,0.3069033089174076
81,339,filled01_filled02_filled12_,210,0.30248984054293787
83,357,filled01_filled02_filled12_,220,0.2961189071089516
86,374,filled01_filled02_filled12_,230,0.2955415071633329
89,391,filled01_filled02_filled12_,240,0.29159334069150994
92,408,filled01_filled02_filled12_,250,0.29171693899176077
93,427,filled01_filled02_filled12_,260,0.28992784225052376
97,443,filled01_filled02_filled12_,270,0.2910823780995398
101,459,filled01_filled02_filled12_,280,0.2925724422604754
102,478,filled01_filled02_filled12_,290,0.28724540959230954
105,495,filled01_filled02_filled12_,300,0.2809156780639272
106,514,filled01_filled02_filled12_,310,0.2816657809871093
109,531,filled01_filled02_filled12_,320,0.2814085953046709
111,549,filled01_filled02_filled12_,330,0.27898946701512634
115,565,filled01_filled02_filled12_,340,0.2794516856356509
118,582,filled01_filled02_filled12_,350,0.27890066690634013
122,598,filled01_filled02_filled12_,360,0.2813377926421405
125,615,filled01_filled02_filled12_,370,0.2819918452521904
128,632,filled01_filled02_filled12_,380,0.28141631980749965
130,650,filled01_filled02_filled12_,390,0.2823747680890538
135,665,filled01_filled02_filled12_,400,0.2850967999709418
136,684,filled01_filled02_filled12_,410,0.2818747245896133
139,701,filled01_filled02_filled12_,420,0.28307876170942464
142,718,filled01_filled02_filled12_,430,0.28279341278412773
148,732,filled01_filled02_filled12_,440,0.28209267583351755
149,751,filled01_filled02_filled12_,450,0.28130612631670043
152,768,filled01_filled02_filled12_,460,0.2823573087515929
153,787,filled01_filled02_filled12_,470,0.2785979298798433
158,802,filled01_filled02_filled12_,480,0.28143083039118727
160,820,filled01_filled02_filled12_,490,0.2793104414028153
162,838,filled01_filled02_filled12_,500,0.27659037790561286
167,853,filled01_filled02_filled12_,510,0.27585395203883073
170,870,filled01_filled02_filled12_,520,0.2729306671571357
172,888,filled01_filled02_filled12_,530,0.26879891940132905
173,907,filled01_filled02_filled12_,540,0.27007702510412845
180,920,filled01_filled02_filled12_,550,0.2708309927723477
183,937,filled01_filled02_filled12_,560,0.2702955479246791
184,956,filled01_filled02_filled12_,570,0.26970574578501966
184,976,filled01_filled02_filled12_,580,0.26749792945306017
187,993,filled01_filled02_filled12_,590,0.26843059061433283
194,1006,filled01_filled02_filled12_,600,0.27011403052926813
197,1023,filled01_filled02_filled12_,610,0.2675273935333438
199,1041,filled01_filled02_filled12_,620,0.2661069619470822
207,1053,filled01_filled02_filled12_,630,0.2678986003047554
208,1072,filled01_filled02_filled12_,640,0.2658603732244274
211,1089,filled01_filled02_filled12_,650,0.2654048505379495
214,1106,filled01_filled02_filled12_,660,0.2655518183807844
216,1124,filled01_filled02_filled12_,670,0.2642699818747532
220,1140,filled01_filled02_filled12_,680,0.2642983028128865
222,1158,filled01_filled02_filled12_,690,0.2663652508587871
225,1175,filled01_filled02_filled12_,700,0.2663714166776687
228,1192,filled01_filled02_filled12_,710,0.26524096109734063
228,1212,filled01_filled02_filled12_,720,0.26170813152325284
229,1231,filled01_filled02_filled12_,730,0.2589422992655986
229,1251,filled01_filled02_filled12_,740,0.25823041400129626
230,1270,filled01_filled02_filled12_,750,0.256883702159113
231,1289,filled01_filled02_filled12_,760,0.25557565638589796
237,1303,filled01_filled02_filled12_,770,0.25466664365916375
240,1320,filled01_filled02_filled12_,780,0.25299141502067496
243,1337,filled01_filled02_filled12_,790,0.25267597277719966
248,1352,filled01_filled02_filled12_,800,0.2518613705879524
253,1367,filled01_filled02_filled12_,810,0.2532216204566584
254,1386,filled01_filled02_filled12_,820,0.25234540132699207
256,1404,filled01_filled02_filled12_,830,0.2539745843305294
259,1421,filled01_filled02_filled12_,840,0.2534816149876544
260,1440,filled01_filled02_filled12_,850,0.25394637099584094
260,1460,filled01_filled02_filled12_,860,0.25154199769003666
262,1478,filled01_filled02_filled12_,870,0.252279396467679
265,1495,filled01_filled02_filled12_,880,0.2522757112434461
266,1514,filled01_filled02_filled12_,890,0.25014784253369604
269,1531,filled01_filled02_filled12_,900,0.24963837948204
270,1550,filled01_filled02_filled12_,910,0.2479419179549456
270,1570,filled01_filled02_filled12_,920,0.24629669416571479
271,1589,filled01_filled02_filled12_,930,0.24375568511462195
272,1608,filled01_filled02_filled12_,940,0.24295007766815832
273,1627,filled01_filled02_filled12_,950,0.24083959842369196
274,1646,filled01_filled02_filled12_,960,0.23974442690224632
278,1662,filled01_filled02_filled12_,970,0.239300402772589
280,1680,filled01_filled02_filled12_,980,0.23958871740041873
280,1700,filled01_filled02_filled12_,990,0.23745281325118298
283,1717,filled01_filled02_filled12_,1000,0.2379804028884893
286,1734,filled01_filled02_filled12_,1010,0.23704318205890576
289,1751,filled01_filled02_filled12_,1020,0.23703168510574246
294,1766,filled01_filled02_filled12_,1030,0.23663527016334296
295,1785,filled01_filled02_filled12_,1040,0.23685893131042066
298,1802,filled01_filled02_filled12_,1050,0.23663009742148108
302,1818,filled01_filled02_filled12_,1060,0.23705916566628613
305,1835,filled01_filled02_filled12_,1070,0.23683421304193164
307,1853,filled01_filled02_filled12_,1080,0.23647550490899513
308,1872,filled01_filled02_filled12_,1090,0.23669819697807634
311,1889,filled01_filled02_filled12_,1100,0.23719099744170724
311,1909,filled01_filled02_filled12_,1110,0.23608152658795864
312,1928,filled01_filled02_filled12_,1120,0.23561159134436285
314,1946,filled01_filled02_filled12_,1130,0.235489710328732
315,1965,filled01_filled02_filled12_,1140,0.23442922998274462
319,1981,filled01_filled02_filled12_,1150,0.23463698755562815
322,1998,filled01_filled02_filled12_,1160,0.23498765677186426
324,2016,filled01_filled02_filled12_,1170,0.23487848215532312
326,2034,filled01_filled02_filled12_,1180,0.23371737136001813
330,2050,filled01_filled02_filled12_,1190,0.23378830934223463
336,2064,filled01_filled02_filled12_,1200,0.2343071167225177
337,2083,filled01_filled02_filled12_,1210,0.23299565608447384
340,2100,filled01_filled02_filled12_,1220,0.23390391433377744
342,2118,filled01_filled02_filled12_,1230,0.2341167217065384
346,2134,filled01_filled02_filled12_,1240,0.2341350780975339
348,2152,filled01_filled02_filled12_,1250,0.23347856950744791
349,2171,filled01_filled02_filled12_,1260,0.23284013440684034
352,2188,filled01_filled02_filled12_,1270,0.23232585553730326
353,2207,filled01_filled02_filled12_,1280,0.23134347070809527
357,2223,filled01_filled02_filled12_,1290,0.23131551544501328
358,2242,filled01_filled02_filled12_,1300,0.23035766209557615
360,2260,filled01_filled02_filled12_,1310,0.22917818699653839
365,2275,filled01_filled02_filled12_,1320,0.22910853191752067
368,2292,filled01_filled02_filled12_,1330,0.22870328427478562
372,2308,filled01_filled02_filled12_,1340,0.22802147643653026
372,2328,filled01_filled02_filled12_,1350,0.2267388725668794
374,2346,filled01_filled02_filled12_,1360,0.2268095644054723
377,2363,filled01_filled02_filled12_,1370,0.22692672025585217
382,2378,filled01_filled02_filled12_,1380,0.22666045027366832
387,2393,filled01_filled02_filled12_,1390,0.2279292099441662
389,2411,filled01_filled02_filled12_,1400,0.2275583799400763
394,2426,filled01_filled02_filled12_,1410,0.22895673159735033
397,2443,filled01_filled02_filled12_,1420,0.22815337249796308
399,2461,filled01_filled02_filled12_,1430,0.22704490682971237
402,2478,filled01_filled02_filled12_,1440,0.22684726158344107
405,2495,filled01_filled02_filled12_,1450,0.2265427230864309
409,2511,filled01_filled02_filled12_,1460,0.22707510973853687
410,2530,filled01_filled02_filled12_,1470,0.2262623540334668
412,2548,filled01_filled02_filled12_,1480,0.22648500923863826
416,2564,filled01_filled02_filled12_,1490,0.2266031504088324
419,2581,filled01_filled02_filled12_,1500,0.22657006300999852
420,2600,filled01_filled02_filled12_,1510,0.22618033566441945
423,2617,filled01_filled02_filled12_,1520,0.22654574585928897
424,2636,filled01_filled02_filled12_,1530,0.2259190967627959
426,2654,filled01_filled02_filled12_,1540,0.22583713764213953
429,2671,filled01_filled02_filled12_,1550,0.226151876643601
430,2690,filled01_filled02_filled12_,1560,0.22515551234731687
433,2707,filled01_filled02_filled12_,1570,0.22627234290435908
435,2725,filled01_filled02_filled12_,1580,0.22657424863563244
437,2743,filled01_filled02_filled12_,1590,0.22573190657111283
439,2761,filled01_filled02_filled12_,1600,0.22613080051677925
443,2777,filled01_filled02_filled12_,1610,0.2270434372091578
448,2792,filled01_filled02_filled12_,1620,0.22733010945591603
449,2811,filled01_filled02_filled12_,1630,0.22641026616993498
449,2831,filled01_filled02_filled12_,1640,0.2258301348599272
453,2847,filled01_filled02_filled12_,1650,0.2259827668604233
459,2861,filled01_filled02_filled12_,1660,0.22608408276087522
459,2881,filled01_filled02_filled12_,1670,0.22564615524785067
462,2898,filled01_filled02_filled12_,1680,0.22534815595285437
467,2913,filled01_filled02_filled12_,1690,0.22581144997782757
468,2932,filled01_filled02_filled12_,1700,0.22609731436560462
471,2949,filled01_filled02_filled12_,1710,0.225357723217266
471,2969,filled01_filled02_filled12_,1720,0.22467795141644067
473,2987,filled01_filled02_filled12_,1730,0.22535906895845068
474,3006,filled01_filled02_filled12_,1740,0.22455358991448268
477,3023,filled01_filled02_filled12_,1750,0.22457673899074146
479,3041,filled01_filled02_filled12_,1760,0.2237414199967754
481,3059,filled01_filled02_filled12_,1770,0.22372663625142797
484,3076,filled01_filled02_filled12_,1780,0.22328730440895503
485,3095,filled01_filled02_filled12_,1790,0.2233217220642584
488,3112,filled01_filled02_filled12_,1800,0.22373064181764776
491,3129,filled01_filled02_filled12_,1810,0.2235911156562863
495,3145,filled01_filled02_filled12_,1820,0.2243231997899452
498,3162,filled01_filled02_filled12_,1830,0.22443160510488946
503,3177,filled01_filled02_filled12_,1840,0.22391901225354094
505,3195,filled01_filled02_filled12_,1850,0.2230901829813338
507,3213,filled01_filled02_filled12_,1860,0.2227546051585764
511,3229,filled01_filled02_filled12_,1870,0.22214353943873621
514,3246,filled01_filled02_filled12_,1880,0.2226174555513092
515,3265,filled01_filled02_filled12_,1890,0.22213392901778953
517,3283,filled01_filled02_filled12_,1900,0.22149635776718224
520,3300,filled01_filled02_filled12_,1910,0.22130368430471314
522,3318,filled01_filled02_filled12_,1920,0.2215729706785142
525,3335,filled01_filled02_filled12_,1930,0.2209100726107993
528,3352,filled01_filled02_filled12_,1940,0.22164575474067752
531,3369,filled01_filled02_filled12_,1950,0.22152855300610189
537,3383,filled01_filled02_filled12_,1960,0.22205929259997848
541,3399,filled01_filled02_filled12_,1970,0.2218237557391085
543,3417,filled01_filled02_filled12_,1980,0.22121431314502585
547,3433,filled01_filled02_filled12_,1990,0.2212145537470088
548,3452,filled01_filled02_filled12_,2000,0.2211767196550226
549,3471,filled01_filled02_filled12_,2010,0.22061707733131852
552,3488,filled01_filled02_filled12_,2020,0.2201724906363619
558,3502,filled01_filled02_filled12_,2030,0.22083820221218872
559,3521,filled01_filled02_filled12_,2040,0.22058082371529128
560,3540,filled01_filled02_filled12_,2050,0.22036704834014087
560,3560,filled01_filled02_filled12_,2060,0.21957290507048466
563,3577,filled01_filled02_filled12_,2070,0.22001358687819839
563,3597,filled01_filled02_filled12_,2080,0.2192292681547725
564,3616,filled01_filled02_filled12_,2090,0.2182759211675104
568,3632,filled01_filled02_filled12_,2100,0.21822322051379403
570,3650,filled01_filled02_filled12_,2110,0.21770495380435054
573,3667,filled01_filled02_filled12_,2120,0.2175432447901551
575,3685,filled01_filled02_filled12_,2130,0.21727865124386492
577,3703,filled01_filled02_filled12_,2140,0.21726039267921823
577,3723,filled01_filled02_filled12_,2150,0.21703552398978068
581,3739,filled01_filled02_filled12_,2160,0.21757080862137637
583,3757,filled01_filled02_filled12_,2170,0.2172457843822516
586,3774,filled01_filled02_filled12_,2180,0.2172653918243459
589,3791,filled01_filled02_filled12_,2190,0.21707888230649908
591,3809,filled01_filled02_filled12_,2200,0.21719674599587338
594,3826,filled01_filled02_filled12_,2210,0.21714624763551416
597,3843,filled01_filled02_filled12_,2220,0.21759850739098466
602,3858,filled01_filled02_filled12_,2230,0.2178154569007921
603,3877,filled01_filled02_filled12_,2240,0.2174000535211914
606,3894,filled01_filled02_filled12_,2250,0.21734953611976973
610,3910,filled01_filled02_filled12_,2260,0.21752917354499982
612,3928,filled01_filled02_filled12_,2270,0.21728129938325805
616,3944,filled01_filled02_filled12_,2280,0.2174598799852826
618,3962,filled01_filled02_filled12_,2290,0.2174424800479627
619,3981,filled01_filled02_filled12_,2300,0.21723083014768843
620,4000,filled01_filled02_filled12_,2310,0.21683033684978617
621,4019,filled01_filled02_filled12_,2320,0.21704210889027323
621,4039,filled01_filled02_filled12_,2330,0.21651624041624706
625,4055,filled01_filled02_filled12_,2340,0.21688546781601128
627,4073,filled01_filled02_filled12_,2350,0.2164616459214693
633,4087,filled01_filled02_filled12_,2360,0.21698585126016542
635,4105,filled01_filled02_filled12_,2370,0.21662597667968983
638,4122,filled01_filled02_filled12_,2380,0.2169253909848066
640,4140,filled01_filled02_filled12_,2390,0.21688109603729758
642,4158,filled01_filled02_filled12_,2400,0.21758370583932565
642,4178,filled01_filled02_filled12_,2410,0.21781685757853608
644,4196,filled01_filled02_filled12_,2420,0.2182623166988317
648,4212,filled01_filled02_filled12_,2430,0.2182104355185737
651,4229,filled01_filled02_filled12_,2440,0.21797598701237728
654,4246,filled01_filled02_filled12_,2450,0.2181409744497003
656,4264,filled01_filled02_filled12_,2460,0.21754638851907093
661,4279,filled01_filled02_filled12_,2470,0.21765006449074029
663,4297,filled01_filled02_filled12_,2480,0.2172737078863092
665,4315,filled01_filled02_filled12_,2490,0.2170200943457262
666,4334,filled01_filled02_filled12_,2500,0.21656100335728412
669,4351,filled01_filled02_filled12_,2510,0.2167304638096793
671,4369,filled01_filled02_filled12_,2520,0.2165716142176952
675,4385,filled01_filled02_filled12_,2530,0.21647231538082767
676,4404,filled01_filled02_filled12_,2540,0.21613996857135231
678,4422,filled01_filled02_filled12_,2550,0.2157535469724644
679,4441,filled01_filled02_filled12_,2560,0.2152237478313667
684,4456,filled01_filled02_filled12_,2570,0.21559055206882338
685,4475,filled01_filled02_filled12_,2580,0.215065622893961
687,4493,filled01_filled02_filled12_,2590,0.21531967766428914
689,4511,filled01_filled02_filled12_,2600,0.21508521586030657
689,4531,filled01_filled02_filled12_,2610,0.21550778602268228
689,4551,filled01_filled02_filled12_,2620,0.21468120949179592
691,4569,filled01_filled02_filled12_,2630,0.2148745527992788
691,4589,filled01_filled02_filled12_,2640,0.21470221835507733
695,4605,filled01_filled02_filled12_,2650,0.21472597458973727
695,4625,filled01_filled02_filled12_,2660,0.21411118535282916
696,4644,filled01_filled02_filled12_,2670,0.2137211211365071
697,4663,filled01_filled02_filled12_,2680,0.21325555847364752
700,4680,filled01_filled02_filled12_,2690,0.21262423423209076
702,4698,filled01_filled02_filled12_,2700,0.21254412864071762
704,4716,filled01_filled02_filled12_,2710,0.21230467766626682
704,4736,filled01_filled02_filled12_,2720,0.21217275565101654
707,4753,filled01_filled02_filled12_,2730,0.21201700466980566
707,4773,filled01_filled02_filled12_,2740,0.21194356417822194
709,4791,filled01_filled02_filled12_,2750,0.2117914672307921
710,4810,filled01_filled02_filled12_,2760,0.21134269652791948
714,4826,filled01_filled02_filled12_,2770,0.21111012101588256
715,4845,filled01_filled02_filled12_,2780,0.2107230262893709
719,4861,filled01_filled02_filled12_,2790,0.21057499065908716
719,4881,filled01_filled02_filled12_,2800,0.2102989761993439
722,4898,filled01_filled02_filled12_,2810,0.21007562519882036
722,4918,filled01_filled02_filled12_,2820,0.20966954569488483
727,4933,filled01_filled02_filled12_,2830,0.21018245476296893
731,4949,filled01_filled02_filled12_,2840,0.21052987120503577
732,4968,filled01_filled02_filled12_,2850,0.21056549955666093
735,4985,filled01_filled02_filled12_,2860,0.2109893901678568
735,5005,filled01_filled02_filled12_,2870,0.21064069933213714
735,5025,filled01_filled02_filled12_,2880,0.21057592598768615
736,5044,filled01_filled02_filled12_,2890,0.21053414404129034
738,5062,filled01_filled02_filled12_,2900,0.21054965541182555
739,5081,filled01_filled02_filled12_,2910,0.21018222632699032
743,5097,filled01_filled02_filled12_,2920,0.21014248406911287
744,5116,filled01_filled02_filled12_,2930,0.2097028391005186
745,5135,filled01_filled02_filled12_,2940,0.20951815413009486
747,5153,filled01_filled02_filled12_,2950,0.20933301302262805
748,5172,filled01_filled02_filled12_,2960,0.20892431401125158
748,5192,filled01_filled02_filled12_,2970,0.20869400542925431
750,5210,filled01_filled02_filled12_,2980,0.20829483282520914
753,5227,filled01_filled02_filled12_,2990,0.20828712534238225
753,5247,filled01_filled02_filled12_,3000,0.20808426286186213
754,5266,filled01_filled02_filled12_,3010,0.20790977393034626
755,5285,filled01_filled02_filled12_,3020,0.2078558327269678
757,5303,filled01_filled02_filled12_,3030,0.20780055418395627
760,5320,filled01_filled02_filled12_,3040,0.20769858135451136
765,5335,filled01_filled02_filled12_,3050,0.20795958706654627
766,5354,filled01_filled02_filled12_,3060,0.20783327471609617
766,5374,filled01_filled02_filled12_,3070,0.20787754362405017
767,5393,filled01_filled02_filled12_,3080,0.20744572684081344
768,5412,filled01_filled02_filled12_,3090,0.20739478045380907
774,5426,filled01_filled02_filled12_,3100,0.20793306629253816
776,5444,filled01_filled02_filled12_,3110,0.20748128705562907
779,5461,filled01_filled02_filled12_,3120,0.20754800578253116
783,5477,filled01_filled02_filled12_,3130,0.20789778024922204
785,5495,filled01_filled02_filled12_,3140,0.2076365530659515
785,5515,filled01_filled02_filled12_,3150,0.20740238232223232
787,5533,filled01_filled02_filled12_,3160,0.20728005743164443
789,5551,filled01_filled02_filled12_,3170,0.20713704518902168
790,5570,filled01_filled02_filled12_,3180,0.20663021191377143
791,5589,filled01_filled02_filled12_,3190,0.20661037680960748
791,5609,filled01_filled02_filled12_,3200,0.20651714206087438
793,5627,filled01_filled02_filled12_,3210,0.206036949068521
799,5641,filled01_filled02_filled12_,3220,0.2060583881232145
800,5660,filled01_filled02_filled12_,3230,0.20617273146949602
802,5678,filled01_filled02_filled12_,3240,0.2066021710141801
805,5695,filled01_filled02_filled12_,3250,0.20696428342738735
806,5714,filled01_filled02_filled12_,3260,0.20667023972887985
807,5733,filled01_filled02_filled12_,3270,0.20633627723719358
808,5752,filled01_filled02_filled12_,3280,0.20586880827537782
809,5771,filled01_filled02_filled12_,3290,0.20549290562940026
812,5788,filled01_filled02_filled12_,3300,0.20540627186786367
815,5805,filled01_filled02_filled12_,3310,0.20556299805887165
818,5822,filled01_filled02_filled12_,3320,0.2058735090525944
821,5839,filled01_filled02_filled12_,3330,0.20589431319104143
824,5856,filled01_filled02_filled12_,3340,0.20563330688801965
825,5875,filled01_filled02_filled12_,3350,0.20552528789635652
829,5891,filled01_filled02_filled12_,3360,0.20578486701697088
830,5910,filled01_filled02_filled12_,3370,0.20574326118732525
830,5930,filled01_filled02_filled12_,3380,0.20529327282511797
831,5949,filled01_filled02_filled12_,3390,0.20491020274099955
834,5966,filled01_filled02_filled12_,3400,0.2051047035523855
837,5983,filled01_filled02_filled12_,3410,0.20536785931034318
839,6001,filled01_filled02_filled12_,3420,0.20539147176782158
841,6019,filled01_filled02_filled12_,3430,0.205265340623718
843,6037,filled01_filled02_filled12_,3440,0.20529363649405408
846,6054,filled01_filled02_filled12_,3450,0.20525588814070073
849,6071,filled01_filled02_filled12_,3460,0.2053420090450433
852,6088,filled01_filled02_filled12_,3470,0.20534384066728453
854,6106,filled01_filled02_filled12_,3480,0.20499362668576374
856,6124,filled01_filled02_filled12_,3490,0.20499809094128582
859,6141,filled01_filled02_filled12_,3500,0.2053134571885092
862,6158,filled01_filled02_filled12_,3510,0.20525714822657246
863,6177,filled01_filled02_filled12_,3520,0.20497112766155226
865,6195,filled01_filled02_filled12_,3530,0.20481124221096692
865,6215,filled01_filled02_filled12_,3540,0.20456820242501772
866,6234,filled01_filled02_filled12_,3550,0.2045319610472105
869,6251,filled01_filled02_filled12_,3560,0.20439197489695846
871,6269,filled01_filled02_filled12_,3570,0.204292577385886
877,6283,filled01_filled02_filled12_,3580,0.20468371512023778
880,6300,filled01_filled02_filled12_,3590,0.2047921868359288
881,6319,filled01_filled02_filled12_,3600,0.20449522009341878
885,6335,filled01_filled02_filled12_,3610,0.20437999709579324
889,6351,filled01_filled02_filled12_,3620,0.20436416271377914
892,6368,filled01_filled02_filled12_,3630,0.20450959242161496
894,6386,filled01_filled02_filled12_,3640,0.20455221701122595
896,6404,filled01_filled02_filled12_,3650,0.2044967635120508
899,6421,filled01_filled02_filled12_,3660,0.20422652796979657
900,6440,filled01_filled02_filled12_,3670,0.20393734553768575
904,6456,filled01_filled02_filled12_,3680,0.20414065849692464
906,6474,filled01_filled02_filled12_,3690,0.2039664169483725
909,6491,filled01_filled02_filled12_,3700,0.20383363060476264
911,6509,filled01_filled02_filled12_,3710,0.20366136968702397
916,6524,filled01_filled02_filled12_,3720,0.2043521505240664
917,6543,filled01_filled02_filled12_,3730,0.2041213548911702
919,6561,filled01_filled02_filled12_,3740,0.2041096364802615
920,6580,filled01_filled02_filled12_,3750,0.20370836227478947
924,6596,filled01_filled02_filled12_,3760,0.20363610906057214
927,6613,filled01_filled02_filled12_,3770,0.2036832881367517
928,6632,filled01_filled02_filled12_,3780,0.2036513047591422
929,6651,filled01_filled02_filled12_,3790,0.20339058756685788
933,6667,filled01_filled02_filled12_,3800,0.20345973068348713
936,6684,filled01_filled02_filled12_,3810,0.2035421625510722
938,6702,filled01_filled02_filled12_,3820,0.20343377552426703
942,6718,filled01_filled02_filled12_,3830,0.20364797987241343
944,6736,filled01_filled02_filled12_,3840,0.20331411216387474
948,6752,filled01_filled02_filled12_,3850,0.20315234413575467
951,6769,filled01_filled02_filled12_,3860,0.20310234461650825
955,6785,filled01_filled02_filled12_,3870,0.20282782372916727
956,6804,filled01_filled02_filled12_,3880,0.20251864598128852
958,6822,filled01_filled02_filled12_,3890,0.20258065713661635
958,6842,filled01_filled02_filled12_,3900,0.20216161474326377
959,6861,filled01_filled02_filled12_,3910,0.20193053848826478
963,6877,filled01_filled02_filled12_,3920,0.20199626285094205
964,6896,filled01_filled02_filled12_,3930,0.20169352591365555
970,6910,filled01_filled02_filled12_,3940,0.20217952722237756
973,6927,filled01_filled02_filled12_,3950,0.2021335766097101
974,6946,filled01_filled02_filled12_,3960,0.20207250966124188
975,6965,filled01_filled02_filled12_,3970,0.20175545756788446
977,6983,filled01_filled02_filled12_,3980,0.20180562309509664
978,7002,filled01_filled02_filled12_,3990,0.20158021512181876
980,7020,filled01_filled02_filled12_,4000,0.20126613637799332
983,7037,filled01_filled02_filled12_,4010,0.20122311497628032
985,7055,filled01_filled02_filled12_,4020,0.20123607717789074
989,7071,filled01_filled02_filled12_,4030,0.2012639322000704
992,7088,filled01_filled02_filled12_,4040,0.2015819954532795
995,7105,filled01_filled02_filled12_,4050,0.201467525359151
998,7122,filled01_filled02_filled12_,4060,0.20164161681783102
998,7142,filled01_filled02_filled12_,4070,0.20113905194047013
999,7161,filled01_filled02_filled12_,4080,0.20095795335362363
1003,7177,filled01_filled02_filled12_,4090,0.20122249992167185
1003,7197,filled01_filled02_filled12_,4100,0.20105952814155625
1004,7216,filled01_filled02_filled12_,4110,0.20101999724062714
1008,7232,filled01_filled02_filled12_,4120,0.20122916103448718
1010,7250,filled01_filled02_filled12_,4130,0.20117222119058217
1010,7270,filled01_filled02_filled12_,4140,0.20114991811503333
1011,7289,filled01_filled02_filled12_,4150,0.20111063256440395
1012,7308,filled01_filled02_filled12_,4160,0.20089627655988362
1015,7325,filled01_filled02_filled12_,4170,0.2008715437761022
1016,7344,filled01_filled02_filled12_,4180,0.20046865263697208
1018,7362,filled01_filled02_filled12_,4190,0.2003776902899721
1019,7381,filled01_filled02_filled12_,4200,0.2003248418475734
1021,7399,filled01_filled02_filled12_,4210,0.2002188129327531
1025,7415,filled01_filled02_filled12_,4220,0.20001163739402408
1031,7429,filled01_filled02_filled12_,4230,0.20002778258755458
1032,7448,filled01_filled02_filled12_,4240,0.19982035946863266
1036,7464,filled01_filled02_filled12_,4250,0.200005003900853
1037,7483,filled01_filled02_filled12_,4260,0.19971586157593738
1037,7503,filled01_filled02_filled12_,4270,0.19954271420615866
1038,7522,filled01_filled02_filled12_,4280,0.19965780382323414
1039,7541,filled01_filled02_filled12_,4290,0.19953624085137633
1040,7560,filled01_filled02_filled12_,4300,0.19923540583073807
1040,7580,filled01_filled02_filled12_,4310,0.19906543883014913
1042,7598,filled01_filled02_filled12_,4320,0.1991643417364719
1042,7618,filled01_filled02_filled12_,4330,0.19884763794191526
1045,7635,filled01_filled02_filled12_,4340,0.1987980560314991
1045,7655,filled01_filled02_filled12_,4350,0.19841799548619665
1046,7674,filled01_filled02_filled12_,4360,0.19815492498022827
1051,7689,filled01_filled02_filled12_,4370,0.19846797429950377
1054,7706,filled01_filled02_filled12_,4380,0.19838924650205794
1057,7723,filled01_filled02_filled12_,4390,0.19866758964262154
1059,7741,filled01_filled02_filled12_,4400,0.1986200674034931
1062,7758,filled01_filled02_filled12_,4410,0.19881661095647088
1063,7777,filled01_filled02_filled12_,4420,0.19855602005882256
1063,7797,filled01_filled02_filled12_,4430,0.19829766927250722
1066,7814,filled01_filled02_filled12_,4440,0.19815167219463084
1067,7833,filled01_filled02_filled12_,4450,0.19802331779554352
1070,7850,filled01_filled02_filled12_,4460,0.19836258325333248
1071,7869,filled01_filled02_filled12_,4470,0.19820414926530824
1073,7887,filled01_filled02_filled12_,4480,0.19812463299786667
1075,7905,filled01_filled02_filled12_,4490,0.1978052049315008
1079,7921,filled01_filled02_filled12_,4500,0.19756805513449804
1079,7941,filled01_filled02_filled12_,4510,0.19714146024147486
1079,7961,filled01_filled02_filled12_,4520,0.1966687194538317
1081,7979,filled01_filled02_filled12_,4530,0.19657883108106392
1082,7998,filled01_filled02_filled12_,4540,0.19637916362339725
1086,8014,filled01_filled02_filled12_,4550,0.19644750811149922
1086,8034,filled01_filled02_filled12_,4560,0.1962645142713344
1087,8053,filled01_filled02_filled12_,4570,0.19614399616757783
1088,8072,filled01_filled02_filled12_,4580,0.1959471561469265
1091,8089,filled01_filled02_filled12_,4590,0.19617398604036604
1092,8108,filled01_filled02_filled12_,4600,0.19600698250025247
1094,8126,filled01_filled02_filled12_,4610,0.19612426427933685
1097,8143,filled01_filled02_filled12_,4620,0.19622578956253436
1100,8160,filled01_filled02_filled12_,4630,0.19629407071236696
1101,8179,filled01_filled02_filled12_,4640,0.19611379677125687
1102,8198,filled01_filled02_filled12_,4650,0.19605707053246957
1103,8217,filled01_filled02_filled12_,4660,0.1961557337297293
1106,8234,filled01_filled02_filled12_,4670,0.19639272502823865
1111,8249,filled01_filled02_filled12_,4680,0.19661267511125025
1111,8269,filled01_filled02_filled12_,4690,0.19632692765073742
1111,8289,filled01_filled02_filled12_,4700,0.19608903819982018
1112,8308,filled01_filled02_filled12_,4710,0.19577658459543415
1113,8327,filled01_filled02_filled12_,4720,0.19541941620527722
1115,8345,filled01_filled02_filled12_,4730,0.19518769612738943
1115,8365,filled01_filled02_filled12_,4740,0.19480256302379492
1118,8382,filled01_filled02_filled12_,4750,0.19483989198902552
1120,8400,filled01_filled02_filled12_,4760,0.19489609128555443
1120,8420,filled01_filled02_filled12_,4770,0.1947526773318645
1120,8440,filled01_filled02_filled12_,4780,0.19464179684460295
1125,8455,filled01_filled02_filled12_,4790,0.1945902912840393
1127,8473,filled01_filled02_filled12_,4800,0.19439160603920017
1129,8491,filled01_filled02_filled12_,4810,0.19431200371313265
1133,8507,filled01_filled02_filled12_,4820,0.1943078488844027
1133,8527,filled01_filled02_filled12_,4830,0.19385993163267526
1135,8545,filled01_filled02_filled12_,4840,0.1941067067926838
1135,8565,filled01_filled02_filled12_,4850,0.1938502747687643
1137,8583,filled01_filled02_filled12_,4860,0.1936694205761679
1138,8602,filled01_filled02_filled12_,4870,0.19338725825883127
1141,8619,filled01_filled02_filled12_,4880,0.1933413493657329
1143,8637,filled01_filled02_filled12_,4890,0.1930603643017641
1145,8655,filled01_filled02_filled12_,4900,0.19282513251522945
1150,8670,filled01_filled02_filled12_,4910,0.19298315735805993
1154,8686,filled01_filled02_filled12_,4920,0.1931989555547877
1159,8701,filled01_filled02_filled12_,4930,0.19335571458158254
1159,8721,filled01_filled02_filled12_,4940,0.19310567980692683
1162,8738,filled01_filled02_filled12_,4950,0.19316232611644293
1163,8757,filled01_filled02_filled12_,4960,0.19278574576476767
1164,8776,filled01_filled02_filled12_,4970,0.19246782191494485
1164,8796,filled01_filled02_filled12_,4980,0.1922088330764469
1165,8815,filled01_filled02_filled12_,4990,0.19215059366896634
