size intersection,size union,state,k,mean JI
2,18,filled01_filled02_filled12_,10,0.1851851851851852
8,32,filled01_filled02_filled12_,20,0.33095238095238094
14,46,filled01_filled02_filled12_,30,0.3642697881828316
17,63,filled01_filled02_filled12_,40,0.3097273097273097
19,81,filled01_filled02_filled12_,50,0.28751026686062375
21,99,filled01_filled02_filled12_,60,0.31023869855484976
26,114,filled01_filled02_filled12_,70,0.29776668683202256
28,132,filled01_filled02_filled12_,80,0.29689754689754694
34,146,filled01_filled02_filled12_,90,0.308167588203519
37,163,filled01_filled02_filled12_,100,0.3044315412068634
42,178,filled01_filled02_filled12_,110,0.30387691061848365
45,195,filled01_filled02_filled12_,120,0.30944066830485667
46,214,filled01_filled02_filled12_,130,0.3027997866076545
50,230,filled01_filled02_filled12_,140,0.30852370424957015
55,245,filled01_filled02_filled12_,150,0.3132137703566275
58,262,filled01_filled02_filled12_,160,0.3106638580909713
61,279,filled01_filled02_filled12_,170,0.3037598301896058
63,297,filled01_filled02_filled12_,180,0.30196571524372356
67,313,filled01_filled02_filled12_,190,0.30817522049778284
71,329,filled01_filled02_filled12_,200,0.30625069635234126
72,348,filled01_filled02_filled12_,210,0.2981446290229798
78,362,filled01_filled02_filled12_,220,0.2997209105784652
84,376,filled01_filled02_filled12_,230,0.2980826771420276
87,393,filled01_filled02_filled12_,240,0.2989699640230268
92,408,filled01_filled02_filled12_,250,0.3042078145126664
95,425,filled01_filled02_filled12_,260,0.3043710808107758
95,445,filled01_filled02_filled12_,270,0.2977046654766578
101,459,filled01_filled02_filled12_,280,0.2964465232765177
103,477,filled01_filled02_filled12_,290,0.29347431638492333
109,491,filled01_filled02_filled12_,300,0.29446416704009903
114,506,filled01_filled02_filled12_,310,0.29573393807778986
115,525,filled01_filled02_filled12_,320,0.2884120697423806
119,541,filled01_filled02_filled12_,330,0.2877203898893905
120,560,filled01_filled02_filled12_,340,0.2878943318799692
122,578,filled01_filled02_filled12_,350,0.28444969570802975
124,596,filled01_filled02_filled12_,360,0.28729202932154685
126,614,filled01_filled02_filled12_,370,0.2872373040407522
126,634,filled01_filled02_filled12_,380,0.28510494334156716
126,654,filled01_filled02_filled12_,390,0.27897232487242046
128,672,filled01_filled02_filled12_,400,0.2741409831538956
128,692,filled01_filled02_filled12_,410,0.27279390391581443
133,707,filled01_filled02_filled12_,420,0.276393746868341
137,723,filled01_filled02_filled12_,430,0.2744112885095065
140,740,filled01_filled02_filled12_,440,0.27486657907974726
144,756,filled01_filled02_filled12_,450,0.27636381506350544
147,773,filled01_filled02_filled12_,460,0.2754899908857642
151,789,filled01_filled02_filled12_,470,0.27720806816966803
153,807,filled01_filled02_filled12_,480,0.276574781788967
156,824,filled01_filled02_filled12_,490,0.2753333767641381
159,841,filled01_filled02_filled12_,500,0.27134741955700065
162,858,filled01_filled02_filled12_,510,0.2717948717948718
166,874,filled01_filled02_filled12_,520,0.27388054690782226
169,891,filled01_filled02_filled12_,530,0.2725279707956611
171,909,filled01_filled02_filled12_,540,0.27240837824510106
173,927,filled01_filled02_filled12_,550,0.2722011186675896
175,945,filled01_filled02_filled12_,560,0.2711338446212126
177,963,filled01_filled02_filled12_,570,0.26909277186747144
178,982,filled01_filled02_filled12_,580,0.26573683167343193
182,998,filled01_filled02_filled12_,590,0.26450264176691224
185,1015,filled01_filled02_filled12_,600,0.2638785020512438
187,1033,filled01_filled02_filled12_,610,0.26343846084928
187,1053,filled01_filled02_filled12_,620,0.2613462686655208
193,1067,filled01_filled02_filled12_,630,0.2626651930094924
196,1084,filled01_filled02_filled12_,640,0.26136578225199286
198,1102,filled01_filled02_filled12_,650,0.25961148861660327
201,1119,filled01_filled02_filled12_,660,0.25790780767248206
204,1136,filled01_filled02_filled12_,670,0.2573190899033178
204,1156,filled01_filled02_filled12_,680,0.2549037957103452
207,1173,filled01_filled02_filled12_,690,0.2530134910435868
208,1192,filled01_filled02_filled12_,700,0.25132404937735014
211,1209,filled01_filled02_filled12_,710,0.2531510551687027
217,1223,filled01_filled02_filled12_,720,0.2526555217739052
218,1242,filled01_filled02_filled12_,730,0.2516828824810221
218,1262,filled01_filled02_filled12_,740,0.25118319253303895
220,1280,filled01_filled02_filled12_,750,0.24994200618796267
222,1298,filled01_filled02_filled12_,760,0.2494244112918305
223,1317,filled01_filled02_filled12_,770,0.24866626507873277
225,1335,filled01_filled02_filled12_,780,0.2470957002254189
228,1352,filled01_filled02_filled12_,790,0.24667035067520904
230,1370,filled01_filled02_filled12_,800,0.24564076474114369
233,1387,filled01_filled02_filled12_,810,0.2461067577837195
235,1405,filled01_filled02_filled12_,820,0.24639155101909085
237,1423,filled01_filled02_filled12_,830,0.2456151972584902
244,1436,filled01_filled02_filled12_,840,0.24864509209273458
247,1453,filled01_filled02_filled12_,850,0.24795388622474954
248,1472,filled01_filled02_filled12_,860,0.24664882880634417
248,1492,filled01_filled02_filled12_,870,0.2465565554524408
248,1512,filled01_filled02_filled12_,880,0.24467837516701282
251,1529,filled01_filled02_filled12_,890,0.2449168289474499
256,1544,filled01_filled02_filled12_,900,0.24627316481970518
257,1563,filled01_filled02_filled12_,910,0.24592686965696545
260,1580,filled01_filled02_filled12_,920,0.24478233591307144
260,1600,filled01_filled02_filled12_,930,0.24293825880328923
261,1619,filled01_filled02_filled12_,940,0.2427295479277712
263,1637,filled01_filled02_filled12_,950,0.24276379781145244
265,1655,filled01_filled02_filled12_,960,0.244350873261065
267,1673,filled01_filled02_filled12_,970,0.2438630808850446
267,1693,filled01_filled02_filled12_,980,0.24188654303981702
272,1708,filled01_filled02_filled12_,990,0.2423513610892126
274,1726,filled01_filled02_filled12_,1000,0.24088158623518466
276,1744,filled01_filled02_filled12_,1010,0.2408474935224341
276,1764,filled01_filled02_filled12_,1020,0.23929722775641124
280,1780,filled01_filled02_filled12_,1030,0.23979337630024253
282,1798,filled01_filled02_filled12_,1040,0.23946663605792054
284,1816,filled01_filled02_filled12_,1050,0.2405179659189994
288,1832,filled01_filled02_filled12_,1060,0.239352249946269
291,1849,filled01_filled02_filled12_,1070,0.23924695694064024
292,1868,filled01_filled02_filled12_,1080,0.2380077777763007
296,1884,filled01_filled02_filled12_,1090,0.23905057599374444
297,1903,filled01_filled02_filled12_,1100,0.23933415304450337
301,1919,filled01_filled02_filled12_,1110,0.23893826038257873
303,1937,filled01_filled02_filled12_,1120,0.23815239913334632
304,1956,filled01_filled02_filled12_,1130,0.237669571067933
307,1973,filled01_filled02_filled12_,1140,0.2371795621286598
308,1992,filled01_filled02_filled12_,1150,0.23541614829346402
311,2009,filled01_filled02_filled12_,1160,0.23434308521362368
313,2027,filled01_filled02_filled12_,1170,0.23470847235341394
316,2044,filled01_filled02_filled12_,1180,0.23419208455715754
318,2062,filled01_filled02_filled12_,1190,0.2344129374996038
321,2079,filled01_filled02_filled12_,1200,0.2345010329522186
326,2094,filled01_filled02_filled12_,1210,0.2351467283624348
329,2111,filled01_filled02_filled12_,1220,0.2352784607109223
330,2130,filled01_filled02_filled12_,1230,0.23474126419225438
334,2146,filled01_filled02_filled12_,1240,0.2353074576353653
335,2165,filled01_filled02_filled12_,1250,0.23452694834153964
337,2183,filled01_filled02_filled12_,1260,0.2337543847670568
346,2194,filled01_filled02_filled12_,1270,0.23476302178947603
350,2210,filled01_filled02_filled12_,1280,0.23594045787596474
354,2226,filled01_filled02_filled12_,1290,0.23636722295819412
359,2241,filled01_filled02_filled12_,1300,0.23591904541005337
363,2257,filled01_filled02_filled12_,1310,0.23603160939259918
364,2276,filled01_filled02_filled12_,1320,0.23450544091462314
367,2293,filled01_filled02_filled12_,1330,0.23486670953117494
367,2313,filled01_filled02_filled12_,1340,0.23420953633789734
373,2327,filled01_filled02_filled12_,1350,0.2357658801324378
378,2342,filled01_filled02_filled12_,1360,0.23684145410543853
380,2360,filled01_filled02_filled12_,1370,0.23621686790636123
381,2379,filled01_filled02_filled12_,1380,0.2359600978758609
382,2398,filled01_filled02_filled12_,1390,0.23486222049107477
385,2415,filled01_filled02_filled12_,1400,0.23510320340862742
390,2430,filled01_filled02_filled12_,1410,0.23524757904537127
396,2444,filled01_filled02_filled12_,1420,0.23561179080385253
398,2462,filled01_filled02_filled12_,1430,0.23458406171200144
404,2476,filled01_filled02_filled12_,1440,0.23538610996775913
407,2493,filled01_filled02_filled12_,1450,0.2346492118645679
411,2509,filled01_filled02_filled12_,1460,0.23464359579303548
413,2527,filled01_filled02_filled12_,1470,0.2345632144208384
414,2546,filled01_filled02_filled12_,1480,0.23321751434278068
420,2560,filled01_filled02_filled12_,1490,0.23409805268392245
422,2578,filled01_filled02_filled12_,1500,0.23313454898627373
423,2597,filled01_filled02_filled12_,1510,0.2337255017618395
423,2617,filled01_filled02_filled12_,1520,0.23341186635034553
424,2636,filled01_filled02_filled12_,1530,0.23278738962866904
424,2656,filled01_filled02_filled12_,1540,0.2316209695818787
426,2674,filled01_filled02_filled12_,1550,0.2314010516313515
429,2691,filled01_filled02_filled12_,1560,0.23316601235122292
431,2709,filled01_filled02_filled12_,1570,0.2327021394937532
433,2727,filled01_filled02_filled12_,1580,0.2319931384708319
435,2745,filled01_filled02_filled12_,1590,0.23182946414354158
440,2760,filled01_filled02_filled12_,1600,0.23251486653596945
442,2778,filled01_filled02_filled12_,1610,0.2328794503419007
447,2793,filled01_filled02_filled12_,1620,0.2341467818717056
448,2812,filled01_filled02_filled12_,1630,0.23460707682517898
450,2830,filled01_filled02_filled12_,1640,0.2345709319629936
453,2847,filled01_filled02_filled12_,1650,0.23469047641448482
454,2866,filled01_filled02_filled12_,1660,0.23443455443833897
456,2884,filled01_filled02_filled12_,1670,0.23374957760517678
457,2903,filled01_filled02_filled12_,1680,0.2325158595841098
459,2921,filled01_filled02_filled12_,1690,0.23246060437123747
460,2940,filled01_filled02_filled12_,1700,0.2325428827863587
462,2958,filled01_filled02_filled12_,1710,0.23193792024904689
464,2976,filled01_filled02_filled12_,1720,0.23147254415784432
467,2993,filled01_filled02_filled12_,1730,0.2316854206071578
470,3010,filled01_filled02_filled12_,1740,0.23192647305093406
473,3027,filled01_filled02_filled12_,1750,0.2321160117489897
475,3045,filled01_filled02_filled12_,1760,0.2316602563925931
477,3063,filled01_filled02_filled12_,1770,0.2316438793868235
477,3083,filled01_filled02_filled12_,1780,0.23097919041501855
478,3102,filled01_filled02_filled12_,1790,0.23101787664565707
479,3121,filled01_filled02_filled12_,1800,0.22993656331386772
481,3139,filled01_filled02_filled12_,1810,0.22963322755445145
486,3154,filled01_filled02_filled12_,1820,0.23075914990114785
490,3170,filled01_filled02_filled12_,1830,0.2305269597862907
494,3186,filled01_filled02_filled12_,1840,0.23043282188785064
498,3202,filled01_filled02_filled12_,1850,0.23020565927504003
502,3218,filled01_filled02_filled12_,1860,0.22973666014072935
504,3236,filled01_filled02_filled12_,1870,0.22998656140838594
506,3254,filled01_filled02_filled12_,1880,0.22945227561631554
507,3273,filled01_filled02_filled12_,1890,0.22880650253060011
508,3292,filled01_filled02_filled12_,1900,0.22824414038036192
510,3310,filled01_filled02_filled12_,1910,0.2275240025791699
511,3329,filled01_filled02_filled12_,1920,0.22681539093289652
513,3347,filled01_filled02_filled12_,1930,0.22675084675469862
515,3365,filled01_filled02_filled12_,1940,0.2258934706613005
517,3383,filled01_filled02_filled12_,1950,0.22599196607528307
524,3396,filled01_filled02_filled12_,1960,0.22723440070829196
527,3413,filled01_filled02_filled12_,1970,0.2277100678440659
528,3432,filled01_filled02_filled12_,1980,0.2271040575687634
532,3448,filled01_filled02_filled12_,1990,0.22729557777449616
536,3464,filled01_filled02_filled12_,2000,0.2271044249793985
537,3483,filled01_filled02_filled12_,2010,0.2266239828527765
539,3501,filled01_filled02_filled12_,2020,0.22648350499596404
540,3520,filled01_filled02_filled12_,2030,0.22597226446159824
543,3537,filled01_filled02_filled12_,2040,0.225834174007659
549,3551,filled01_filled02_filled12_,2050,0.2260224685747159
550,3570,filled01_filled02_filled12_,2060,0.22511477944952255
554,3586,filled01_filled02_filled12_,2070,0.22542375450735005
560,3600,filled01_filled02_filled12_,2080,0.2256123290077043
564,3616,filled01_filled02_filled12_,2090,0.22507748629996485
566,3634,filled01_filled02_filled12_,2100,0.22509597338776066
568,3652,filled01_filled02_filled12_,2110,0.22435874248883136
570,3670,filled01_filled02_filled12_,2120,0.22405953640847656
572,3688,filled01_filled02_filled12_,2130,0.22451116450660505
573,3707,filled01_filled02_filled12_,2140,0.22411027743233716
573,3727,filled01_filled02_filled12_,2150,0.22343243225282994
575,3745,filled01_filled02_filled12_,2160,0.22310762823178565
576,3764,filled01_filled02_filled12_,2170,0.22331277366339589
577,3783,filled01_filled02_filled12_,2180,0.22288771302183685
578,3802,filled01_filled02_filled12_,2190,0.2225041616931944
581,3819,filled01_filled02_filled12_,2200,0.22266935868693083
586,3834,filled01_filled02_filled12_,2210,0.22354701026962265
587,3853,filled01_filled02_filled12_,2220,0.22360914563571588
589,3871,filled01_filled02_filled12_,2230,0.22319175566606428
590,3890,filled01_filled02_filled12_,2240,0.22315358641817173
591,3909,filled01_filled02_filled12_,2250,0.2232510945568852
592,3928,filled01_filled02_filled12_,2260,0.22274329852595934
593,3947,filled01_filled02_filled12_,2270,0.2221066310115739
595,3965,filled01_filled02_filled12_,2280,0.2218728045116077
598,3982,filled01_filled02_filled12_,2290,0.22186791988952115
600,4000,filled01_filled02_filled12_,2300,0.2216038081483935
602,4018,filled01_filled02_filled12_,2310,0.22153808467815406
607,4033,filled01_filled02_filled12_,2320,0.22152970398558583
607,4053,filled01_filled02_filled12_,2330,0.2211145968583279
607,4073,filled01_filled02_filled12_,2340,0.2207340474087093
611,4089,filled01_filled02_filled12_,2350,0.22069890364580402
612,4108,filled01_filled02_filled12_,2360,0.22102628609152145
613,4127,filled01_filled02_filled12_,2370,0.22080911113291865
614,4146,filled01_filled02_filled12_,2380,0.2206240260627408
619,4161,filled01_filled02_filled12_,2390,0.22052464382316414
622,4178,filled01_filled02_filled12_,2400,0.220243186193908
625,4195,filled01_filled02_filled12_,2410,0.22005794384539742
625,4215,filled01_filled02_filled12_,2420,0.21957005416688782
625,4235,filled01_filled02_filled12_,2430,0.21890108563023372
627,4253,filled01_filled02_filled12_,2440,0.21897395795941757
629,4271,filled01_filled02_filled12_,2450,0.2189839712483016
631,4289,filled01_filled02_filled12_,2460,0.2184736624929683
633,4307,filled01_filled02_filled12_,2470,0.21815093888936588
635,4325,filled01_filled02_filled12_,2480,0.2178007325037676
638,4342,filled01_filled02_filled12_,2490,0.21805486291894918
639,4361,filled01_filled02_filled12_,2500,0.21840281127826802
641,4379,filled01_filled02_filled12_,2510,0.21862551869116778
643,4397,filled01_filled02_filled12_,2520,0.21863749490724357
645,4415,filled01_filled02_filled12_,2530,0.2182622520081651
648,4432,filled01_filled02_filled12_,2540,0.21812422800256684
650,4450,filled01_filled02_filled12_,2550,0.21843300134839264
653,4467,filled01_filled02_filled12_,2560,0.218177825287466
655,4485,filled01_filled02_filled12_,2570,0.2178396575573954
661,4499,filled01_filled02_filled12_,2580,0.21816464765766427
665,4515,filled01_filled02_filled12_,2590,0.21823110942994964
666,4534,filled01_filled02_filled12_,2600,0.21792830520544504
668,4552,filled01_filled02_filled12_,2610,0.21768287146994872
670,4570,filled01_filled02_filled12_,2620,0.2172098651686439
674,4586,filled01_filled02_filled12_,2630,0.2169932920203758
677,4603,filled01_filled02_filled12_,2640,0.2173212803858884
679,4621,filled01_filled02_filled12_,2650,0.21696877090993918
679,4641,filled01_filled02_filled12_,2660,0.2165956911345193
680,4660,filled01_filled02_filled12_,2670,0.21625109084482497
685,4675,filled01_filled02_filled12_,2680,0.21620817283843494
686,4694,filled01_filled02_filled12_,2690,0.2164250728125392
686,4714,filled01_filled02_filled12_,2700,0.21633746581431443
688,4732,filled01_filled02_filled12_,2710,0.2159969506485799
691,4749,filled01_filled02_filled12_,2720,0.21565699756817555
693,4767,filled01_filled02_filled12_,2730,0.21595301076021642
695,4785,filled01_filled02_filled12_,2740,0.21632978241933834
695,4805,filled01_filled02_filled12_,2750,0.21588949639803223
697,4823,filled01_filled02_filled12_,2760,0.21542212929373236
699,4841,filled01_filled02_filled12_,2770,0.21563280825805334
701,4859,filled01_filled02_filled12_,2780,0.21570790913784244
703,4877,filled01_filled02_filled12_,2790,0.21519204147200452
706,4894,filled01_filled02_filled12_,2800,0.21537250080597106
708,4912,filled01_filled02_filled12_,2810,0.21539421520903912
708,4932,filled01_filled02_filled12_,2820,0.2151818247925242
710,4950,filled01_filled02_filled12_,2830,0.21520422255728086
713,4967,filled01_filled02_filled12_,2840,0.21496052109233652
714,4986,filled01_filled02_filled12_,2850,0.21438214013812373
716,5004,filled01_filled02_filled12_,2860,0.21430301231198298
719,5021,filled01_filled02_filled12_,2870,0.21440467333492685
722,5038,filled01_filled02_filled12_,2880,0.21450443136861344
722,5058,filled01_filled02_filled12_,2890,0.21393866989535382
723,5077,filled01_filled02_filled12_,2900,0.21391584970614944
724,5096,filled01_filled02_filled12_,2910,0.21404656147360612
724,5116,filled01_filled02_filled12_,2920,0.21351388204157293
726,5134,filled01_filled02_filled12_,2930,0.2133371052404194
730,5150,filled01_filled02_filled12_,2940,0.21303016808646544
731,5169,filled01_filled02_filled12_,2950,0.2127327118439012
735,5185,filled01_filled02_filled12_,2960,0.21318599418563408
737,5203,filled01_filled02_filled12_,2970,0.21331460601846353
740,5220,filled01_filled02_filled12_,2980,0.21323990334832213
742,5238,filled01_filled02_filled12_,2990,0.2130926388107248
745,5255,filled01_filled02_filled12_,3000,0.21346739046560056
746,5274,filled01_filled02_filled12_,3010,0.2132980497359139
752,5288,filled01_filled02_filled12_,3020,0.213118505659199
753,5307,filled01_filled02_filled12_,3030,0.21282805856868334
754,5326,filled01_filled02_filled12_,3040,0.21290786427712324
754,5346,filled01_filled02_filled12_,3050,0.212744825989407
755,5365,filled01_filled02_filled12_,3060,0.21265387891451973
756,5384,filled01_filled02_filled12_,3070,0.21261249063759377
758,5402,filled01_filled02_filled12_,3080,0.21244785740569572
759,5421,filled01_filled02_filled12_,3090,0.21243236426712206
761,5439,filled01_filled02_filled12_,3100,0.21217308450078995
763,5457,filled01_filled02_filled12_,3110,0.21201176005402492
767,5473,filled01_filled02_filled12_,3120,0.21199038277939883
767,5493,filled01_filled02_filled12_,3130,0.21143029497870303
772,5508,filled01_filled02_filled12_,3140,0.21136065716896865
772,5528,filled01_filled02_filled12_,3150,0.2113513010387249
775,5545,filled01_filled02_filled12_,3160,0.2113805528058543
778,5562,filled01_filled02_filled12_,3170,0.21162235027264922
781,5579,filled01_filled02_filled12_,3180,0.21144069341581673
783,5597,filled01_filled02_filled12_,3190,0.21128608384997163
784,5616,filled01_filled02_filled12_,3200,0.211064864548857
787,5633,filled01_filled02_filled12_,3210,0.2112114664223773
791,5649,filled01_filled02_filled12_,3220,0.21140058418600471
792,5668,filled01_filled02_filled12_,3230,0.21120488190824302
795,5685,filled01_filled02_filled12_,3240,0.21100432961609736
796,5704,filled01_filled02_filled12_,3250,0.21083215431794644
798,5722,filled01_filled02_filled12_,3260,0.21097888744490448
801,5739,filled01_filled02_filled12_,3270,0.21075762295209585
801,5759,filled01_filled02_filled12_,3280,0.2106575259017411
804,5776,filled01_filled02_filled12_,3290,0.21059722636583333
806,5794,filled01_filled02_filled12_,3300,0.21047336694296093
810,5810,filled01_filled02_filled12_,3310,0.21050227900486074
813,5827,filled01_filled02_filled12_,3320,0.21053460054033543
814,5846,filled01_filled02_filled12_,3330,0.21012250210301367
815,5865,filled01_filled02_filled12_,3340,0.20980237949761682
818,5882,filled01_filled02_filled12_,3350,0.2097684877168092
818,5902,filled01_filled02_filled12_,3360,0.20956433034048064
818,5922,filled01_filled02_filled12_,3370,0.2089427632630436
821,5939,filled01_filled02_filled12_,3380,0.20910998701346742
825,5955,filled01_filled02_filled12_,3390,0.20931772986177688
826,5974,filled01_filled02_filled12_,3400,0.20902832071991337
828,5992,filled01_filled02_filled12_,3410,0.20869476282134536
828,6012,filled01_filled02_filled12_,3420,0.20841081806410158
829,6031,filled01_filled02_filled12_,3430,0.2080831629331119
831,6049,filled01_filled02_filled12_,3440,0.20760556547724562
832,6068,filled01_filled02_filled12_,3450,0.20745438862180166
832,6088,filled01_filled02_filled12_,3460,0.20702845235654613
835,6105,filled01_filled02_filled12_,3470,0.20687656302364998
837,6123,filled01_filled02_filled12_,3480,0.20657885210315655
839,6141,filled01_filled02_filled12_,3490,0.2066422853252153
839,6161,filled01_filled02_filled12_,3500,0.20670934844675015
840,6180,filled01_filled02_filled12_,3510,0.20654312705175806
840,6200,filled01_filled02_filled12_,3520,0.20595973175098106
842,6218,filled01_filled02_filled12_,3530,0.2059194446758128
842,6238,filled01_filled02_filled12_,3540,0.20567524661715675
845,6255,filled01_filled02_filled12_,3550,0.20561397015634575
848,6272,filled01_filled02_filled12_,3560,0.20555309830618085
848,6292,filled01_filled02_filled12_,3570,0.20525042401355298
849,6311,filled01_filled02_filled12_,3580,0.2052976740715767
853,6327,filled01_filled02_filled12_,3590,0.20521581486843363
853,6347,filled01_filled02_filled12_,3600,0.20473214315818314
854,6366,filled01_filled02_filled12_,3610,0.20439258701983318
855,6385,filled01_filled02_filled12_,3620,0.20383167049077788
856,6404,filled01_filled02_filled12_,3630,0.2039219584886157
858,6422,filled01_filled02_filled12_,3640,0.20390889397009837
859,6441,filled01_filled02_filled12_,3650,0.20379731839449922
863,6457,filled01_filled02_filled12_,3660,0.20378146827736052
863,6477,filled01_filled02_filled12_,3670,0.2035121683872824
868,6492,filled01_filled02_filled12_,3680,0.2038147676711545
868,6512,filled01_filled02_filled12_,3690,0.20332806533856598
875,6525,filled01_filled02_filled12_,3700,0.20360656064108562
877,6543,filled01_filled02_filled12_,3710,0.20349591011486523
880,6560,filled01_filled02_filled12_,3720,0.20348296731772889
881,6579,filled01_filled02_filled12_,3730,0.2033160646971298
882,6598,filled01_filled02_filled12_,3740,0.20293417180407247
885,6615,filled01_filled02_filled12_,3750,0.20259074870623553
889,6631,filled01_filled02_filled12_,3760,0.20289047245882016
890,6650,filled01_filled02_filled12_,3770,0.2026297162381987
892,6668,filled01_filled02_filled12_,3780,0.20275632217038816
892,6688,filled01_filled02_filled12_,3790,0.2023635357790201
892,6708,filled01_filled02_filled12_,3800,0.20176144223393996
894,6726,filled01_filled02_filled12_,3810,0.20181274330591079
895,6745,filled01_filled02_filled12_,3820,0.20173068884084558
896,6764,filled01_filled02_filled12_,3830,0.20136290848307173
898,6782,filled01_filled02_filled12_,3840,0.20105293033726265
901,6799,filled01_filled02_filled12_,3850,0.2007057354037514
901,6819,filled01_filled02_filled12_,3860,0.2006101871913337
903,6837,filled01_filled02_filled12_,3870,0.2003050038712801
905,6855,filled01_filled02_filled12_,3880,0.19990800323469382
909,6871,filled01_filled02_filled12_,3890,0.19984751665372633
911,6889,filled01_filled02_filled12_,3900,0.19992083122791873
918,6902,filled01_filled02_filled12_,3910,0.2000807607326577
920,6920,filled01_filled02_filled12_,3920,0.19989302087859606
922,6938,filled01_filled02_filled12_,3930,0.19989077375380412
924,6956,filled01_filled02_filled12_,3940,0.20001872576115945
924,6976,filled01_filled02_filled12_,3950,0.19953991536905
924,6996,filled01_filled02_filled12_,3960,0.1990639113183997
924,7016,filled01_filled02_filled12_,3970,0.1990482677747418
926,7034,filled01_filled02_filled12_,3980,0.1989941012576605
928,7052,filled01_filled02_filled12_,3990,0.19888541945004737
929,7071,filled01_filled02_filled12_,4000,0.19883330525612955
932,7088,filled01_filled02_filled12_,4010,0.19857963451148328
934,7106,filled01_filled02_filled12_,4020,0.19831110822535356
934,7126,filled01_filled02_filled12_,4030,0.19795592257081476
934,7146,filled01_filled02_filled12_,4040,0.19781747565717933
937,7163,filled01_filled02_filled12_,4050,0.19765826718320775
938,7182,filled01_filled02_filled12_,4060,0.19743135046216778
939,7201,filled01_filled02_filled12_,4070,0.19729399811179418
940,7220,filled01_filled02_filled12_,4080,0.19682067649806526
941,7239,filled01_filled02_filled12_,4090,0.19642063000936738
942,7258,filled01_filled02_filled12_,4100,0.1960931293506165
943,7277,filled01_filled02_filled12_,4110,0.19582039157632244
943,7297,filled01_filled02_filled12_,4120,0.19544468564374082
945,7315,filled01_filled02_filled12_,4130,0.1952962738279748
945,7335,filled01_filled02_filled12_,4140,0.19508157012571525
947,7353,filled01_filled02_filled12_,4150,0.19491793629602353
948,7372,filled01_filled02_filled12_,4160,0.19506673805033162
953,7387,filled01_filled02_filled12_,4170,0.1954724207306591
954,7406,filled01_filled02_filled12_,4180,0.19539584082581526
955,7425,filled01_filled02_filled12_,4190,0.195215816364631
958,7442,filled01_filled02_filled12_,4200,0.19503567758921644
959,7461,filled01_filled02_filled12_,4210,0.19489236442879362
961,7479,filled01_filled02_filled12_,4220,0.1951244403934925
963,7497,filled01_filled02_filled12_,4230,0.19504844484879694
965,7515,filled01_filled02_filled12_,4240,0.19507535707693532
967,7533,filled01_filled02_filled12_,4250,0.19525445859982768
968,7552,filled01_filled02_filled12_,4260,0.19541745020017767
972,7568,filled01_filled02_filled12_,4270,0.19550949406171422
972,7588,filled01_filled02_filled12_,4280,0.19518306813046404
973,7607,filled01_filled02_filled12_,4290,0.19492423354778546
974,7626,filled01_filled02_filled12_,4300,0.1947336700861462
974,7646,filled01_filled02_filled12_,4310,0.1946121252940891
975,7665,filled01_filled02_filled12_,4320,0.19440694643161693
977,7683,filled01_filled02_filled12_,4330,0.1942516992148103
979,7701,filled01_filled02_filled12_,4340,0.19412965128984835
979,7721,filled01_filled02_filled12_,4350,0.19397837586021724
982,7738,filled01_filled02_filled12_,4360,0.19377589676109688
984,7756,filled01_filled02_filled12_,4370,0.19377115512131896
984,7776,filled01_filled02_filled12_,4380,0.1933917474944228
987,7793,filled01_filled02_filled12_,4390,0.1934201800599915
989,7811,filled01_filled02_filled12_,4400,0.19348334556208976
989,7831,filled01_filled02_filled12_,4410,0.19320398199408118
990,7850,filled01_filled02_filled12_,4420,0.1929915425178094
990,7870,filled01_filled02_filled12_,4430,0.19282844588402456
990,7890,filled01_filled02_filled12_,4440,0.1929087881318322
992,7908,filled01_filled02_filled12_,4450,0.19276153394650578
993,7927,filled01_filled02_filled12_,4460,0.19280917690347085
997,7943,filled01_filled02_filled12_,4470,0.19278844226660186
998,7962,filled01_filled02_filled12_,4480,0.19273896661229065
1002,7978,filled01_filled02_filled12_,4490,0.1927357402830766
1002,7998,filled01_filled02_filled12_,4500,0.1926086405747479
1002,8018,filled01_filled02_filled12_,4510,0.19232242309067638
1002,8038,filled01_filled02_filled12_,4520,0.19207021308567443
1003,8057,filled01_filled02_filled12_,4530,0.1920228474286927
1003,8077,filled01_filled02_filled12_,4540,0.19161402020663842
1004,8096,filled01_filled02_filled12_,4550,0.19150500935970502
1005,8115,filled01_filled02_filled12_,4560,0.1913984280822096
1006,8134,filled01_filled02_filled12_,4570,0.1912752400572284
1007,8153,filled01_filled02_filled12_,4580,0.1912946582011158
1011,8169,filled01_filled02_filled12_,4590,0.19149662596889439
1012,8188,filled01_filled02_filled12_,4600,0.19126472598635466
1013,8207,filled01_filled02_filled12_,4610,0.19100406689819982
1017,8223,filled01_filled02_filled12_,4620,0.19100491559403884
1018,8242,filled01_filled02_filled12_,4630,0.1908842639376437
1020,8260,filled01_filled02_filled12_,4640,0.19078004275328286
1023,8277,filled01_filled02_filled12_,4650,0.19084424499537092
1026,8294,filled01_filled02_filled12_,4660,0.1909693844380742
1030,8310,filled01_filled02_filled12_,4670,0.19098506815765623
1033,8327,filled01_filled02_filled12_,4680,0.19090935635061004
1037,8343,filled01_filled02_filled12_,4690,0.19086443534365594
1041,8359,filled01_filled02_filled12_,4700,0.19100159789883353
1045,8375,filled01_filled02_filled12_,4710,0.19107773072878306
1045,8395,filled01_filled02_filled12_,4720,0.19085417103381552
1046,8414,filled01_filled02_filled12_,4730,0.19076516451377398
1048,8432,filled01_filled02_filled12_,4740,0.1905407520370632
1048,8452,filled01_filled02_filled12_,4750,0.1905453833348064
1052,8468,filled01_filled02_filled12_,4760,0.19059298610087036
1053,8487,filled01_filled02_filled12_,4770,0.19046255122905018
1056,8504,filled01_filled02_filled12_,4780,0.19058527257141508
1058,8522,filled01_filled02_filled12_,4790,0.19040888381044274
1059,8541,filled01_filled02_filled12_,4800,0.1903672529337043
1061,8559,filled01_filled02_filled12_,4810,0.19040053604212703
1061,8579,filled01_filled02_filled12_,4820,0.19032963796477806
1065,8595,filled01_filled02_filled12_,4830,0.1902731628348355
1070,8610,filled01_filled02_filled12_,4840,0.1904369592397859
1072,8628,filled01_filled02_filled12_,4850,0.1904698158024646
1072,8648,filled01_filled02_filled12_,4860,0.19029874851335915
1073,8667,filled01_filled02_filled12_,4870,0.19003822538925239
1073,8687,filled01_filled02_filled12_,4880,0.18992716081950836
1074,8706,filled01_filled02_filled12_,4890,0.18990392438124148
1076,8724,filled01_filled02_filled12_,4900,0.18977728123596807
1079,8741,filled01_filled02_filled12_,4910,0.18973816692180367
1079,8761,filled01_filled02_filled12_,4920,0.18955436357227332
1082,8778,filled01_filled02_filled12_,4930,0.18964480273744602
1084,8796,filled01_filled02_filled12_,4940,0.18960469435439778
1084,8816,filled01_filled02_filled12_,4950,0.189422455208492
1086,8834,filled01_filled02_filled12_,4960,0.18949782193470832
1089,8851,filled01_filled02_filled12_,4970,0.18938630607697934
1093,8867,filled01_filled02_filled12_,4980,0.18950479193970335
1096,8884,filled01_filled02_filled12_,4990,0.18965145338656927
