size intersection,size union,state,k,mean JI
2,18,filled01_filled02_filled12_,10,0.1574074074074074
6,34,filled01_filled02_filled12_,20,0.2971342383107089
6,54,filled01_filled02_filled12_,30,0.2605493737569209
11,69,filled01_filled02_filled12_,40,0.265204938499835
13,87,filled01_filled02_filled12_,50,0.27578916672741854
17,103,filled01_filled02_filled12_,60,0.28438911852350285
22,118,filled01_filled02_filled12_,70,0.3085237042495701
30,130,filled01_filled02_filled12_,80,0.336513615583383
33,147,filled01_filled02_filled12_,90,0.32903161264505804
39,161,filled01_filled02_filled12_,100,0.3357958466654119
47,173,filled01_filled02_filled12_,110,0.35754775423511714
50,190,filled01_filled02_filled12_,120,0.350379473949268
54,206,filled01_filled02_filled12_,130,0.33552678892484716
58,222,filled01_filled02_filled12_,140,0.33162760365952915
63,237,filled01_filled02_filled12_,150,0.32731595381674156
67,253,filled01_filled02_filled12_,160,0.31782382285539074
71,269,filled01_filled02_filled12_,170,0.318925995336945
73,287,filled01_filled02_filled12_,180,0.3157529655382681
79,301,filled01_filled02_filled12_,190,0.32460501292130267
84,316,filled01_filled02_filled12_,200,0.3341398404689544
87,333,filled01_filled02_filled12_,210,0.3290919104067893
91,349,filled01_filled02_filled12_,220,0.33344280646846297
96,364,filled01_filled02_filled12_,230,0.327722910001391
100,380,filled01_filled02_filled12_,240,0.3251293892193959
103,397,filled01_filled02_filled12_,250,0.3213515281226792
105,415,filled01_filled02_filled12_,260,0.31886569310917573
107,433,filled01_filled02_filled12_,270,0.31789526246801075
109,451,filled01_filled02_filled12_,280,0.3098095192135926
115,465,filled01_filled02_filled12_,290,0.31100403572449264
118,482,filled01_filled02_filled12_,300,0.30923660420009164
123,497,filled01_filled02_filled12_,310,0.3089567748909399
125,515,filled01_filled02_filled12_,320,0.306002034198886
128,532,filled01_filled02_filled12_,330,0.3032844280245047
130,550,filled01_filled02_filled12_,340,0.30726260394903576
135,565,filled01_filled02_filled12_,350,0.306549656779382
140,580,filled01_filled02_filled12_,360,0.30570729486741777
140,600,filled01_filled02_filled12_,370,0.298218444465909
147,613,filled01_filled02_filled12_,380,0.29964559350526726
153,627,filled01_filled02_filled12_,390,0.2988485337492581
154,646,filled01_filled02_filled12_,400,0.2948918552764056
157,663,filled01_filled02_filled12_,410,0.2901794623410016
161,679,filled01_filled02_filled12_,420,0.29201715171973364
163,697,filled01_filled02_filled12_,430,0.29080931993070247
165,715,filled01_filled02_filled12_,440,0.285957985128303
167,733,filled01_filled02_filled12_,450,0.2876923816405797
173,747,filled01_filled02_filled12_,460,0.28893226056135296
174,766,filled01_filled02_filled12_,470,0.28721467843391907
177,783,filled01_filled02_filled12_,480,0.28851683046838533
179,801,filled01_filled02_filled12_,490,0.28672884183556124
181,819,filled01_filled02_filled12_,500,0.28683886819646703
185,835,filled01_filled02_filled12_,510,0.28677916530756575
186,854,filled01_filled02_filled12_,520,0.2861194648508227
189,871,filled01_filled02_filled12_,530,0.2829355804156972
193,887,filled01_filled02_filled12_,540,0.28295123924830223
195,905,filled01_filled02_filled12_,550,0.27833015235414243
198,922,filled01_filled02_filled12_,560,0.277722766778766
198,942,filled01_filled02_filled12_,570,0.2739725321932807
200,960,filled01_filled02_filled12_,580,0.2721915563092467
204,976,filled01_filled02_filled12_,590,0.270879379486938
207,993,filled01_filled02_filled12_,600,0.27080487315972596
208,1012,filled01_filled02_filled12_,610,0.26953796031159233
209,1031,filled01_filled02_filled12_,620,0.2685964099990724
212,1048,filled01_filled02_filled12_,630,0.2692338137981438
215,1065,filled01_filled02_filled12_,640,0.26896476878383774
217,1083,filled01_filled02_filled12_,650,0.2673497843430315
221,1099,filled01_filled02_filled12_,660,0.2683427173434714
223,1117,filled01_filled02_filled12_,670,0.26796028167674446
224,1136,filled01_filled02_filled12_,680,0.2667696891592544
224,1156,filled01_filled02_filled12_,690,0.2635259540761898
225,1175,filled01_filled02_filled12_,700,0.2611829515004804
227,1193,filled01_filled02_filled12_,710,0.26037986828306864
231,1209,filled01_filled02_filled12_,720,0.26158346406985394
237,1223,filled01_filled02_filled12_,730,0.2625314284000008
238,1242,filled01_filled02_filled12_,740,0.259902155272103
240,1260,filled01_filled02_filled12_,750,0.2603326240135175
241,1279,filled01_filled02_filled12_,760,0.25822801416774027
244,1296,filled01_filled02_filled12_,770,0.25638344159077714
247,1313,filled01_filled02_filled12_,780,0.2568329279305612
251,1329,filled01_filled02_filled12_,790,0.256962431965253
253,1347,filled01_filled02_filled12_,800,0.25531000588938657
257,1363,filled01_filled02_filled12_,810,0.2552638967699199
261,1379,filled01_filled02_filled12_,820,0.25483304589389205
263,1397,filled01_filled02_filled12_,830,0.25327200931052724
264,1416,filled01_filled02_filled12_,840,0.2532602911799855
268,1432,filled01_filled02_filled12_,850,0.25436162794871314
273,1447,filled01_filled02_filled12_,860,0.25515560217963434
276,1464,filled01_filled02_filled12_,870,0.2550293605867019
280,1480,filled01_filled02_filled12_,880,0.25435892683279443
281,1499,filled01_filled02_filled12_,890,0.2515790739508532
284,1516,filled01_filled02_filled12_,900,0.2514945217410956
287,1533,filled01_filled02_filled12_,910,0.25175973866685203
288,1552,filled01_filled02_filled12_,920,0.2494524406757044
289,1571,filled01_filled02_filled12_,930,0.24872173246919163
296,1584,filled01_filled02_filled12_,940,0.25025608186507897
299,1601,filled01_filled02_filled12_,950,0.2498624494775533
302,1618,filled01_filled02_filled12_,960,0.2506259210338226
304,1636,filled01_filled02_filled12_,970,0.24910284873148544
306,1654,filled01_filled02_filled12_,980,0.24897376361946832
309,1671,filled01_filled02_filled12_,990,0.24812580816753668
311,1689,filled01_filled02_filled12_,1000,0.2469120555052896
311,1709,filled01_filled02_filled12_,1010,0.24688978412233697
315,1725,filled01_filled02_filled12_,1020,0.24693580384453764
319,1741,filled01_filled02_filled12_,1030,0.24583891870208074
322,1758,filled01_filled02_filled12_,1040,0.24424360434200607
323,1777,filled01_filled02_filled12_,1050,0.24380177255670024
326,1794,filled01_filled02_filled12_,1060,0.2431432095368843
327,1813,filled01_filled02_filled12_,1070,0.24198878371142887
328,1832,filled01_filled02_filled12_,1080,0.24171878211192047
328,1852,filled01_filled02_filled12_,1090,0.24124571126296393
333,1867,filled01_filled02_filled12_,1100,0.24232692108505272
336,1884,filled01_filled02_filled12_,1110,0.24101390915426854
339,1901,filled01_filled02_filled12_,1120,0.24034909439272736
341,1919,filled01_filled02_filled12_,1130,0.23956106999492124
345,1935,filled01_filled02_filled12_,1140,0.24007465792287544
349,1951,filled01_filled02_filled12_,1150,0.24004409977574803
350,1970,filled01_filled02_filled12_,1160,0.24054473085913156
351,1989,filled01_filled02_filled12_,1170,0.23965571276069553
353,2007,filled01_filled02_filled12_,1180,0.23897116596286164
356,2024,filled01_filled02_filled12_,1190,0.2383675995146285
359,2041,filled01_filled02_filled12_,1200,0.2385420809084586
361,2059,filled01_filled02_filled12_,1210,0.23915720922875228
362,2078,filled01_filled02_filled12_,1220,0.23951705807471066
364,2096,filled01_filled02_filled12_,1230,0.23942981466902855
364,2116,filled01_filled02_filled12_,1240,0.23847560358087785
366,2134,filled01_filled02_filled12_,1250,0.23685242467955517
368,2152,filled01_filled02_filled12_,1260,0.2364216518794954
370,2170,filled01_filled02_filled12_,1270,0.23605890703489033
374,2186,filled01_filled02_filled12_,1280,0.2357627847642336
377,2203,filled01_filled02_filled12_,1290,0.23600297499410564
379,2221,filled01_filled02_filled12_,1300,0.23517784174826675
380,2240,filled01_filled02_filled12_,1310,0.2352477682959003
380,2260,filled01_filled02_filled12_,1320,0.233632601305199
382,2278,filled01_filled02_filled12_,1330,0.2335977957905465
383,2297,filled01_filled02_filled12_,1340,0.23219286130717898
384,2316,filled01_filled02_filled12_,1350,0.23148890259441454
387,2333,filled01_filled02_filled12_,1360,0.23186175306702747
391,2349,filled01_filled02_filled12_,1370,0.23178098570123054
395,2365,filled01_filled02_filled12_,1380,0.2315348042357331
402,2378,filled01_filled02_filled12_,1390,0.23255342919566793
405,2395,filled01_filled02_filled12_,1400,0.23241402961844168
408,2412,filled01_filled02_filled12_,1410,0.2316874691613048
411,2429,filled01_filled02_filled12_,1420,0.23155583778393818
411,2449,filled01_filled02_filled12_,1430,0.23079456629094564
417,2463,filled01_filled02_filled12_,1440,0.23093441572683016
420,2480,filled01_filled02_filled12_,1450,0.23138861504097316
421,2499,filled01_filled02_filled12_,1460,0.2301703999715231
423,2517,filled01_filled02_filled12_,1470,0.22979915275765797
427,2533,filled01_filled02_filled12_,1480,0.23030510483221886
429,2551,filled01_filled02_filled12_,1490,0.2297840874198683
430,2570,filled01_filled02_filled12_,1500,0.22871573999563125
434,2586,filled01_filled02_filled12_,1510,0.22921796341441847
439,2601,filled01_filled02_filled12_,1520,0.22971282488489456
442,2618,filled01_filled02_filled12_,1530,0.2289164266166949
443,2637,filled01_filled02_filled12_,1540,0.22793079391360202
445,2655,filled01_filled02_filled12_,1550,0.22789070160280564
449,2671,filled01_filled02_filled12_,1560,0.22789473662441673
449,2691,filled01_filled02_filled12_,1570,0.2274658346802787
452,2708,filled01_filled02_filled12_,1580,0.2274285861807208
454,2726,filled01_filled02_filled12_,1590,0.22752783645968347
457,2743,filled01_filled02_filled12_,1600,0.2273472505573506
458,2762,filled01_filled02_filled12_,1610,0.22646094220051824
462,2778,filled01_filled02_filled12_,1620,0.22628828738162401
462,2798,filled01_filled02_filled12_,1630,0.22523828798984794
462,2818,filled01_filled02_filled12_,1640,0.223881768698054
463,2837,filled01_filled02_filled12_,1650,0.2232237317590303
465,2855,filled01_filled02_filled12_,1660,0.2233948120838635
466,2874,filled01_filled02_filled12_,1670,0.22270551589445117
468,2892,filled01_filled02_filled12_,1680,0.22233664398686195
470,2910,filled01_filled02_filled12_,1690,0.22197251858439337
472,2928,filled01_filled02_filled12_,1700,0.22201304208971603
474,2946,filled01_filled02_filled12_,1710,0.22200456175388714
476,2964,filled01_filled02_filled12_,1720,0.2211774154270272
477,2983,filled01_filled02_filled12_,1730,0.2210023206834386
480,3000,filled01_filled02_filled12_,1740,0.220533243899244
483,3017,filled01_filled02_filled12_,1750,0.22007072606781333
484,3036,filled01_filled02_filled12_,1760,0.21906306040457024
485,3055,filled01_filled02_filled12_,1770,0.2189032678828263
488,3072,filled01_filled02_filled12_,1780,0.2186257777706755
490,3090,filled01_filled02_filled12_,1790,0.2188483561256007
490,3110,filled01_filled02_filled12_,1800,0.21795024525350204
494,3126,filled01_filled02_filled12_,1810,0.21825776573699693
499,3141,filled01_filled02_filled12_,1820,0.21786329221665549
499,3161,filled01_filled02_filled12_,1830,0.2177166268797505
504,3176,filled01_filled02_filled12_,1840,0.2186234326886591
507,3193,filled01_filled02_filled12_,1850,0.2188750911065632
510,3210,filled01_filled02_filled12_,1860,0.21824487662591277
511,3229,filled01_filled02_filled12_,1870,0.2182568273992909
515,3245,filled01_filled02_filled12_,1880,0.21839358847421533
518,3262,filled01_filled02_filled12_,1890,0.21832825333057135
522,3278,filled01_filled02_filled12_,1900,0.2184634759275682
523,3297,filled01_filled02_filled12_,1910,0.2186289421236265
526,3314,filled01_filled02_filled12_,1920,0.21825499765398507
527,3333,filled01_filled02_filled12_,1930,0.21753677798566837
527,3353,filled01_filled02_filled12_,1940,0.2170161493231911
530,3370,filled01_filled02_filled12_,1950,0.21597299400913314
532,3388,filled01_filled02_filled12_,1960,0.21577327806398172
532,3408,filled01_filled02_filled12_,1970,0.21549877170546763
537,3423,filled01_filled02_filled12_,1980,0.2157550150016072
538,3442,filled01_filled02_filled12_,1990,0.21551718972333614
539,3461,filled01_filled02_filled12_,2000,0.21502278331858196
542,3478,filled01_filled02_filled12_,2010,0.21494374055084609
548,3492,filled01_filled02_filled12_,2020,0.21534217431056726
553,3507,filled01_filled02_filled12_,2030,0.2155590008248618
555,3525,filled01_filled02_filled12_,2040,0.21508174675634337
559,3541,filled01_filled02_filled12_,2050,0.21522326915473286
563,3557,filled01_filled02_filled12_,2060,0.2149702746161641
563,3577,filled01_filled02_filled12_,2070,0.21378949776203393
568,3592,filled01_filled02_filled12_,2080,0.21390324094001453
570,3610,filled01_filled02_filled12_,2090,0.21432902831764186
573,3627,filled01_filled02_filled12_,2100,0.21379781078929092
575,3645,filled01_filled02_filled12_,2110,0.21389991796929766
577,3663,filled01_filled02_filled12_,2120,0.2138950892076453
580,3680,filled01_filled02_filled12_,2130,0.21385839398119158
581,3699,filled01_filled02_filled12_,2140,0.2135398173062201
585,3715,filled01_filled02_filled12_,2150,0.21395366458692164
587,3733,filled01_filled02_filled12_,2160,0.2138868493848495
592,3748,filled01_filled02_filled12_,2170,0.213964595328788
595,3765,filled01_filled02_filled12_,2180,0.21389801558326807
598,3782,filled01_filled02_filled12_,2190,0.21426143168605352
600,3800,filled01_filled02_filled12_,2200,0.21375546320070637
601,3819,filled01_filled02_filled12_,2210,0.21332691648277488
603,3837,filled01_filled02_filled12_,2220,0.2137897025621948
605,3855,filled01_filled02_filled12_,2230,0.21355413983133784
607,3873,filled01_filled02_filled12_,2240,0.2133619005336217
607,3893,filled01_filled02_filled12_,2250,0.21267376769244997
609,3911,filled01_filled02_filled12_,2260,0.2125752969887015
612,3928,filled01_filled02_filled12_,2270,0.2127738046684867
614,3946,filled01_filled02_filled12_,2280,0.21280391739544466
620,3960,filled01_filled02_filled12_,2290,0.21268489111118424
623,3977,filled01_filled02_filled12_,2300,0.21233492482880859
626,3994,filled01_filled02_filled12_,2310,0.2124050183927544
629,4011,filled01_filled02_filled12_,2320,0.21262890746336627
631,4029,filled01_filled02_filled12_,2330,0.2124764717263368
635,4045,filled01_filled02_filled12_,2340,0.21254469248595528
636,4064,filled01_filled02_filled12_,2350,0.2121372873610119
639,4081,filled01_filled02_filled12_,2360,0.21189395100349637
640,4100,filled01_filled02_filled12_,2370,0.21161623124903883
640,4120,filled01_filled02_filled12_,2380,0.2108523692801295
640,4140,filled01_filled02_filled12_,2390,0.21049716029126964
641,4159,filled01_filled02_filled12_,2400,0.21047992858386907
643,4177,filled01_filled02_filled12_,2410,0.21012893516509992
644,4196,filled01_filled02_filled12_,2420,0.2098738597942045
647,4213,filled01_filled02_filled12_,2430,0.2103639542405176
649,4231,filled01_filled02_filled12_,2440,0.21055023238918857
649,4251,filled01_filled02_filled12_,2450,0.21007936282414233
653,4267,filled01_filled02_filled12_,2460,0.21027210521943807
655,4285,filled01_filled02_filled12_,2470,0.21057697911672127
655,4305,filled01_filled02_filled12_,2480,0.2104665799911156
656,4324,filled01_filled02_filled12_,2490,0.2101544056381064
660,4340,filled01_filled02_filled12_,2500,0.2101385569740892
662,4358,filled01_filled02_filled12_,2510,0.2102968568176302
662,4378,filled01_filled02_filled12_,2520,0.2100749388187527
663,4397,filled01_filled02_filled12_,2530,0.209566110146164
668,4412,filled01_filled02_filled12_,2540,0.2096703976321396
669,4431,filled01_filled02_filled12_,2550,0.20928233755527795
674,4446,filled01_filled02_filled12_,2560,0.20967208260435707
677,4463,filled01_filled02_filled12_,2570,0.20954494832067014
679,4481,filled01_filled02_filled12_,2580,0.20936324797902736
679,4501,filled01_filled02_filled12_,2590,0.20898258471982967
682,4518,filled01_filled02_filled12_,2600,0.20880512500967666
684,4536,filled01_filled02_filled12_,2610,0.20829078257685998
686,4554,filled01_filled02_filled12_,2620,0.20850582589713026
687,4573,filled01_filled02_filled12_,2630,0.20810773455383533
689,4591,filled01_filled02_filled12_,2640,0.2080172206297892
689,4611,filled01_filled02_filled12_,2650,0.2081214196778531
690,4630,filled01_filled02_filled12_,2660,0.2078657319812959
690,4650,filled01_filled02_filled12_,2670,0.20733786492372328
693,4667,filled01_filled02_filled12_,2680,0.20736031912306285
695,4685,filled01_filled02_filled12_,2690,0.20711061802835198
696,4704,filled01_filled02_filled12_,2700,0.20705286585573127
698,4722,filled01_filled02_filled12_,2710,0.20718452994785416
701,4739,filled01_filled02_filled12_,2720,0.20707377158018972
702,4758,filled01_filled02_filled12_,2730,0.20640176706703586
703,4777,filled01_filled02_filled12_,2740,0.20629539106181238
705,4795,filled01_filled02_filled12_,2750,0.2064816763060707
709,4811,filled01_filled02_filled12_,2760,0.20664014525433197
709,4831,filled01_filled02_filled12_,2770,0.2063217411839328
709,4851,filled01_filled02_filled12_,2780,0.20577057272683982
712,4868,filled01_filled02_filled12_,2790,0.2057467977047777
714,4886,filled01_filled02_filled12_,2800,0.20556640823086433
715,4905,filled01_filled02_filled12_,2810,0.20593147163389167
718,4922,filled01_filled02_filled12_,2820,0.20608868755716236
720,4940,filled01_filled02_filled12_,2830,0.20596145284806147
722,4958,filled01_filled02_filled12_,2840,0.20611594906623623
724,4976,filled01_filled02_filled12_,2850,0.20655375650165028
726,4994,filled01_filled02_filled12_,2860,0.20619485117968625
729,5011,filled01_filled02_filled12_,2870,0.2063217707541685
730,5030,filled01_filled02_filled12_,2880,0.20589040124724947
732,5048,filled01_filled02_filled12_,2890,0.20571498667359797
734,5066,filled01_filled02_filled12_,2900,0.20544026747552593
736,5084,filled01_filled02_filled12_,2910,0.20524319286391476
740,5100,filled01_filled02_filled12_,2920,0.20504663796800973
742,5118,filled01_filled02_filled12_,2930,0.20497613070144846
743,5137,filled01_filled02_filled12_,2940,0.20470863224912175
744,5156,filled01_filled02_filled12_,2950,0.20451546845317425
747,5173,filled01_filled02_filled12_,2960,0.20471802385812876
748,5192,filled01_filled02_filled12_,2970,0.20440426681888257
751,5209,filled01_filled02_filled12_,2980,0.20431276139387344
754,5226,filled01_filled02_filled12_,2990,0.20458739991180283
755,5245,filled01_filled02_filled12_,3000,0.20420422402773256
755,5265,filled01_filled02_filled12_,3010,0.2038970216991927
759,5281,filled01_filled02_filled12_,3020,0.20424244138247763
761,5299,filled01_filled02_filled12_,3030,0.2043695706904888
764,5316,filled01_filled02_filled12_,3040,0.20427987151078195
766,5334,filled01_filled02_filled12_,3050,0.2040475247950477
768,5352,filled01_filled02_filled12_,3060,0.2039598795720302
772,5368,filled01_filled02_filled12_,3070,0.20387221190134244
775,5385,filled01_filled02_filled12_,3080,0.20404564770756817
776,5404,filled01_filled02_filled12_,3090,0.20417124704811365
779,5421,filled01_filled02_filled12_,3100,0.20443688049526276
779,5441,filled01_filled02_filled12_,3110,0.20362303645113214
781,5459,filled01_filled02_filled12_,3120,0.2034683623128644
783,5477,filled01_filled02_filled12_,3130,0.20329162758734384
784,5496,filled01_filled02_filled12_,3140,0.20337094767477085
784,5516,filled01_filled02_filled12_,3150,0.202756932401456
786,5534,filled01_filled02_filled12_,3160,0.20297565740056248
787,5553,filled01_filled02_filled12_,3170,0.20298712971643287
788,5572,filled01_filled02_filled12_,3180,0.2029526247313218
791,5589,filled01_filled02_filled12_,3190,0.20348940502215615
792,5608,filled01_filled02_filled12_,3200,0.20308836045063208
794,5626,filled01_filled02_filled12_,3210,0.20300762626456856
796,5644,filled01_filled02_filled12_,3220,0.20263358125254338
796,5664,filled01_filled02_filled12_,3230,0.2019246385235475
799,5681,filled01_filled02_filled12_,3240,0.20200527559411252
807,5693,filled01_filled02_filled12_,3250,0.20239686845237656
810,5710,filled01_filled02_filled12_,3260,0.20220788630702655
814,5726,filled01_filled02_filled12_,3270,0.20255376440774317
818,5742,filled01_filled02_filled12_,3280,0.20318633152441812
821,5759,filled01_filled02_filled12_,3290,0.20295222315685932
825,5775,filled01_filled02_filled12_,3300,0.2029839463644849
826,5794,filled01_filled02_filled12_,3310,0.20268652859377675
828,5812,filled01_filled02_filled12_,3320,0.20228149274602747
832,5828,filled01_filled02_filled12_,3330,0.20253376542146517
833,5847,filled01_filled02_filled12_,3340,0.20243626078957033
835,5865,filled01_filled02_filled12_,3350,0.2020360593005074
838,5882,filled01_filled02_filled12_,3360,0.2019196541162085
844,5896,filled01_filled02_filled12_,3370,0.20236317990584637
846,5914,filled01_filled02_filled12_,3380,0.20218222952896062
847,5933,filled01_filled02_filled12_,3390,0.20185150158424323
850,5950,filled01_filled02_filled12_,3400,0.20220664955114062
856,5964,filled01_filled02_filled12_,3410,0.20279347058643757
857,5983,filled01_filled02_filled12_,3420,0.20254837398237255
859,6001,filled01_filled02_filled12_,3430,0.20262232133908473
864,6016,filled01_filled02_filled12_,3440,0.2025908038333498
866,6034,filled01_filled02_filled12_,3450,0.2025174753064599
869,6051,filled01_filled02_filled12_,3460,0.20261225982760436
872,6068,filled01_filled02_filled12_,3470,0.20258139312157256
873,6087,filled01_filled02_filled12_,3480,0.2024247145843292
876,6104,filled01_filled02_filled12_,3490,0.20235263071013057
876,6124,filled01_filled02_filled12_,3500,0.2022600696976163
880,6140,filled01_filled02_filled12_,3510,0.20231304812021775
881,6159,filled01_filled02_filled12_,3520,0.2019533707312511
884,6176,filled01_filled02_filled12_,3530,0.20186322315315694
886,6194,filled01_filled02_filled12_,3540,0.20203953185228185
887,6213,filled01_filled02_filled12_,3550,0.2017040819406489
891,6229,filled01_filled02_filled12_,3560,0.2015953001068667
893,6247,filled01_filled02_filled12_,3570,0.2018719548361676
894,6266,filled01_filled02_filled12_,3580,0.2019454550944603
895,6285,filled01_filled02_filled12_,3590,0.2016140536272318
897,6303,filled01_filled02_filled12_,3600,0.2014454192753388
897,6323,filled01_filled02_filled12_,3610,0.20113751080711348
900,6340,filled01_filled02_filled12_,3620,0.20125228428436517
904,6356,filled01_filled02_filled12_,3630,0.20126592274681968
905,6375,filled01_filled02_filled12_,3640,0.20102081828926643
907,6393,filled01_filled02_filled12_,3650,0.20119400413012065
912,6408,filled01_filled02_filled12_,3660,0.20170305450485268
916,6424,filled01_filled02_filled12_,3670,0.2015377573326913
919,6441,filled01_filled02_filled12_,3680,0.20147190413341556
921,6459,filled01_filled02_filled12_,3690,0.20128844904437582
926,6474,filled01_filled02_filled12_,3700,0.20126310073632758
926,6494,filled01_filled02_filled12_,3710,0.20086666842846124
928,6512,filled01_filled02_filled12_,3720,0.2008035167886469
929,6531,filled01_filled02_filled12_,3730,0.2004299221370204
931,6549,filled01_filled02_filled12_,3740,0.200291118768374
933,6567,filled01_filled02_filled12_,3750,0.2001910888668772
934,6586,filled01_filled02_filled12_,3760,0.20001486517395148
936,6604,filled01_filled02_filled12_,3770,0.20016504487157447
940,6620,filled01_filled02_filled12_,3780,0.20012382542057394
942,6638,filled01_filled02_filled12_,3790,0.19993023961461076
943,6657,filled01_filled02_filled12_,3800,0.19996579489242827
944,6676,filled01_filled02_filled12_,3810,0.20013415224932474
946,6694,filled01_filled02_filled12_,3820,0.19988515969201334
946,6714,filled01_filled02_filled12_,3830,0.19944885456417658
947,6733,filled01_filled02_filled12_,3840,0.19939149260068656
950,6750,filled01_filled02_filled12_,3850,0.1995221390823071
950,6770,filled01_filled02_filled12_,3860,0.19909051299141053
952,6788,filled01_filled02_filled12_,3870,0.1992397895571942
954,6806,filled01_filled02_filled12_,3880,0.19909094036843633
955,6825,filled01_filled02_filled12_,3890,0.19883153296990938
957,6843,filled01_filled02_filled12_,3900,0.19849970140572215
957,6863,filled01_filled02_filled12_,3910,0.198224204895596
957,6883,filled01_filled02_filled12_,3920,0.19818847272195625
958,6902,filled01_filled02_filled12_,3930,0.1979523852600412
959,6921,filled01_filled02_filled12_,3940,0.1977355426674322
962,6938,filled01_filled02_filled12_,3950,0.1978119043945804
963,6957,filled01_filled02_filled12_,3960,0.19810646431849244
964,6976,filled01_filled02_filled12_,3970,0.19790991082736054
969,6991,filled01_filled02_filled12_,3980,0.19784013677006004
971,7009,filled01_filled02_filled12_,3990,0.19753639813802204
976,7024,filled01_filled02_filled12_,4000,0.19761186222145444
978,7042,filled01_filled02_filled12_,4010,0.19768759191531102
980,7060,filled01_filled02_filled12_,4020,0.19772648529575423
982,7078,filled01_filled02_filled12_,4030,0.19774772926687786
990,7090,filled01_filled02_filled12_,4040,0.19796520558597583
993,7107,filled01_filled02_filled12_,4050,0.19820000734847776
994,7126,filled01_filled02_filled12_,4060,0.1979008043098516
994,7146,filled01_filled02_filled12_,4070,0.197849548006965
996,7164,filled01_filled02_filled12_,4080,0.1977465837207021
999,7181,filled01_filled02_filled12_,4090,0.19762679379591588
1001,7199,filled01_filled02_filled12_,4100,0.19789394216030734
1002,7218,filled01_filled02_filled12_,4110,0.19784316134577704
1003,7237,filled01_filled02_filled12_,4120,0.19753219622757104
1003,7257,filled01_filled02_filled12_,4130,0.19713515480943292
1004,7276,filled01_filled02_filled12_,4140,0.19680932006345805
1007,7293,filled01_filled02_filled12_,4150,0.19686730882843304
1011,7309,filled01_filled02_filled12_,4160,0.19682052829288768
1013,7327,filled01_filled02_filled12_,4170,0.19654976270359206
1017,7343,filled01_filled02_filled12_,4180,0.19659113041564433
1019,7361,filled01_filled02_filled12_,4190,0.1966308084664723
1021,7379,filled01_filled02_filled12_,4200,0.1965671541710963
1025,7395,filled01_filled02_filled12_,4210,0.19654012124168305
1026,7414,filled01_filled02_filled12_,4220,0.1963927371857408
1027,7433,filled01_filled02_filled12_,4230,0.19605960431107447
1028,7452,filled01_filled02_filled12_,4240,0.19604909573546295
1031,7469,filled01_filled02_filled12_,4250,0.19593829242288904
1032,7488,filled01_filled02_filled12_,4260,0.19574303485231984
1032,7508,filled01_filled02_filled12_,4270,0.19529751426133724
1035,7525,filled01_filled02_filled12_,4280,0.19554133323289677
1038,7542,filled01_filled02_filled12_,4290,0.19538244423446594
1039,7561,filled01_filled02_filled12_,4300,0.19525685587736266
1041,7579,filled01_filled02_filled12_,4310,0.1950654940446935
1045,7595,filled01_filled02_filled12_,4320,0.19525724633064187
1046,7614,filled01_filled02_filled12_,4330,0.1951168625160229
1050,7630,filled01_filled02_filled12_,4340,0.19516009068122067
1053,7647,filled01_filled02_filled12_,4350,0.1952192308168411
1057,7663,filled01_filled02_filled12_,4360,0.19545854275800345
1059,7681,filled01_filled02_filled12_,4370,0.19525348986512323
1064,7696,filled01_filled02_filled12_,4380,0.19541064940324593
1068,7712,filled01_filled02_filled12_,4390,0.19543502526974713
1070,7730,filled01_filled02_filled12_,4400,0.1953454851295565
1070,7750,filled01_filled02_filled12_,4410,0.19493105872886882
1070,7770,filled01_filled02_filled12_,4420,0.1946476845083117
1071,7789,filled01_filled02_filled12_,4430,0.19459182771350206
1072,7808,filled01_filled02_filled12_,4440,0.19450520432657217
1074,7826,filled01_filled02_filled12_,4450,0.194339425918535
1077,7843,filled01_filled02_filled12_,4460,0.1943812961322419
1079,7861,filled01_filled02_filled12_,4470,0.19416827225600086
1080,7880,filled01_filled02_filled12_,4480,0.19390823383482927
1082,7898,filled01_filled02_filled12_,4490,0.1938241176855587
1083,7917,filled01_filled02_filled12_,4500,0.19372296532852015
1084,7936,filled01_filled02_filled12_,4510,0.193670218226164
1086,7954,filled01_filled02_filled12_,4520,0.19353948092162646
1086,7974,filled01_filled02_filled12_,4530,0.19337714274857046
1088,7992,filled01_filled02_filled12_,4540,0.19342052585915095
1093,8007,filled01_filled02_filled12_,4550,0.19337060611820836
1095,8025,filled01_filled02_filled12_,4560,0.1932738964405041
1096,8044,filled01_filled02_filled12_,4570,0.19314561864356797
1096,8064,filled01_filled02_filled12_,4580,0.19281484737272622
1098,8082,filled01_filled02_filled12_,4590,0.19279698208586696
1100,8100,filled01_filled02_filled12_,4600,0.19264073057315026
1103,8117,filled01_filled02_filled12_,4610,0.19273372533614763
1106,8134,filled01_filled02_filled12_,4620,0.19287077346768564
1107,8153,filled01_filled02_filled12_,4630,0.19263727144674805
1107,8173,filled01_filled02_filled12_,4640,0.19231212643193404
1110,8190,filled01_filled02_filled12_,4650,0.19247856713152803
1112,8208,filled01_filled02_filled12_,4660,0.19241760977409564
1113,8227,filled01_filled02_filled12_,4670,0.19218725268963863
1113,8247,filled01_filled02_filled12_,4680,0.1918660897424369
1115,8265,filled01_filled02_filled12_,4690,0.19179017902188641
1120,8280,filled01_filled02_filled12_,4700,0.19204938626272572
1121,8299,filled01_filled02_filled12_,4710,0.19206266182934906
1123,8317,filled01_filled02_filled12_,4720,0.19201578254715482
1126,8334,filled01_filled02_filled12_,4730,0.191714754280674
1129,8351,filled01_filled02_filled12_,4740,0.19158014516182378
1135,8365,filled01_filled02_filled12_,4750,0.1916724015015414
1138,8382,filled01_filled02_filled12_,4760,0.1917644921359939
1140,8400,filled01_filled02_filled12_,4770,0.19186817277515864
1142,8418,filled01_filled02_filled12_,4780,0.19177948307288198
1145,8435,filled01_filled02_filled12_,4790,0.1915281146694765
1149,8451,filled01_filled02_filled12_,4800,0.19157506005216338
1152,8468,filled01_filled02_filled12_,4810,0.19191344819995812
1152,8488,filled01_filled02_filled12_,4820,0.19164691492262495
1155,8505,filled01_filled02_filled12_,4830,0.1919255559055748
1155,8525,filled01_filled02_filled12_,4840,0.19174892557090342
1156,8544,filled01_filled02_filled12_,4850,0.19173424184935242
1157,8563,filled01_filled02_filled12_,4860,0.19139801891392458
1159,8581,filled01_filled02_filled12_,4870,0.1911795628102979
1159,8601,filled01_filled02_filled12_,4880,0.19075823844642537
1161,8619,filled01_filled02_filled12_,4890,0.19070174750922833
1162,8638,filled01_filled02_filled12_,4900,0.19045865182692764
1162,8658,filled01_filled02_filled12_,4910,0.19025812237080578
1165,8675,filled01_filled02_filled12_,4920,0.1904624971980344
1166,8694,filled01_filled02_filled12_,4930,0.1901343871141401
1167,8713,filled01_filled02_filled12_,4940,0.18996551363316427
1167,8733,filled01_filled02_filled12_,4950,0.18983850936398317
1169,8751,filled01_filled02_filled12_,4960,0.18967093064400228
1171,8769,filled01_filled02_filled12_,4970,0.18967444657109578
1173,8787,filled01_filled02_filled12_,4980,0.18956459421801197
1173,8807,filled01_filled02_filled12_,4990,0.18953916358809
