size intersection,size union,state,k,mean JI
3,17,filled01_filled02_filled12_,10,0.2605042016806723
8,32,filled01_filled02_filled12_,20,0.33352758352758355
13,47,filled01_filled02_filled12_,30,0.3421985815602837
21,59,filled01_filled02_filled12_,40,0.4070994563479373
24,76,filled01_filled02_filled12_,50,0.36523741786899677
29,91,filled01_filled02_filled12_,60,0.34025620173627763
31,109,filled01_filled02_filled12_,70,0.33736876950723543
34,126,filled01_filled02_filled12_,80,0.3347955747955748
39,141,filled01_filled02_filled12_,90,0.34098010306907794
43,157,filled01_filled02_filled12_,100,0.33149119520419634
48,172,filled01_filled02_filled12_,110,0.3286744699419888
50,190,filled01_filled02_filled12_,120,0.3240329740012682
52,208,filled01_filled02_filled12_,130,0.3168276972624799
54,226,filled01_filled02_filled12_,140,0.30528774373919304
58,242,filled01_filled02_filled12_,150,0.30608028335301063
70,250,filled01_filled02_filled12_,160,0.3261375661375661
72,268,filled01_filled02_filled12_,170,0.3188291347495327
79,281,filled01_filled02_filled12_,180,0.32538283229168935
82,298,filled01_filled02_filled12_,190,0.3202824102594894
82,318,filled01_filled02_filled12_,200,0.3084025641184624
83,337,filled01_filled02_filled12_,210,0.3026044234672402
89,351,filled01_filled02_filled12_,220,0.30990795412297467
94,366,filled01_filled02_filled12_,230,0.30954842430252266
96,384,filled01_filled02_filled12_,240,0.30454721975248084
99,401,filled01_filled02_filled12_,250,0.30435932798837423
102,418,filled01_filled02_filled12_,260,0.3065389154505557
107,433,filled01_filled02_filled12_,270,0.30695107234089475
112,448,filled01_filled02_filled12_,280,0.30736684213505405
117,463,filled01_filled02_filled12_,290,0.30864943084791857
122,478,filled01_filled02_filled12_,300,0.3061231517763363
125,495,filled01_filled02_filled12_,310,0.30211643851364145
128,512,filled01_filled02_filled12_,320,0.2999459889703792
131,529,filled01_filled02_filled12_,330,0.2974188552950568
132,548,filled01_filled02_filled12_,340,0.2930337057520636
134,566,filled01_filled02_filled12_,350,0.2901472606687366
137,583,filled01_filled02_filled12_,360,0.287448480995573
141,599,filled01_filled02_filled12_,370,0.28433197692134643
142,618,filled01_filled02_filled12_,380,0.283829439169245
149,631,filled01_filled02_filled12_,390,0.285420322017357
151,649,filled01_filled02_filled12_,400,0.28250597173241004
153,667,filled01_filled02_filled12_,410,0.27958926636058656
156,684,filled01_filled02_filled12_,420,0.2825629885038121
159,701,filled01_filled02_filled12_,430,0.2833386230056806
164,716,filled01_filled02_filled12_,440,0.28261070946512323
167,733,filled01_filled02_filled12_,450,0.2815168510939316
172,748,filled01_filled02_filled12_,460,0.2805698588517373
177,763,filled01_filled02_filled12_,470,0.2850839379578008
179,781,filled01_filled02_filled12_,480,0.28413912886723586
182,798,filled01_filled02_filled12_,490,0.28361516664671177
186,814,filled01_filled02_filled12_,500,0.2856485250073704
191,829,filled01_filled02_filled12_,510,0.28546916096473524
193,847,filled01_filled02_filled12_,520,0.28238343361537926
198,862,filled01_filled02_filled12_,530,0.28349095574190114
201,879,filled01_filled02_filled12_,540,0.2857646037496501
203,897,filled01_filled02_filled12_,550,0.2858679758812777
206,914,filled01_filled02_filled12_,560,0.2848014492348571
209,931,filled01_filled02_filled12_,570,0.28307811319408605
212,948,filled01_filled02_filled12_,580,0.2791347151386195
215,965,filled01_filled02_filled12_,590,0.28018532677784275
216,984,filled01_filled02_filled12_,600,0.27816675097249705
219,1001,filled01_filled02_filled12_,610,0.2763889834755115
222,1018,filled01_filled02_filled12_,620,0.2758787957349819
224,1036,filled01_filled02_filled12_,630,0.2749975498398363
228,1052,filled01_filled02_filled12_,640,0.2747410636104847
232,1068,filled01_filled02_filled12_,650,0.27428098625224984
235,1085,filled01_filled02_filled12_,660,0.2708938145399307
241,1099,filled01_filled02_filled12_,670,0.2726473461923853
245,1115,filled01_filled02_filled12_,680,0.27345170105645233
247,1133,filled01_filled02_filled12_,690,0.2735184342561344
248,1152,filled01_filled02_filled12_,700,0.27053788451533184
251,1169,filled01_filled02_filled12_,710,0.268617016083821
254,1186,filled01_filled02_filled12_,720,0.2676957778635442
261,1199,filled01_filled02_filled12_,730,0.2684143911045301
262,1218,filled01_filled02_filled12_,740,0.2664390968902169
264,1236,filled01_filled02_filled12_,750,0.2655925603673297
265,1255,filled01_filled02_filled12_,760,0.2649303838425707
266,1274,filled01_filled02_filled12_,770,0.2648611431572892
269,1291,filled01_filled02_filled12_,780,0.2646290147153647
272,1308,filled01_filled02_filled12_,790,0.2634546683931016
273,1327,filled01_filled02_filled12_,800,0.2624010299500239
275,1345,filled01_filled02_filled12_,810,0.26136721019913284
280,1360,filled01_filled02_filled12_,820,0.2623720996005594
286,1374,filled01_filled02_filled12_,830,0.26238947445176847
288,1392,filled01_filled02_filled12_,840,0.2624213371161878
289,1411,filled01_filled02_filled12_,850,0.2626077470158397
293,1427,filled01_filled02_filled12_,860,0.26191001379328627
295,1445,filled01_filled02_filled12_,870,0.2608845610499154
302,1458,filled01_filled02_filled12_,880,0.26217097395710637
303,1477,filled01_filled02_filled12_,890,0.2606867017718166
306,1494,filled01_filled02_filled12_,900,0.25861242688046987
308,1512,filled01_filled02_filled12_,910,0.2567322961127175
313,1527,filled01_filled02_filled12_,920,0.25608247197853734
318,1542,filled01_filled02_filled12_,930,0.2569583237756217
319,1561,filled01_filled02_filled12_,940,0.25587637079273806
322,1578,filled01_filled02_filled12_,950,0.2548792507418886
325,1595,filled01_filled02_filled12_,960,0.25434691200853177
332,1608,filled01_filled02_filled12_,970,0.2542606825756358
335,1625,filled01_filled02_filled12_,980,0.25343773145698867
337,1643,filled01_filled02_filled12_,990,0.2523274136854283
338,1662,filled01_filled02_filled12_,1000,0.2516633527753821
339,1681,filled01_filled02_filled12_,1010,0.250357026465665
344,1696,filled01_filled02_filled12_,1020,0.2503764684093254
346,1714,filled01_filled02_filled12_,1030,0.2495785518719694
349,1731,filled01_filled02_filled12_,1040,0.24943144384860602
350,1750,filled01_filled02_filled12_,1050,0.24825722429535765
351,1769,filled01_filled02_filled12_,1060,0.24659788404778618
353,1787,filled01_filled02_filled12_,1070,0.2462607107596533
354,1806,filled01_filled02_filled12_,1080,0.24465566301066777
356,1824,filled01_filled02_filled12_,1090,0.24440042554809438
359,1841,filled01_filled02_filled12_,1100,0.24523628314525606
362,1858,filled01_filled02_filled12_,1110,0.24595637317697114
365,1875,filled01_filled02_filled12_,1120,0.24478008630343695
367,1893,filled01_filled02_filled12_,1130,0.24373849940286296
369,1911,filled01_filled02_filled12_,1140,0.24339713105063554
370,1930,filled01_filled02_filled12_,1150,0.2429663451072748
372,1948,filled01_filled02_filled12_,1160,0.24197062766332525
372,1968,filled01_filled02_filled12_,1170,0.24027943231159163
372,1988,filled01_filled02_filled12_,1180,0.23887526081913377
375,2005,filled01_filled02_filled12_,1190,0.23929249645838455
377,2023,filled01_filled02_filled12_,1200,0.23856224317998345
377,2043,filled01_filled02_filled12_,1210,0.2378475660258327
380,2060,filled01_filled02_filled12_,1220,0.23714124869297978
382,2078,filled01_filled02_filled12_,1230,0.23815244380392522
382,2098,filled01_filled02_filled12_,1240,0.23756478398594147
387,2113,filled01_filled02_filled12_,1250,0.23757400151327215
388,2132,filled01_filled02_filled12_,1260,0.2376627573109312
389,2151,filled01_filled02_filled12_,1270,0.23656744866129545
393,2167,filled01_filled02_filled12_,1280,0.23687097762355938
393,2187,filled01_filled02_filled12_,1290,0.23608561008282547
394,2206,filled01_filled02_filled12_,1300,0.23513197918700815
397,2223,filled01_filled02_filled12_,1310,0.23498238678657665
402,2238,filled01_filled02_filled12_,1320,0.23483251934070445
405,2255,filled01_filled02_filled12_,1330,0.23563817619140762
408,2272,filled01_filled02_filled12_,1340,0.23678426196685012
409,2291,filled01_filled02_filled12_,1350,0.23553983922782715
410,2310,filled01_filled02_filled12_,1360,0.23431661916331395
414,2326,filled01_filled02_filled12_,1370,0.23435121016478877
416,2344,filled01_filled02_filled12_,1380,0.23401906687603982
417,2363,filled01_filled02_filled12_,1390,0.23364878658948943
419,2381,filled01_filled02_filled12_,1400,0.23268821952369742
421,2399,filled01_filled02_filled12_,1410,0.23216516029830295
422,2418,filled01_filled02_filled12_,1420,0.23144277396649313
424,2436,filled01_filled02_filled12_,1430,0.23133738952383068
428,2452,filled01_filled02_filled12_,1440,0.23081763561280955
431,2469,filled01_filled02_filled12_,1450,0.2306849110265785
436,2484,filled01_filled02_filled12_,1460,0.23107323272210503
441,2499,filled01_filled02_filled12_,1470,0.23160332250594717
442,2518,filled01_filled02_filled12_,1480,0.23035670096879915
443,2537,filled01_filled02_filled12_,1490,0.22988022086804658
447,2553,filled01_filled02_filled12_,1500,0.2297150229878886
449,2571,filled01_filled02_filled12_,1510,0.23128181871401932
452,2588,filled01_filled02_filled12_,1520,0.2318797607103488
453,2607,filled01_filled02_filled12_,1530,0.2315588256488664
454,2626,filled01_filled02_filled12_,1540,0.23120128038258528
455,2645,filled01_filled02_filled12_,1550,0.2305470488821626
459,2661,filled01_filled02_filled12_,1560,0.2312133676324458
461,2679,filled01_filled02_filled12_,1570,0.23143104730413233
462,2698,filled01_filled02_filled12_,1580,0.23082836673240467
462,2718,filled01_filled02_filled12_,1590,0.2300906131329117
465,2735,filled01_filled02_filled12_,1600,0.2294841067130434
467,2753,filled01_filled02_filled12_,1610,0.22962791811447658
469,2771,filled01_filled02_filled12_,1620,0.2300323889822172
471,2789,filled01_filled02_filled12_,1630,0.22959806179597983
473,2807,filled01_filled02_filled12_,1640,0.22905227911268086
475,2825,filled01_filled02_filled12_,1650,0.22809020839280617
478,2842,filled01_filled02_filled12_,1660,0.2274188125290424
479,2861,filled01_filled02_filled12_,1670,0.22676362534171227
480,2880,filled01_filled02_filled12_,1680,0.22668063004822128
485,2895,filled01_filled02_filled12_,1690,0.22598825284816093
487,2913,filled01_filled02_filled12_,1700,0.22573385227104983
490,2930,filled01_filled02_filled12_,1710,0.22609571841615939
491,2949,filled01_filled02_filled12_,1720,0.22536953491717138
495,2965,filled01_filled02_filled12_,1730,0.2254490026610536
498,2982,filled01_filled02_filled12_,1740,0.2253340819886143
505,2995,filled01_filled02_filled12_,1750,0.2269446745790297
508,3012,filled01_filled02_filled12_,1760,0.22675257315740427
512,3028,filled01_filled02_filled12_,1770,0.2267261621492387
514,3046,filled01_filled02_filled12_,1780,0.22601748112414377
517,3063,filled01_filled02_filled12_,1790,0.22528101186271907
520,3080,filled01_filled02_filled12_,1800,0.22468315620342447
526,3094,filled01_filled02_filled12_,1810,0.22492173981551486
530,3110,filled01_filled02_filled12_,1820,0.22548410482205705
536,3124,filled01_filled02_filled12_,1830,0.22571671206814536
539,3141,filled01_filled02_filled12_,1840,0.22589194754709238
541,3159,filled01_filled02_filled12_,1850,0.2256579496486549
544,3176,filled01_filled02_filled12_,1860,0.22523521518176123
546,3194,filled01_filled02_filled12_,1870,0.22538021825338697
549,3211,filled01_filled02_filled12_,1880,0.22549021872962094
551,3229,filled01_filled02_filled12_,1890,0.22581880966513382
552,3248,filled01_filled02_filled12_,1900,0.22531737176805303
556,3264,filled01_filled02_filled12_,1910,0.22475252377455646
557,3283,filled01_filled02_filled12_,1920,0.22402066404545407
558,3302,filled01_filled02_filled12_,1930,0.22383964841450762
559,3321,filled01_filled02_filled12_,1940,0.2231214464513639
561,3339,filled01_filled02_filled12_,1950,0.22273469548072108
564,3356,filled01_filled02_filled12_,1960,0.22273481485672497
569,3371,filled01_filled02_filled12_,1970,0.2230539961453115
570,3390,filled01_filled02_filled12_,1980,0.22314635877980357
576,3404,filled01_filled02_filled12_,1990,0.22296259963776613
579,3421,filled01_filled02_filled12_,2000,0.22275950049879456
581,3439,filled01_filled02_filled12_,2010,0.22253123850767367
584,3456,filled01_filled02_filled12_,2020,0.22190180018837943
585,3475,filled01_filled02_filled12_,2030,0.22171095308227387
591,3489,filled01_filled02_filled12_,2040,0.2222221299311241
595,3505,filled01_filled02_filled12_,2050,0.22267694659274614
596,3524,filled01_filled02_filled12_,2060,0.22265503967964928
599,3541,filled01_filled02_filled12_,2070,0.2226017790617927
600,3560,filled01_filled02_filled12_,2080,0.22227222406108274
604,3576,filled01_filled02_filled12_,2090,0.22274896987190718
608,3592,filled01_filled02_filled12_,2100,0.2226081021213853
609,3611,filled01_filled02_filled12_,2110,0.2219266327278099
610,3630,filled01_filled02_filled12_,2120,0.2213323638115268
613,3647,filled01_filled02_filled12_,2130,0.22161157714690805
614,3666,filled01_filled02_filled12_,2140,0.22121704165316705
615,3685,filled01_filled02_filled12_,2150,0.22104061072260392
616,3704,filled01_filled02_filled12_,2160,0.22038382687351166
619,3721,filled01_filled02_filled12_,2170,0.22010446386361646
622,3738,filled01_filled02_filled12_,2180,0.21953380889608298
623,3757,filled01_filled02_filled12_,2190,0.21889450363496699
624,3776,filled01_filled02_filled12_,2200,0.21889255949037123
625,3795,filled01_filled02_filled12_,2210,0.21839373756546374
626,3814,filled01_filled02_filled12_,2220,0.21857323951127375
629,3831,filled01_filled02_filled12_,2230,0.21846108430336422
631,3849,filled01_filled02_filled12_,2240,0.21873990057189863
633,3867,filled01_filled02_filled12_,2250,0.2184798894815475
635,3885,filled01_filled02_filled12_,2260,0.21855347839613226
635,3905,filled01_filled02_filled12_,2270,0.21819913221261159
637,3923,filled01_filled02_filled12_,2280,0.2173096430921416
638,3942,filled01_filled02_filled12_,2290,0.2164840627197259
639,3961,filled01_filled02_filled12_,2300,0.21589151766682102
639,3981,filled01_filled02_filled12_,2310,0.21535311642996088
641,3999,filled01_filled02_filled12_,2320,0.21521498272620496
641,4019,filled01_filled02_filled12_,2330,0.2151331632654346
645,4035,filled01_filled02_filled12_,2340,0.21535838652185726
649,4051,filled01_filled02_filled12_,2350,0.21570470474792702
652,4068,filled01_filled02_filled12_,2360,0.21583572395398956
653,4087,filled01_filled02_filled12_,2370,0.21536028590675346
656,4104,filled01_filled02_filled12_,2380,0.21522413018120878
656,4124,filled01_filled02_filled12_,2390,0.21473220884107794
661,4139,filled01_filled02_filled12_,2400,0.2144265188675616
663,4157,filled01_filled02_filled12_,2410,0.21396439229608744
664,4176,filled01_filled02_filled12_,2420,0.21353265381697561
666,4194,filled01_filled02_filled12_,2430,0.21340870660441813
667,4213,filled01_filled02_filled12_,2440,0.2130764004726525
670,4230,filled01_filled02_filled12_,2450,0.21271956583231835
671,4249,filled01_filled02_filled12_,2460,0.21206769077767987
671,4269,filled01_filled02_filled12_,2470,0.21165513383274737
672,4288,filled01_filled02_filled12_,2480,0.21112931587312342
673,4307,filled01_filled02_filled12_,2490,0.2112500106448089
674,4326,filled01_filled02_filled12_,2500,0.21130366403959785
678,4342,filled01_filled02_filled12_,2510,0.2109800491302786
681,4359,filled01_filled02_filled12_,2520,0.2111631736988623
684,4376,filled01_filled02_filled12_,2530,0.21136872935582965
686,4394,filled01_filled02_filled12_,2540,0.21108102342587687
687,4413,filled01_filled02_filled12_,2550,0.2109984656237411
688,4432,filled01_filled02_filled12_,2560,0.210380120085876
689,4451,filled01_filled02_filled12_,2570,0.20996655483275203
690,4470,filled01_filled02_filled12_,2580,0.20962074959301713
694,4486,filled01_filled02_filled12_,2590,0.20973305920281016
694,4506,filled01_filled02_filled12_,2600,0.2093978108243462
696,4524,filled01_filled02_filled12_,2610,0.20897069855005213
699,4541,filled01_filled02_filled12_,2620,0.208350886351831
701,4559,filled01_filled02_filled12_,2630,0.20836540607243703
702,4578,filled01_filled02_filled12_,2640,0.20814274435336577
704,4596,filled01_filled02_filled12_,2650,0.20826558343953097
706,4614,filled01_filled02_filled12_,2660,0.20798120045100932
709,4631,filled01_filled02_filled12_,2670,0.20803527777216302
715,4645,filled01_filled02_filled12_,2680,0.20848825857661135
716,4664,filled01_filled02_filled12_,2690,0.20801771500116192
718,4682,filled01_filled02_filled12_,2700,0.20742215951857493
721,4699,filled01_filled02_filled12_,2710,0.20710150446506814
726,4714,filled01_filled02_filled12_,2720,0.2067380682412323
727,4733,filled01_filled02_filled12_,2730,0.206096127799133
729,4751,filled01_filled02_filled12_,2740,0.2059539164779569
729,4771,filled01_filled02_filled12_,2750,0.2054457654605256
732,4788,filled01_filled02_filled12_,2760,0.20513954755921293
735,4805,filled01_filled02_filled12_,2770,0.20530403594331928
740,4820,filled01_filled02_filled12_,2780,0.20552506959277791
743,4837,filled01_filled02_filled12_,2790,0.20554746089420192
745,4855,filled01_filled02_filled12_,2800,0.2055495372375915
747,4873,filled01_filled02_filled12_,2810,0.20559383602334058
750,4890,filled01_filled02_filled12_,2820,0.20539397244867377
751,4909,filled01_filled02_filled12_,2830,0.20536042310190059
753,4927,filled01_filled02_filled12_,2840,0.20538432424951533
755,4945,filled01_filled02_filled12_,2850,0.20544452436736746
757,4963,filled01_filled02_filled12_,2860,0.2052695846722016
759,4981,filled01_filled02_filled12_,2870,0.20507512964746413
760,5000,filled01_filled02_filled12_,2880,0.20541698369126613
761,5019,filled01_filled02_filled12_,2890,0.20499181977595374
764,5036,filled01_filled02_filled12_,2900,0.2051492953255434
765,5055,filled01_filled02_filled12_,2910,0.2049587876970925
765,5075,filled01_filled02_filled12_,2920,0.20483233598240339
768,5092,filled01_filled02_filled12_,2930,0.20479507251320453
769,5111,filled01_filled02_filled12_,2940,0.20474519707030203
770,5130,filled01_filled02_filled12_,2950,0.2042150506661334
771,5149,filled01_filled02_filled12_,2960,0.2037847364363977
773,5167,filled01_filled02_filled12_,2970,0.20379289172189155
774,5186,filled01_filled02_filled12_,2980,0.20367204615988596
776,5204,filled01_filled02_filled12_,2990,0.20368057413045593
776,5224,filled01_filled02_filled12_,3000,0.20344801776347018
779,5241,filled01_filled02_filled12_,3010,0.20343625148904887
781,5259,filled01_filled02_filled12_,3020,0.2032777330212503
781,5279,filled01_filled02_filled12_,3030,0.2028278042663105
782,5298,filled01_filled02_filled12_,3040,0.20232130373110802
786,5314,filled01_filled02_filled12_,3050,0.20223907233159277
786,5334,filled01_filled02_filled12_,3060,0.2015017418071318
786,5354,filled01_filled02_filled12_,3070,0.20124823850049678
787,5373,filled01_filled02_filled12_,3080,0.20119321067214355
791,5389,filled01_filled02_filled12_,3090,0.20131777641186224
795,5405,filled01_filled02_filled12_,3100,0.20129289273591225
797,5423,filled01_filled02_filled12_,3110,0.2010940688658384
801,5439,filled01_filled02_filled12_,3120,0.20161317602214
805,5455,filled01_filled02_filled12_,3130,0.20167774921238144
806,5474,filled01_filled02_filled12_,3140,0.2012624782055773
807,5493,filled01_filled02_filled12_,3150,0.20101051361286196
807,5513,filled01_filled02_filled12_,3160,0.20102916807280166
810,5530,filled01_filled02_filled12_,3170,0.2009367758930973
812,5548,filled01_filled02_filled12_,3180,0.2004590898001463
813,5567,filled01_filled02_filled12_,3190,0.20058492039618328
816,5584,filled01_filled02_filled12_,3200,0.20063837705567533
816,5604,filled01_filled02_filled12_,3210,0.20036229569899952
819,5621,filled01_filled02_filled12_,3220,0.20032887036649952
823,5637,filled01_filled02_filled12_,3230,0.20053289873413094
823,5657,filled01_filled02_filled12_,3240,0.20027816533505025
825,5675,filled01_filled02_filled12_,3250,0.20020968950263027
828,5692,filled01_filled02_filled12_,3260,0.20005412794120714
832,5708,filled01_filled02_filled12_,3270,0.2002249590157726
833,5727,filled01_filled02_filled12_,3280,0.20029909707013926
835,5745,filled01_filled02_filled12_,3290,0.20002897146983467
840,5760,filled01_filled02_filled12_,3300,0.19999013730705503
842,5778,filled01_filled02_filled12_,3310,0.19973549294084533
843,5797,filled01_filled02_filled12_,3320,0.1997738588087938
847,5813,filled01_filled02_filled12_,3330,0.19970666282833208
849,5831,filled01_filled02_filled12_,3340,0.19962393065568726
850,5850,filled01_filled02_filled12_,3350,0.1997107936261213
851,5869,filled01_filled02_filled12_,3360,0.1992817186453595
853,5887,filled01_filled02_filled12_,3370,0.19888541916548877
855,5905,filled01_filled02_filled12_,3380,0.199121455182285
860,5920,filled01_filled02_filled12_,3390,0.19946678718500607
864,5936,filled01_filled02_filled12_,3400,0.1996323926533882
867,5953,filled01_filled02_filled12_,3410,0.199403444897592
870,5970,filled01_filled02_filled12_,3420,0.19948718305286608
871,5989,filled01_filled02_filled12_,3430,0.19923147305314493
876,6004,filled01_filled02_filled12_,3440,0.19952402421298485
877,6023,filled01_filled02_filled12_,3450,0.19925269277607568
879,6041,filled01_filled02_filled12_,3460,0.1991915436493894
881,6059,filled01_filled02_filled12_,3470,0.19913076574014066
883,6077,filled01_filled02_filled12_,3480,0.1989259316421282
887,6093,filled01_filled02_filled12_,3490,0.198847664124337
888,6112,filled01_filled02_filled12_,3500,0.19858249535617603
890,6130,filled01_filled02_filled12_,3510,0.19847754925683284
892,6148,filled01_filled02_filled12_,3520,0.1982771630932533
892,6168,filled01_filled02_filled12_,3530,0.1979078940282543
896,6184,filled01_filled02_filled12_,3540,0.19799190498981303
897,6203,filled01_filled02_filled12_,3550,0.19773321001266106
898,6222,filled01_filled02_filled12_,3560,0.19763323630675175
903,6237,filled01_filled02_filled12_,3570,0.19766751465154253
907,6253,filled01_filled02_filled12_,3580,0.19767316476428842
910,6270,filled01_filled02_filled12_,3590,0.1979295364719298
910,6290,filled01_filled02_filled12_,3600,0.19804801672960315
911,6309,filled01_filled02_filled12_,3610,0.1976383963743876
913,6327,filled01_filled02_filled12_,3620,0.19724656489839756
915,6345,filled01_filled02_filled12_,3630,0.19704010184994103
917,6363,filled01_filled02_filled12_,3640,0.19706500141673755
920,6380,filled01_filled02_filled12_,3650,0.19734746701450848
923,6397,filled01_filled02_filled12_,3660,0.19749160884148897
923,6417,filled01_filled02_filled12_,3670,0.1971993262500931
924,6436,filled01_filled02_filled12_,3680,0.19704395012094963
925,6455,filled01_filled02_filled12_,3690,0.19685808792278972
925,6475,filled01_filled02_filled12_,3700,0.19657025758634972
927,6493,filled01_filled02_filled12_,3710,0.19701673041002699
928,6512,filled01_filled02_filled12_,3720,0.19656317037889645
928,6532,filled01_filled02_filled12_,3730,0.19635355596347406
932,6548,filled01_filled02_filled12_,3740,0.1963621460147312
933,6567,filled01_filled02_filled12_,3750,0.19622780362598236
935,6585,filled01_filled02_filled12_,3760,0.19617985225359824
937,6603,filled01_filled02_filled12_,3770,0.1961908326311539
938,6622,filled01_filled02_filled12_,3780,0.19596878081921756
941,6639,filled01_filled02_filled12_,3790,0.19599461406911975
942,6658,filled01_filled02_filled12_,3800,0.19562739552279318
942,6678,filled01_filled02_filled12_,3810,0.19535181656863368
943,6697,filled01_filled02_filled12_,3820,0.19525020344574495
943,6717,filled01_filled02_filled12_,3830,0.19513824192799
943,6737,filled01_filled02_filled12_,3840,0.19490866946140273
945,6755,filled01_filled02_filled12_,3850,0.19488054505952665
947,6773,filled01_filled02_filled12_,3860,0.19466599560875264
949,6791,filled01_filled02_filled12_,3870,0.19449448599789718
951,6809,filled01_filled02_filled12_,3880,0.19475546974651334
952,6828,filled01_filled02_filled12_,3890,0.19458554766830058
953,6847,filled01_filled02_filled12_,3900,0.19421701350903656
957,6863,filled01_filled02_filled12_,3910,0.19438816611949175
958,6882,filled01_filled02_filled12_,3920,0.19417939984254406
960,6900,filled01_filled02_filled12_,3930,0.19406785359233605
961,6919,filled01_filled02_filled12_,3940,0.19384616964310317
962,6938,filled01_filled02_filled12_,3950,0.19371110204164807
963,6957,filled01_filled02_filled12_,3960,0.19375834967881453
965,6975,filled01_filled02_filled12_,3970,0.1938747059035869
967,6993,filled01_filled02_filled12_,3980,0.1937100145870321
967,7013,filled01_filled02_filled12_,3990,0.19331300145541044
968,7032,filled01_filled02_filled12_,4000,0.19295750094173014
968,7052,filled01_filled02_filled12_,4010,0.19256488693935445
971,7069,filled01_filled02_filled12_,4020,0.1922517006296612
972,7088,filled01_filled02_filled12_,4030,0.1919569269065593
975,7105,filled01_filled02_filled12_,4040,0.19188209986229962
980,7120,filled01_filled02_filled12_,4050,0.19206257041154692
981,7139,filled01_filled02_filled12_,4060,0.19205823585413717
982,7158,filled01_filled02_filled12_,4070,0.19203973164798707
982,7178,filled01_filled02_filled12_,4080,0.19160293851415414
983,7197,filled01_filled02_filled12_,4090,0.1916141061045795
986,7214,filled01_filled02_filled12_,4100,0.1917696789298302
987,7233,filled01_filled02_filled12_,4110,0.19203707755331068
988,7252,filled01_filled02_filled12_,4120,0.19179174626384865
989,7271,filled01_filled02_filled12_,4130,0.19139878728161108
992,7288,filled01_filled02_filled12_,4140,0.19148624906480327
993,7307,filled01_filled02_filled12_,4150,0.19131122899400058
995,7325,filled01_filled02_filled12_,4160,0.19130834223301782
995,7345,filled01_filled02_filled12_,4170,0.190883192264817
996,7364,filled01_filled02_filled12_,4180,0.1908540357168301
998,7382,filled01_filled02_filled12_,4190,0.19071961751202537
1001,7399,filled01_filled02_filled12_,4200,0.1907172967750311
1005,7415,filled01_filled02_filled12_,4210,0.19076173835768043
1007,7433,filled01_filled02_filled12_,4220,0.1908498942463602
1009,7451,filled01_filled02_filled12_,4230,0.1907684917777828
1011,7469,filled01_filled02_filled12_,4240,0.19092177340288638
1015,7485,filled01_filled02_filled12_,4250,0.19107249118157354
1017,7503,filled01_filled02_filled12_,4260,0.19074405740662315
1021,7519,filled01_filled02_filled12_,4270,0.19056934351893706
1022,7538,filled01_filled02_filled12_,4280,0.19064768559797782
1022,7558,filled01_filled02_filled12_,4290,0.1903658573321363
1023,7577,filled01_filled02_filled12_,4300,0.19007087148538857
1027,7593,filled01_filled02_filled12_,4310,0.19015694485255474
1030,7610,filled01_filled02_filled12_,4320,0.1901423945828855
1033,7627,filled01_filled02_filled12_,4330,0.19008686068989455
1033,7647,filled01_filled02_filled12_,4340,0.18992403707379635
1037,7663,filled01_filled02_filled12_,4350,0.18991871942843463
1037,7683,filled01_filled02_filled12_,4360,0.18962985835889137
1038,7702,filled01_filled02_filled12_,4370,0.18939156887138195
1040,7720,filled01_filled02_filled12_,4380,0.18953334062383886
1044,7736,filled01_filled02_filled12_,4390,0.18930328309694958
1044,7756,filled01_filled02_filled12_,4400,0.18916735885644279
1045,7775,filled01_filled02_filled12_,4410,0.189295964053556
1046,7794,filled01_filled02_filled12_,4420,0.18942423982618792
1050,7810,filled01_filled02_filled12_,4430,0.1893348997237686
1052,7828,filled01_filled02_filled12_,4440,0.18914943031587808
1054,7846,filled01_filled02_filled12_,4450,0.18896486513358154
1055,7865,filled01_filled02_filled12_,4460,0.1889061941813406
1057,7883,filled01_filled02_filled12_,4470,0.18867438351001606
1058,7902,filled01_filled02_filled12_,4480,0.1884444362920347
1059,7921,filled01_filled02_filled12_,4490,0.18852407779214878
1061,7939,filled01_filled02_filled12_,4500,0.18846631168042025
1064,7956,filled01_filled02_filled12_,4510,0.18816236593937471
1066,7974,filled01_filled02_filled12_,4520,0.18806609182307246
1070,7990,filled01_filled02_filled12_,4530,0.1882613465738767
1071,8009,filled01_filled02_filled12_,4540,0.18821847798162836
1076,8024,filled01_filled02_filled12_,4550,0.18836424254702
1076,8044,filled01_filled02_filled12_,4560,0.18869512479517492
1076,8064,filled01_filled02_filled12_,4570,0.188652484011913
1078,8082,filled01_filled02_filled12_,4580,0.1883663150936834
1079,8101,filled01_filled02_filled12_,4590,0.18814264070867212
1084,8116,filled01_filled02_filled12_,4600,0.18827389259063068
1086,8134,filled01_filled02_filled12_,4610,0.18814495418955546
1086,8154,filled01_filled02_filled12_,4620,0.18799696184665682
1087,8173,filled01_filled02_filled12_,4630,0.1880833918212511
1089,8191,filled01_filled02_filled12_,4640,0.18795572260316842
1090,8210,filled01_filled02_filled12_,4650,0.18762972880621653
1093,8227,filled01_filled02_filled12_,4660,0.18760901907717095
1093,8247,filled01_filled02_filled12_,4670,0.1873789269284585
1094,8266,filled01_filled02_filled12_,4680,0.18726750440554596
1097,8283,filled01_filled02_filled12_,4690,0.1873402323645148
1097,8303,filled01_filled02_filled12_,4700,0.18724279264137836
1101,8319,filled01_filled02_filled12_,4710,0.18733994197679937
1103,8337,filled01_filled02_filled12_,4720,0.18726215006694233
1104,8356,filled01_filled02_filled12_,4730,0.18693090300776063
1105,8375,filled01_filled02_filled12_,4740,0.18675106559584176
1106,8394,filled01_filled02_filled12_,4750,0.18679222800842732
1107,8413,filled01_filled02_filled12_,4760,0.18652240400488296
1110,8430,filled01_filled02_filled12_,4770,0.18638878512421245
1112,8448,filled01_filled02_filled12_,4780,0.18625654338769074
1112,8468,filled01_filled02_filled12_,4790,0.1862085383319836
1113,8487,filled01_filled02_filled12_,4800,0.18617231632182582
1115,8505,filled01_filled02_filled12_,4810,0.18608647053498203
1115,8525,filled01_filled02_filled12_,4820,0.18587980048954436
1116,8544,filled01_filled02_filled12_,4830,0.18567328070508127
1116,8564,filled01_filled02_filled12_,4840,0.18536678726635034
1118,8582,filled01_filled02_filled12_,4850,0.185182153528437
1118,8602,filled01_filled02_filled12_,4860,0.1849468047689248
1118,8622,filled01_filled02_filled12_,4870,0.18470054255169244
1119,8641,filled01_filled02_filled12_,4880,0.18444264391136303
1120,8660,filled01_filled02_filled12_,4890,0.18449922738286384
1120,8680,filled01_filled02_filled12_,4900,0.18446807977692337
1121,8699,filled01_filled02_filled12_,4910,0.18441245851444477
1122,8718,filled01_filled02_filled12_,4920,0.18420132764210148
1128,8732,filled01_filled02_filled12_,4930,0.18440585709168034
1130,8750,filled01_filled02_filled12_,4940,0.18440550227554112
1131,8769,filled01_filled02_filled12_,4950,0.18426297008526635
1131,8789,filled01_filled02_filled12_,4960,0.18417728630828745
1132,8808,filled01_filled02_filled12_,4970,0.18391359261710893
1132,8828,filled01_filled02_filled12_,4980,0.1838173407319472
1136,8844,filled01_filled02_filled12_,4990,0.18403340489092215
