size intersection,size union,state,k,mean JI
0,20,filled01_filled02_filled12_,10,0.16040100250626566
5,35,filled01_filled02_filled12_,20,0.23513990180656844
13,47,filled01_filled02_filled12_,30,0.3421985815602837
18,62,filled01_filled02_filled12_,40,0.34991884763643744
23,77,filled01_filled02_filled12_,50,0.3504469386822328
27,93,filled01_filled02_filled12_,60,0.3634951269359871
30,110,filled01_filled02_filled12_,70,0.3516075660689532
31,129,filled01_filled02_filled12_,80,0.33989179853744206
36,144,filled01_filled02_filled12_,90,0.3473170439573601
41,159,filled01_filled02_filled12_,100,0.3452131376659679
46,174,filled01_filled02_filled12_,110,0.3574992991309223
56,184,filled01_filled02_filled12_,120,0.3780479714366704
59,201,filled01_filled02_filled12_,130,0.37887623242862417
65,215,filled01_filled02_filled12_,140,0.37766170597907944
68,232,filled01_filled02_filled12_,150,0.37102479667576066
72,248,filled01_filled02_filled12_,160,0.3642592628002881
74,266,filled01_filled02_filled12_,170,0.35901535447814936
74,286,filled01_filled02_filled12_,180,0.3457399743114029
77,303,filled01_filled02_filled12_,190,0.344698165781612
81,319,filled01_filled02_filled12_,200,0.34745613892231236
85,335,filled01_filled02_filled12_,210,0.3394393626969865
91,349,filled01_filled02_filled12_,220,0.33631045112182695
94,366,filled01_filled02_filled12_,230,0.33046209618572364
100,380,filled01_filled02_filled12_,240,0.32918153970785546
101,399,filled01_filled02_filled12_,250,0.3259157996000101
106,414,filled01_filled02_filled12_,260,0.3276544340224861
108,432,filled01_filled02_filled12_,270,0.32769062958907363
109,451,filled01_filled02_filled12_,280,0.3307693691710298
111,469,filled01_filled02_filled12_,290,0.32732925046843525
114,486,filled01_filled02_filled12_,300,0.3213331669863515
117,503,filled01_filled02_filled12_,310,0.3186439682729305
121,519,filled01_filled02_filled12_,320,0.31419602347858044
121,539,filled01_filled02_filled12_,330,0.3046580425655255
122,558,filled01_filled02_filled12_,340,0.29778712144386316
125,575,filled01_filled02_filled12_,350,0.2949669286721999
133,587,filled01_filled02_filled12_,360,0.29389519202175124
134,606,filled01_filled02_filled12_,370,0.28662726737790056
135,625,filled01_filled02_filled12_,380,0.2868020059487587
137,643,filled01_filled02_filled12_,390,0.28653067949427286
138,662,filled01_filled02_filled12_,400,0.28442235542494015
142,678,filled01_filled02_filled12_,410,0.2864519601206988
142,698,filled01_filled02_filled12_,420,0.2791080548294009
143,717,filled01_filled02_filled12_,430,0.27851406336227846
144,736,filled01_filled02_filled12_,440,0.2745828527237034
149,751,filled01_filled02_filled12_,450,0.27570260297392774
153,767,filled01_filled02_filled12_,460,0.277288012022832
156,784,filled01_filled02_filled12_,470,0.27306415081865754
159,801,filled01_filled02_filled12_,480,0.2736162395286333
160,820,filled01_filled02_filled12_,490,0.2715346696346057
164,836,filled01_filled02_filled12_,500,0.2702823633620301
168,852,filled01_filled02_filled12_,510,0.26815257463627745
169,871,filled01_filled02_filled12_,520,0.26612889065685325
170,890,filled01_filled02_filled12_,530,0.2634366156471631
173,907,filled01_filled02_filled12_,540,0.26203880515388916
177,923,filled01_filled02_filled12_,550,0.26228917457796846
182,938,filled01_filled02_filled12_,560,0.2620830466232685
187,953,filled01_filled02_filled12_,570,0.26244823989304106
192,968,filled01_filled02_filled12_,580,0.26145088326582605
192,988,filled01_filled02_filled12_,590,0.2588465585180295
198,1002,filled01_filled02_filled12_,600,0.26073693130383263
200,1020,filled01_filled02_filled12_,610,0.2607238464085992
203,1037,filled01_filled02_filled12_,620,0.2594104283025263
204,1056,filled01_filled02_filled12_,630,0.25839200409479357
211,1069,filled01_filled02_filled12_,640,0.26202639818946494
213,1087,filled01_filled02_filled12_,650,0.26223298145081586
217,1103,filled01_filled02_filled12_,660,0.26073893475067644
219,1121,filled01_filled02_filled12_,670,0.25728271699312255
221,1139,filled01_filled02_filled12_,680,0.2543038310475044
223,1157,filled01_filled02_filled12_,690,0.25288839126458623
225,1175,filled01_filled02_filled12_,700,0.2509674570735932
226,1194,filled01_filled02_filled12_,710,0.24780586730688114
230,1210,filled01_filled02_filled12_,720,0.2501440784745452
230,1230,filled01_filled02_filled12_,730,0.24789828418351603
234,1246,filled01_filled02_filled12_,740,0.24753559457173333
239,1261,filled01_filled02_filled12_,750,0.24832038593054775
242,1278,filled01_filled02_filled12_,760,0.24796586260410894
242,1298,filled01_filled02_filled12_,770,0.24587148111108678
244,1316,filled01_filled02_filled12_,780,0.24425725604447598
245,1335,filled01_filled02_filled12_,790,0.24451982986006926
249,1351,filled01_filled02_filled12_,800,0.2464562482902717
253,1367,filled01_filled02_filled12_,810,0.24835416631462146
256,1384,filled01_filled02_filled12_,820,0.2495453535724144
257,1403,filled01_filled02_filled12_,830,0.24901352228264514
259,1421,filled01_filled02_filled12_,840,0.2484888459056852
266,1434,filled01_filled02_filled12_,850,0.2512964131349672
267,1453,filled01_filled02_filled12_,860,0.2505780977908105
269,1471,filled01_filled02_filled12_,870,0.24978199139836332
274,1486,filled01_filled02_filled12_,880,0.2495256023183345
275,1505,filled01_filled02_filled12_,890,0.2484085995980586
277,1523,filled01_filled02_filled12_,900,0.24818831439331102
277,1543,filled01_filled02_filled12_,910,0.24591221411211941
281,1559,filled01_filled02_filled12_,920,0.2469101703045525
283,1577,filled01_filled02_filled12_,930,0.24528251532778098
287,1593,filled01_filled02_filled12_,940,0.24709949481510948
287,1613,filled01_filled02_filled12_,950,0.24542689836397213
292,1628,filled01_filled02_filled12_,960,0.2452426970072753
294,1646,filled01_filled02_filled12_,970,0.24458866879685778
296,1664,filled01_filled02_filled12_,980,0.24418740656154436
297,1683,filled01_filled02_filled12_,990,0.24316754855579711
298,1702,filled01_filled02_filled12_,1000,0.24232541782185515
301,1719,filled01_filled02_filled12_,1010,0.24195661600702065
302,1738,filled01_filled02_filled12_,1020,0.24000266840112738
302,1758,filled01_filled02_filled12_,1030,0.24035754800783452
303,1777,filled01_filled02_filled12_,1040,0.2399581333194758
305,1795,filled01_filled02_filled12_,1050,0.2391807943690001
306,1814,filled01_filled02_filled12_,1060,0.23843069681040974
307,1833,filled01_filled02_filled12_,1070,0.2368248085709096
311,1849,filled01_filled02_filled12_,1080,0.23624286530105407
314,1866,filled01_filled02_filled12_,1090,0.23638425402894855
314,1886,filled01_filled02_filled12_,1100,0.2357644095911051
317,1903,filled01_filled02_filled12_,1110,0.23562874162762174
321,1919,filled01_filled02_filled12_,1120,0.23473519976677495
322,1938,filled01_filled02_filled12_,1130,0.23434715500615344
325,1955,filled01_filled02_filled12_,1140,0.23416203937544397
327,1973,filled01_filled02_filled12_,1150,0.23404939618673568
330,1990,filled01_filled02_filled12_,1160,0.23353785043138267
331,2009,filled01_filled02_filled12_,1170,0.2329114423110219
336,2024,filled01_filled02_filled12_,1180,0.23254284966655872
338,2042,filled01_filled02_filled12_,1190,0.2313545580788953
338,2062,filled01_filled02_filled12_,1200,0.23025807557427602
341,2079,filled01_filled02_filled12_,1210,0.22949056570276816
345,2095,filled01_filled02_filled12_,1220,0.22936042984545488
348,2112,filled01_filled02_filled12_,1230,0.2291087099560122
350,2130,filled01_filled02_filled12_,1240,0.2287372977029357
351,2149,filled01_filled02_filled12_,1250,0.22783506076451168
355,2165,filled01_filled02_filled12_,1260,0.22844300746888183
357,2183,filled01_filled02_filled12_,1270,0.2292878290840994
360,2200,filled01_filled02_filled12_,1280,0.2294083980787712
366,2214,filled01_filled02_filled12_,1290,0.2307561184971572
369,2231,filled01_filled02_filled12_,1300,0.23027523263921612
370,2250,filled01_filled02_filled12_,1310,0.22968748348895107
374,2266,filled01_filled02_filled12_,1320,0.22944729152019686
374,2286,filled01_filled02_filled12_,1330,0.22853149921692584
376,2304,filled01_filled02_filled12_,1340,0.22881364489629463
378,2322,filled01_filled02_filled12_,1350,0.2279261030412091
380,2340,filled01_filled02_filled12_,1360,0.2265446830161488
382,2358,filled01_filled02_filled12_,1370,0.2262272894888083
382,2378,filled01_filled02_filled12_,1380,0.22477302771989935
383,2397,filled01_filled02_filled12_,1390,0.22409815031381966
384,2416,filled01_filled02_filled12_,1400,0.22407194235497643
384,2436,filled01_filled02_filled12_,1410,0.22410097547086658
385,2455,filled01_filled02_filled12_,1420,0.22286376583611922
390,2470,filled01_filled02_filled12_,1430,0.22268694485337867
391,2489,filled01_filled02_filled12_,1440,0.22241821488637906
393,2507,filled01_filled02_filled12_,1450,0.22194379286019764
397,2523,filled01_filled02_filled12_,1460,0.22259805504115515
398,2542,filled01_filled02_filled12_,1470,0.2217273568012729
399,2561,filled01_filled02_filled12_,1480,0.22193777348812257
402,2578,filled01_filled02_filled12_,1490,0.22267576773758171
406,2594,filled01_filled02_filled12_,1500,0.22341583688372246
408,2612,filled01_filled02_filled12_,1510,0.22299912266210173
412,2628,filled01_filled02_filled12_,1520,0.22357715272479037
414,2646,filled01_filled02_filled12_,1530,0.22336130927479134
414,2666,filled01_filled02_filled12_,1540,0.22232166759904817
415,2685,filled01_filled02_filled12_,1550,0.22139439641464362
417,2703,filled01_filled02_filled12_,1560,0.22110635504286633
417,2723,filled01_filled02_filled12_,1570,0.2208672716050216
420,2740,filled01_filled02_filled12_,1580,0.22049146061512004
421,2759,filled01_filled02_filled12_,1590,0.2197000945081861
421,2779,filled01_filled02_filled12_,1600,0.21910087642434248
422,2798,filled01_filled02_filled12_,1610,0.21837361441379533
424,2816,filled01_filled02_filled12_,1620,0.21894886965164143
424,2836,filled01_filled02_filled12_,1630,0.2176352276789325
429,2851,filled01_filled02_filled12_,1640,0.21714992790138754
433,2867,filled01_filled02_filled12_,1650,0.21771302576731585
433,2887,filled01_filled02_filled12_,1660,0.217149635645024
434,2906,filled01_filled02_filled12_,1670,0.21628428371018762
439,2921,filled01_filled02_filled12_,1680,0.2164848957643236
440,2940,filled01_filled02_filled12_,1690,0.21616160727996758
443,2957,filled01_filled02_filled12_,1700,0.21592683033866047
444,2976,filled01_filled02_filled12_,1710,0.21500046295281047
445,2995,filled01_filled02_filled12_,1720,0.21517543385990356
448,3012,filled01_filled02_filled12_,1730,0.21473961143364007
450,3030,filled01_filled02_filled12_,1740,0.21422322650171802
452,3048,filled01_filled02_filled12_,1750,0.21455635211997995
455,3065,filled01_filled02_filled12_,1760,0.21467535308372052
457,3083,filled01_filled02_filled12_,1770,0.21529879717312161
457,3103,filled01_filled02_filled12_,1780,0.2142499238538583
461,3119,filled01_filled02_filled12_,1790,0.21408221498664337
464,3136,filled01_filled02_filled12_,1800,0.2137089404936419
467,3153,filled01_filled02_filled12_,1810,0.21321592454590577
471,3169,filled01_filled02_filled12_,1820,0.21427802814934874
477,3183,filled01_filled02_filled12_,1830,0.2149632840844502
483,3197,filled01_filled02_filled12_,1840,0.21528446522014508
487,3213,filled01_filled02_filled12_,1850,0.2161986221624701
491,3229,filled01_filled02_filled12_,1860,0.216458058831102
493,3247,filled01_filled02_filled12_,1870,0.21644160746556443
497,3263,filled01_filled02_filled12_,1880,0.21681836185901707
501,3279,filled01_filled02_filled12_,1890,0.21696059531076126
502,3298,filled01_filled02_filled12_,1900,0.21682542904925048
503,3317,filled01_filled02_filled12_,1910,0.21646366075684997
505,3335,filled01_filled02_filled12_,1920,0.21598562715868141
507,3353,filled01_filled02_filled12_,1930,0.21570190508765497
512,3368,filled01_filled02_filled12_,1940,0.21573734454831328
516,3384,filled01_filled02_filled12_,1950,0.21538242714693356
519,3401,filled01_filled02_filled12_,1960,0.21548446003736596
522,3418,filled01_filled02_filled12_,1970,0.2150684267912343
525,3435,filled01_filled02_filled12_,1980,0.21541215765844324
526,3454,filled01_filled02_filled12_,1990,0.21502779158124677
526,3474,filled01_filled02_filled12_,2000,0.21501148296620998
527,3493,filled01_filled02_filled12_,2010,0.21474645689426644
528,3512,filled01_filled02_filled12_,2020,0.21599849663713375
533,3527,filled01_filled02_filled12_,2030,0.2165350077511273
535,3545,filled01_filled02_filled12_,2040,0.2162631163138836
538,3562,filled01_filled02_filled12_,2050,0.21639012296884816
541,3579,filled01_filled02_filled12_,2060,0.21641567495663985
543,3597,filled01_filled02_filled12_,2070,0.21669656884322852
545,3615,filled01_filled02_filled12_,2080,0.21672396528707535
548,3632,filled01_filled02_filled12_,2090,0.21698736229902416
548,3652,filled01_filled02_filled12_,2100,0.21661908308484737
549,3671,filled01_filled02_filled12_,2110,0.2166820921155752
552,3688,filled01_filled02_filled12_,2120,0.21751167941463456
555,3705,filled01_filled02_filled12_,2130,0.21773533389539146
555,3725,filled01_filled02_filled12_,2140,0.21667788446155312
557,3743,filled01_filled02_filled12_,2150,0.21669482844220767
560,3760,filled01_filled02_filled12_,2160,0.21678171706955687
560,3780,filled01_filled02_filled12_,2170,0.2157764662625987
562,3798,filled01_filled02_filled12_,2180,0.21532719760392027
564,3816,filled01_filled02_filled12_,2190,0.21477920718915766
568,3832,filled01_filled02_filled12_,2200,0.2142306793736453
570,3850,filled01_filled02_filled12_,2210,0.21406265279009565
575,3865,filled01_filled02_filled12_,2220,0.21442772983877975
577,3883,filled01_filled02_filled12_,2230,0.2143922303378301
577,3903,filled01_filled02_filled12_,2240,0.21409004999334239
580,3920,filled01_filled02_filled12_,2250,0.2135908980911804
581,3939,filled01_filled02_filled12_,2260,0.21320242335125203
584,3956,filled01_filled02_filled12_,2270,0.21307060223562804
587,3973,filled01_filled02_filled12_,2280,0.21303910768613063
588,3992,filled01_filled02_filled12_,2290,0.212717715902356
591,4009,filled01_filled02_filled12_,2300,0.21198190206755993
595,4025,filled01_filled02_filled12_,2310,0.21179714757306503
598,4042,filled01_filled02_filled12_,2320,0.21209224418852315
600,4060,filled01_filled02_filled12_,2330,0.21178810734982204
600,4080,filled01_filled02_filled12_,2340,0.21123185391246468
606,4094,filled01_filled02_filled12_,2350,0.21221800228781018
610,4110,filled01_filled02_filled12_,2360,0.21184540340953006
613,4127,filled01_filled02_filled12_,2370,0.2119826701229107
618,4142,filled01_filled02_filled12_,2380,0.21248235642136623
620,4160,filled01_filled02_filled12_,2390,0.21209052891171057
624,4176,filled01_filled02_filled12_,2400,0.21245554342003817
626,4194,filled01_filled02_filled12_,2410,0.2120944921283506
633,4207,filled01_filled02_filled12_,2420,0.21304773464791005
637,4223,filled01_filled02_filled12_,2430,0.21284122877039993
637,4243,filled01_filled02_filled12_,2440,0.21197082690330227
637,4263,filled01_filled02_filled12_,2450,0.2113465206823986
639,4281,filled01_filled02_filled12_,2460,0.21114346559806965
642,4298,filled01_filled02_filled12_,2470,0.2113853497720919
643,4317,filled01_filled02_filled12_,2480,0.2115120932707302
648,4332,filled01_filled02_filled12_,2490,0.2119378096239755
651,4349,filled01_filled02_filled12_,2500,0.21188716319707843
651,4369,filled01_filled02_filled12_,2510,0.21194956558965947
652,4388,filled01_filled02_filled12_,2520,0.2113140645039945
655,4405,filled01_filled02_filled12_,2530,0.21138181233625344
655,4425,filled01_filled02_filled12_,2540,0.21191567539603318
656,4444,filled01_filled02_filled12_,2550,0.21140227167155634
657,4463,filled01_filled02_filled12_,2560,0.21126221911200957
658,4482,filled01_filled02_filled12_,2570,0.2107558456564995
661,4499,filled01_filled02_filled12_,2580,0.21093766758247712
663,4517,filled01_filled02_filled12_,2590,0.21069477979318238
666,4534,filled01_filled02_filled12_,2600,0.21093591905200382
669,4551,filled01_filled02_filled12_,2610,0.21091676802665993
675,4565,filled01_filled02_filled12_,2620,0.21162985711913232
677,4583,filled01_filled02_filled12_,2630,0.21161032234923152
678,4602,filled01_filled02_filled12_,2640,0.21122654914436803
679,4621,filled01_filled02_filled12_,2650,0.2108204777056614
679,4641,filled01_filled02_filled12_,2660,0.21044517712983205
680,4660,filled01_filled02_filled12_,2670,0.20974305397473766
685,4675,filled01_filled02_filled12_,2680,0.2098673450213917
686,4694,filled01_filled02_filled12_,2690,0.20968991584316124
688,4712,filled01_filled02_filled12_,2700,0.20952101636602535
692,4728,filled01_filled02_filled12_,2710,0.20924239999709818
694,4746,filled01_filled02_filled12_,2720,0.20918420983352015
697,4763,filled01_filled02_filled12_,2730,0.20900744931274673
700,4780,filled01_filled02_filled12_,2740,0.20899617193582953
704,4796,filled01_filled02_filled12_,2750,0.20885372942134092
706,4814,filled01_filled02_filled12_,2760,0.20871647719190292
711,4829,filled01_filled02_filled12_,2770,0.20913155461446473
713,4847,filled01_filled02_filled12_,2780,0.20914539401862273
715,4865,filled01_filled02_filled12_,2790,0.20892799406777054
716,4884,filled01_filled02_filled12_,2800,0.20913929036995996
718,4902,filled01_filled02_filled12_,2810,0.20921002544146658
720,4920,filled01_filled02_filled12_,2820,0.20875540135355172
722,4938,filled01_filled02_filled12_,2830,0.20838388171911812
727,4953,filled01_filled02_filled12_,2840,0.20850675549353548
730,4970,filled01_filled02_filled12_,2850,0.20857649155871136
734,4986,filled01_filled02_filled12_,2860,0.2092284465011011
737,5003,filled01_filled02_filled12_,2870,0.20911591451746112
739,5021,filled01_filled02_filled12_,2880,0.2090511591831853
743,5037,filled01_filled02_filled12_,2890,0.20913884023446142
744,5056,filled01_filled02_filled12_,2900,0.20875415330346367
745,5075,filled01_filled02_filled12_,2910,0.20884768731972472
747,5093,filled01_filled02_filled12_,2920,0.20848727809451237
751,5109,filled01_filled02_filled12_,2930,0.20831174142184108
751,5129,filled01_filled02_filled12_,2940,0.2078833918878307
754,5146,filled01_filled02_filled12_,2950,0.2077026969393577
755,5165,filled01_filled02_filled12_,2960,0.20708307021798786
759,5181,filled01_filled02_filled12_,2970,0.20757368211898417
763,5197,filled01_filled02_filled12_,2980,0.20766316627298867
765,5215,filled01_filled02_filled12_,2990,0.2073910593890377
767,5233,filled01_filled02_filled12_,3000,0.20746266173135375
768,5252,filled01_filled02_filled12_,3010,0.20687567323247458
772,5268,filled01_filled02_filled12_,3020,0.20661703903264997
772,5288,filled01_filled02_filled12_,3030,0.2061873871672544
776,5304,filled01_filled02_filled12_,3040,0.20599584508930613
776,5324,filled01_filled02_filled12_,3050,0.20578019583124382
778,5342,filled01_filled02_filled12_,3060,0.20602260051051893
783,5357,filled01_filled02_filled12_,3070,0.20601014682678306
787,5373,filled01_filled02_filled12_,3080,0.20621453295447592
788,5392,filled01_filled02_filled12_,3090,0.20607174369151104
790,5410,filled01_filled02_filled12_,3100,0.20609318287917644
796,5424,filled01_filled02_filled12_,3110,0.2062318580248752
796,5444,filled01_filled02_filled12_,3120,0.20558049817663046
797,5463,filled01_filled02_filled12_,3130,0.20527860762834785
797,5483,filled01_filled02_filled12_,3140,0.20525434627202943
799,5501,filled01_filled02_filled12_,3150,0.20536934954108396
803,5517,filled01_filled02_filled12_,3160,0.20547086525945937
804,5536,filled01_filled02_filled12_,3170,0.2052437797037868
809,5551,filled01_filled02_filled12_,3180,0.20540339763537682
811,5569,filled01_filled02_filled12_,3190,0.20535647121266012
813,5587,filled01_filled02_filled12_,3200,0.20516045668698402
814,5606,filled01_filled02_filled12_,3210,0.20488747268505988
815,5625,filled01_filled02_filled12_,3220,0.20452733060396025
818,5642,filled01_filled02_filled12_,3230,0.20417677414565683
818,5662,filled01_filled02_filled12_,3240,0.2038424346514578
818,5682,filled01_filled02_filled12_,3250,0.2037356470357016
821,5699,filled01_filled02_filled12_,3260,0.20377168643014235
821,5719,filled01_filled02_filled12_,3270,0.20364639475051097
821,5739,filled01_filled02_filled12_,3280,0.20334743391433782
826,5754,filled01_filled02_filled12_,3290,0.20351707462543733
828,5772,filled01_filled02_filled12_,3300,0.2034201973707497
832,5788,filled01_filled02_filled12_,3310,0.20395509157219882
839,5801,filled01_filled02_filled12_,3320,0.20413762770076538
841,5819,filled01_filled02_filled12_,3330,0.20401032155139967
845,5835,filled01_filled02_filled12_,3340,0.20406257348981638
847,5853,filled01_filled02_filled12_,3350,0.20368025854770178
848,5872,filled01_filled02_filled12_,3360,0.20323556416273436
852,5888,filled01_filled02_filled12_,3370,0.20327127972414658
855,5905,filled01_filled02_filled12_,3380,0.20355096413815868
856,5924,filled01_filled02_filled12_,3390,0.203466333345911
856,5944,filled01_filled02_filled12_,3400,0.2031314732252746
858,5962,filled01_filled02_filled12_,3410,0.20284286406941368
861,5979,filled01_filled02_filled12_,3420,0.2028334428484955
863,5997,filled01_filled02_filled12_,3430,0.2027973636618281
868,6012,filled01_filled02_filled12_,3440,0.20285032663593294
869,6031,filled01_filled02_filled12_,3450,0.20284340630140318
869,6051,filled01_filled02_filled12_,3460,0.20249822955106392
871,6069,filled01_filled02_filled12_,3470,0.20221676892959004
873,6087,filled01_filled02_filled12_,3480,0.20214674436006316
874,6106,filled01_filled02_filled12_,3490,0.20214219703540248
875,6125,filled01_filled02_filled12_,3500,0.20172073229731935
877,6143,filled01_filled02_filled12_,3510,0.20165284992426677
877,6163,filled01_filled02_filled12_,3520,0.201398590039517
882,6178,filled01_filled02_filled12_,3530,0.2016152472727174
884,6196,filled01_filled02_filled12_,3540,0.2014226701382109
889,6211,filled01_filled02_filled12_,3550,0.20165588390404177
890,6230,filled01_filled02_filled12_,3560,0.20165271214519645
892,6248,filled01_filled02_filled12_,3570,0.20131969322679058
894,6266,filled01_filled02_filled12_,3580,0.201599490784224
898,6282,filled01_filled02_filled12_,3590,0.20151348825527146
898,6302,filled01_filled02_filled12_,3600,0.20136171436412256
898,6322,filled01_filled02_filled12_,3610,0.20093975274774736
902,6338,filled01_filled02_filled12_,3620,0.20146809094919135
904,6356,filled01_filled02_filled12_,3630,0.2013592468035579
904,6376,filled01_filled02_filled12_,3640,0.2011316411679507
907,6393,filled01_filled02_filled12_,3650,0.20134447985337975
908,6412,filled01_filled02_filled12_,3660,0.20129890286720672
909,6431,filled01_filled02_filled12_,3670,0.20113264552927126
913,6447,filled01_filled02_filled12_,3680,0.20134248693575288
914,6466,filled01_filled02_filled12_,3690,0.20145205862503465
914,6486,filled01_filled02_filled12_,3700,0.2011338371394721
914,6506,filled01_filled02_filled12_,3710,0.20069796006884033
914,6526,filled01_filled02_filled12_,3720,0.20015413644129754
917,6543,filled01_filled02_filled12_,3730,0.2003647627778905
918,6562,filled01_filled02_filled12_,3740,0.20035683297147247
918,6582,filled01_filled02_filled12_,3750,0.19970040519031854
919,6601,filled01_filled02_filled12_,3760,0.19945040897303631
921,6619,filled01_filled02_filled12_,3770,0.19946882992666173
923,6637,filled01_filled02_filled12_,3780,0.19927808026554608
925,6655,filled01_filled02_filled12_,3790,0.1991050126740556
926,6674,filled01_filled02_filled12_,3800,0.1989177140738935
927,6693,filled01_filled02_filled12_,3810,0.19873150843488951
930,6710,filled01_filled02_filled12_,3820,0.19892404478606987
934,6726,filled01_filled02_filled12_,3830,0.1988503033657613
936,6744,filled01_filled02_filled12_,3840,0.1988448358004052
938,6762,filled01_filled02_filled12_,3850,0.19861826696858018
940,6780,filled01_filled02_filled12_,3860,0.19880192137084676
941,6799,filled01_filled02_filled12_,3870,0.19863511904275385
941,6819,filled01_filled02_filled12_,3880,0.19835664271116785
948,6832,filled01_filled02_filled12_,3890,0.1985818392636185
952,6848,filled01_filled02_filled12_,3900,0.19863983082014727
953,6867,filled01_filled02_filled12_,3910,0.19836218104340675
953,6887,filled01_filled02_filled12_,3920,0.19799880415652357
953,6907,filled01_filled02_filled12_,3930,0.1978942122574573
957,6923,filled01_filled02_filled12_,3940,0.1981853509103684
958,6942,filled01_filled02_filled12_,3950,0.1981514267713461
959,6961,filled01_filled02_filled12_,3960,0.19786279833457354
960,6980,filled01_filled02_filled12_,3970,0.19784581859320127
962,6998,filled01_filled02_filled12_,3980,0.19766914922343393
962,7018,filled01_filled02_filled12_,3990,0.1974170663382626
965,7035,filled01_filled02_filled12_,4000,0.19737511239141403
967,7053,filled01_filled02_filled12_,4010,0.19711491095793424
967,7073,filled01_filled02_filled12_,4020,0.19704628817700853
967,7093,filled01_filled02_filled12_,4030,0.19699373071567491
968,7112,filled01_filled02_filled12_,4040,0.19729921581729915
971,7129,filled01_filled02_filled12_,4050,0.19711010595309433
973,7147,filled01_filled02_filled12_,4060,0.19681477639632908
975,7165,filled01_filled02_filled12_,4070,0.19669903412917566
975,7185,filled01_filled02_filled12_,4080,0.19642446226236812
975,7205,filled01_filled02_filled12_,4090,0.19597442789652428
976,7224,filled01_filled02_filled12_,4100,0.19561781879060022
979,7241,filled01_filled02_filled12_,4110,0.19602498614385078
979,7261,filled01_filled02_filled12_,4120,0.19567132777525834
981,7279,filled01_filled02_filled12_,4130,0.195560392141331
981,7299,filled01_filled02_filled12_,4140,0.19544459888527868
984,7316,filled01_filled02_filled12_,4150,0.19560573954875404
986,7334,filled01_filled02_filled12_,4160,0.19549568943665355
988,7352,filled01_filled02_filled12_,4170,0.19549194902887393
988,7372,filled01_filled02_filled12_,4180,0.19537750937467827
991,7389,filled01_filled02_filled12_,4190,0.19576261142072993
992,7408,filled01_filled02_filled12_,4200,0.19554968414955576
994,7426,filled01_filled02_filled12_,4210,0.19550825852427056
996,7444,filled01_filled02_filled12_,4220,0.19540007330518896
996,7464,filled01_filled02_filled12_,4230,0.19548790332835522
996,7484,filled01_filled02_filled12_,4240,0.19525673689054793
998,7502,filled01_filled02_filled12_,4250,0.19541616328336017
998,7522,filled01_filled02_filled12_,4260,0.19511996472201198
1000,7540,filled01_filled02_filled12_,4270,0.19472666365070257
1005,7555,filled01_filled02_filled12_,4280,0.19470565142251242
1007,7573,filled01_filled02_filled12_,4290,0.19461568987699543
1008,7592,filled01_filled02_filled12_,4300,0.19442527249505903
1010,7610,filled01_filled02_filled12_,4310,0.194671672689657
1013,7627,filled01_filled02_filled12_,4320,0.19438486839857383
1015,7645,filled01_filled02_filled12_,4330,0.19428217333550277
1018,7662,filled01_filled02_filled12_,4340,0.1939979898289282
1020,7680,filled01_filled02_filled12_,4350,0.19399006598316434
1020,7700,filled01_filled02_filled12_,4360,0.19357516208814704
1023,7717,filled01_filled02_filled12_,4370,0.1935102175954172
1024,7736,filled01_filled02_filled12_,4380,0.19339033994144206
1025,7755,filled01_filled02_filled12_,4390,0.19327106656467907
1025,7775,filled01_filled02_filled12_,4400,0.19318959403500843
1029,7791,filled01_filled02_filled12_,4410,0.1933162417687413
1032,7808,filled01_filled02_filled12_,4420,0.19342206849787516
1034,7826,filled01_filled02_filled12_,4430,0.19304825387532476
1036,7844,filled01_filled02_filled12_,4440,0.1930921162636737
1036,7864,filled01_filled02_filled12_,4450,0.19303985560562106
1039,7881,filled01_filled02_filled12_,4460,0.1931527835249204
1043,7897,filled01_filled02_filled12_,4470,0.19305361061884782
1045,7915,filled01_filled02_filled12_,4480,0.19299915710996843
1047,7933,filled01_filled02_filled12_,4490,0.19319618844134467
1049,7951,filled01_filled02_filled12_,4500,0.19305133643443181
1052,7968,filled01_filled02_filled12_,4510,0.19296844506104874
1056,7984,filled01_filled02_filled12_,4520,0.19305093158932018
1060,8000,filled01_filled02_filled12_,4530,0.19324393654195174
1063,8017,filled01_filled02_filled12_,4540,0.1932789483800719
1064,8036,filled01_filled02_filled12_,4550,0.19319879452499356
1065,8055,filled01_filled02_filled12_,4560,0.19300918212422516
1069,8071,filled01_filled02_filled12_,4570,0.19313180821527273
1069,8091,filled01_filled02_filled12_,4580,0.19314214222004308
1071,8109,filled01_filled02_filled12_,4590,0.1931499732087162
1075,8125,filled01_filled02_filled12_,4600,0.19302678099871629
1078,8142,filled01_filled02_filled12_,4610,0.19291897282886664
1082,8158,filled01_filled02_filled12_,4620,0.19274972250763914
1083,8177,filled01_filled02_filled12_,4630,0.19269863117256839
1085,8195,filled01_filled02_filled12_,4640,0.19247272743107313
1090,8210,filled01_filled02_filled12_,4650,0.1926744657528471
1093,8227,filled01_filled02_filled12_,4660,0.19265529273700943
1097,8243,filled01_filled02_filled12_,4670,0.1926429552628148
1102,8258,filled01_filled02_filled12_,4680,0.1925228616687472
1104,8276,filled01_filled02_filled12_,4690,0.19249241934810515
1107,8293,filled01_filled02_filled12_,4700,0.19259298149014029
1108,8312,filled01_filled02_filled12_,4710,0.19247042848029675
1110,8330,filled01_filled02_filled12_,4720,0.1921100394144719
1110,8350,filled01_filled02_filled12_,4730,0.19189749914013254
1112,8368,filled01_filled02_filled12_,4740,0.19182244694040118
1114,8386,filled01_filled02_filled12_,4750,0.19187361244917467
1115,8405,filled01_filled02_filled12_,4760,0.19206862531265298
1117,8423,filled01_filled02_filled12_,4770,0.19194762456810652
1119,8441,filled01_filled02_filled12_,4780,0.19182716375530015
1120,8460,filled01_filled02_filled12_,4790,0.1916375150721713
1120,8480,filled01_filled02_filled12_,4800,0.1913710262469039
1120,8500,filled01_filled02_filled12_,4810,0.1912800035261867
1121,8519,filled01_filled02_filled12_,4820,0.1911757495729988
1121,8539,filled01_filled02_filled12_,4830,0.1910856917465499
1121,8559,filled01_filled02_filled12_,4840,0.19089307457956775
1122,8578,filled01_filled02_filled12_,4850,0.19086827754858426
1124,8596,filled01_filled02_filled12_,4860,0.19075222239448666
1125,8615,filled01_filled02_filled12_,4870,0.19052312548943787
1126,8634,filled01_filled02_filled12_,4880,0.19044206643507813
1127,8653,filled01_filled02_filled12_,4890,0.19016994035718182
1129,8671,filled01_filled02_filled12_,4900,0.19036134327582402
1129,8691,filled01_filled02_filled12_,4910,0.19016882943865202
1130,8710,filled01_filled02_filled12_,4920,0.18995574393908168
1131,8729,filled01_filled02_filled12_,4930,0.18966291014255388
1133,8747,filled01_filled02_filled12_,4940,0.18938224341793677
1135,8765,filled01_filled02_filled12_,4950,0.189383942557531
1137,8783,filled01_filled02_filled12_,4960,0.18934156502955146
1138,8802,filled01_filled02_filled12_,4970,0.18920868031109037
1141,8819,filled01_filled02_filled12_,4980,0.1891856169193418
1144,8836,filled01_filled02_filled12_,4990,0.18946163013938844
