size intersection,size union,state,k,mean JI
1,19,filled01_filled02_filled12_,10,0.19743803954330272
3,37,filled01_filled02_filled12_,20,0.17100766828534522
5,55,filled01_filled02_filled12_,30,0.196969696969697
10,70,filled01_filled02_filled12_,40,0.2596838895005251
12,88,filled01_filled02_filled12_,50,0.27143528306319004
14,106,filled01_filled02_filled12_,60,0.24763571597251802
17,123,filled01_filled02_filled12_,70,0.25952075310226785
19,141,filled01_filled02_filled12_,80,0.2495725058167241
22,158,filled01_filled02_filled12_,90,0.2586468883251109
26,174,filled01_filled02_filled12_,100,0.27655175802928555
30,190,filled01_filled02_filled12_,110,0.2804048800486309
35,205,filled01_filled02_filled12_,120,0.28317791633730865
38,222,filled01_filled02_filled12_,130,0.27675402675402677
43,237,filled01_filled02_filled12_,140,0.288400493443592
44,256,filled01_filled02_filled12_,150,0.286300505050505
50,270,filled01_filled02_filled12_,160,0.2932681108781738
52,288,filled01_filled02_filled12_,170,0.2784290044520224
53,307,filled01_filled02_filled12_,180,0.2796842688580426
55,325,filled01_filled02_filled12_,190,0.2786324786324786
58,342,filled01_filled02_filled12_,200,0.27884016460278316
64,356,filled01_filled02_filled12_,210,0.2829707546418041
66,374,filled01_filled02_filled12_,220,0.2838368020700886
67,393,filled01_filled02_filled12_,230,0.2781578048753621
71,409,filled01_filled02_filled12_,240,0.2861738076475425
76,424,filled01_filled02_filled12_,250,0.292143298365699
77,443,filled01_filled02_filled12_,260,0.28966273527935665
80,460,filled01_filled02_filled12_,270,0.28517743316525546
82,478,filled01_filled02_filled12_,280,0.2807814728128631
85,495,filled01_filled02_filled12_,290,0.28389597039244174
88,512,filled01_filled02_filled12_,300,0.28171410891089105
93,527,filled01_filled02_filled12_,310,0.2824878801178577
95,545,filled01_filled02_filled12_,320,0.2787834496708635
97,563,filled01_filled02_filled12_,330,0.2786172411505154
98,582,filled01_filled02_filled12_,340,0.2774167661570663
103,597,filled01_filled02_filled12_,350,0.2792591902223143
104,616,filled01_filled02_filled12_,360,0.27150393760990904
104,636,filled01_filled02_filled12_,370,0.2671440121912975
105,655,filled01_filled02_filled12_,380,0.26484620482428967
109,671,filled01_filled02_filled12_,390,0.2629096092977105
111,689,filled01_filled02_filled12_,400,0.26111653641801663
111,709,filled01_filled02_filled12_,410,0.25805130056563785
115,725,filled01_filled02_filled12_,420,0.2583658237165111
118,742,filled01_filled02_filled12_,430,0.25975462657709203
120,760,filled01_filled02_filled12_,440,0.25638833597911465
122,778,filled01_filled02_filled12_,450,0.2539514520461141
123,797,filled01_filled02_filled12_,460,0.25460704261222694
123,817,filled01_filled02_filled12_,470,0.2537975825802025
126,834,filled01_filled02_filled12_,480,0.25346184860715465
128,852,filled01_filled02_filled12_,490,0.2510468266394527
132,868,filled01_filled02_filled12_,500,0.25123179595552264
135,885,filled01_filled02_filled12_,510,0.2540855787909238
136,904,filled01_filled02_filled12_,520,0.2518136364868595
139,921,filled01_filled02_filled12_,530,0.25283599708541343
140,940,filled01_filled02_filled12_,540,0.25173463036813354
143,957,filled01_filled02_filled12_,550,0.25126570486382466
149,971,filled01_filled02_filled12_,560,0.25037459217189134
150,990,filled01_filled02_filled12_,570,0.2507715575249999
151,1009,filled01_filled02_filled12_,580,0.24762772833748511
151,1029,filled01_filled02_filled12_,590,0.24672423381047995
153,1047,filled01_filled02_filled12_,600,0.2456448415796184
155,1065,filled01_filled02_filled12_,610,0.24349751653929785
159,1081,filled01_filled02_filled12_,620,0.24340647728665474
159,1101,filled01_filled02_filled12_,630,0.240685026574979
160,1120,filled01_filled02_filled12_,640,0.23962705620579436
165,1135,filled01_filled02_filled12_,650,0.2406131763753682
167,1153,filled01_filled02_filled12_,660,0.24057749198925993
168,1172,filled01_filled02_filled12_,670,0.2384014186621111
171,1189,filled01_filled02_filled12_,680,0.24278100788436485
176,1204,filled01_filled02_filled12_,690,0.244969111455741
176,1224,filled01_filled02_filled12_,700,0.24360196686085156
178,1242,filled01_filled02_filled12_,710,0.2435281000998142
181,1259,filled01_filled02_filled12_,720,0.24407397353863525
184,1276,filled01_filled02_filled12_,730,0.24569145704959375
184,1296,filled01_filled02_filled12_,740,0.24561017534045626
186,1314,filled01_filled02_filled12_,750,0.24475941166079007
190,1330,filled01_filled02_filled12_,760,0.24406049171431352
193,1347,filled01_filled02_filled12_,770,0.24473858918532265
193,1367,filled01_filled02_filled12_,780,0.2417999087475249
197,1383,filled01_filled02_filled12_,790,0.24159643680985754
201,1399,filled01_filled02_filled12_,800,0.24251594911952315
206,1414,filled01_filled02_filled12_,810,0.24160809575552714
206,1434,filled01_filled02_filled12_,820,0.23967280325047016
208,1452,filled01_filled02_filled12_,830,0.24018188387807535
209,1471,filled01_filled02_filled12_,840,0.23909327548951112
210,1490,filled01_filled02_filled12_,850,0.23751802331703956
212,1508,filled01_filled02_filled12_,860,0.2376512063154161
212,1528,filled01_filled02_filled12_,870,0.23562583998907427
214,1546,filled01_filled02_filled12_,880,0.23427651447314654
215,1565,filled01_filled02_filled12_,890,0.23382784881212626
216,1584,filled01_filled02_filled12_,900,0.2314340531346636
218,1602,filled01_filled02_filled12_,910,0.23065999575574592
223,1617,filled01_filled02_filled12_,920,0.23026775277616204
227,1633,filled01_filled02_filled12_,930,0.2314068731067599
229,1651,filled01_filled02_filled12_,940,0.23100475387363964
234,1666,filled01_filled02_filled12_,950,0.23279598872346274
235,1685,filled01_filled02_filled12_,960,0.23307867052068587
237,1703,filled01_filled02_filled12_,970,0.23132105145948875
242,1718,filled01_filled02_filled12_,980,0.2304958859954277
243,1737,filled01_filled02_filled12_,990,0.23056418987898697
245,1755,filled01_filled02_filled12_,1000,0.22998764363199867
247,1773,filled01_filled02_filled12_,1010,0.2288832833998289
248,1792,filled01_filled02_filled12_,1020,0.22941361515190825
250,1810,filled01_filled02_filled12_,1030,0.22908435347354916
252,1828,filled01_filled02_filled12_,1040,0.23010727124395117
252,1848,filled01_filled02_filled12_,1050,0.22811371136030148
255,1865,filled01_filled02_filled12_,1060,0.22892647204133598
261,1879,filled01_filled02_filled12_,1070,0.2299324122467974
262,1898,filled01_filled02_filled12_,1080,0.2295082302094338
266,1914,filled01_filled02_filled12_,1090,0.23130707888563448
269,1931,filled01_filled02_filled12_,1100,0.23195244627842693
271,1949,filled01_filled02_filled12_,1110,0.23241287603257232
275,1965,filled01_filled02_filled12_,1120,0.23178016167349516
277,1983,filled01_filled02_filled12_,1130,0.2309768474301628
281,1999,filled01_filled02_filled12_,1140,0.2311359358100651
283,2017,filled01_filled02_filled12_,1150,0.23024483541104324
283,2037,filled01_filled02_filled12_,1160,0.22919054848830442
286,2054,filled01_filled02_filled12_,1170,0.22881899299889322
289,2071,filled01_filled02_filled12_,1180,0.22853707176419893
290,2090,filled01_filled02_filled12_,1190,0.22859672888422308
291,2109,filled01_filled02_filled12_,1200,0.2266018442155634
293,2127,filled01_filled02_filled12_,1210,0.2255359521023886
297,2143,filled01_filled02_filled12_,1220,0.22599114711450108
298,2162,filled01_filled02_filled12_,1230,0.22573106541978083
302,2178,filled01_filled02_filled12_,1240,0.225663779091248
303,2197,filled01_filled02_filled12_,1250,0.2242158053777353
304,2216,filled01_filled02_filled12_,1260,0.22372440056445378
308,2232,filled01_filled02_filled12_,1270,0.2237503518369096
310,2250,filled01_filled02_filled12_,1280,0.22460356960654881
310,2270,filled01_filled02_filled12_,1290,0.22262644369514314
312,2288,filled01_filled02_filled12_,1300,0.22215854284891076
313,2307,filled01_filled02_filled12_,1310,0.22153411478719298
317,2323,filled01_filled02_filled12_,1320,0.2219828322379526
320,2340,filled01_filled02_filled12_,1330,0.22276325019668866
320,2360,filled01_filled02_filled12_,1340,0.22144598041430377
320,2380,filled01_filled02_filled12_,1350,0.21975526791916908
322,2398,filled01_filled02_filled12_,1360,0.21926289342935532
324,2416,filled01_filled02_filled12_,1370,0.21930282594285055
328,2432,filled01_filled02_filled12_,1380,0.22004184666246251
329,2451,filled01_filled02_filled12_,1390,0.2198554600090784
331,2469,filled01_filled02_filled12_,1400,0.2191513247379618
332,2488,filled01_filled02_filled12_,1410,0.21868541779067277
334,2506,filled01_filled02_filled12_,1420,0.21815702937344164
335,2525,filled01_filled02_filled12_,1430,0.2173972860585177
338,2542,filled01_filled02_filled12_,1440,0.21766126968061442
338,2562,filled01_filled02_filled12_,1450,0.21685657006743966
338,2582,filled01_filled02_filled12_,1460,0.2168974349592457
344,2596,filled01_filled02_filled12_,1470,0.2172792182904737
345,2615,filled01_filled02_filled12_,1480,0.21718623016019242
347,2633,filled01_filled02_filled12_,1490,0.21618831164158347
349,2651,filled01_filled02_filled12_,1500,0.21624632723747736
350,2670,filled01_filled02_filled12_,1510,0.21556409768885518
353,2687,filled01_filled02_filled12_,1520,0.21555996791721924
354,2706,filled01_filled02_filled12_,1530,0.21431974780494922
355,2725,filled01_filled02_filled12_,1540,0.21332338230430045
355,2745,filled01_filled02_filled12_,1550,0.21332194697300436
356,2764,filled01_filled02_filled12_,1560,0.21274342828366466
357,2783,filled01_filled02_filled12_,1570,0.212428379869111
358,2802,filled01_filled02_filled12_,1580,0.21178324504108972
361,2819,filled01_filled02_filled12_,1590,0.21077446148941345
362,2838,filled01_filled02_filled12_,1600,0.21050345260533143
362,2858,filled01_filled02_filled12_,1610,0.20994374104730373
362,2878,filled01_filled02_filled12_,1620,0.20925693218766225
366,2894,filled01_filled02_filled12_,1630,0.2105774928833688
366,2914,filled01_filled02_filled12_,1640,0.21037309789669736
370,2930,filled01_filled02_filled12_,1650,0.21055150721536753
370,2950,filled01_filled02_filled12_,1660,0.21000875028573918
373,2967,filled01_filled02_filled12_,1670,0.2096148176068553
376,2984,filled01_filled02_filled12_,1680,0.2093565666338947
381,2999,filled01_filled02_filled12_,1690,0.21051915499464732
383,3017,filled01_filled02_filled12_,1700,0.21013424974527642
385,3035,filled01_filled02_filled12_,1710,0.21057546896122425
386,3054,filled01_filled02_filled12_,1720,0.21145208867133883
389,3071,filled01_filled02_filled12_,1730,0.2108090316107942
391,3089,filled01_filled02_filled12_,1740,0.2103042787903314
391,3109,filled01_filled02_filled12_,1750,0.20984204217314506
391,3129,filled01_filled02_filled12_,1760,0.20881080532791244
392,3148,filled01_filled02_filled12_,1770,0.2092502674628195
394,3166,filled01_filled02_filled12_,1780,0.20893908964949218
397,3183,filled01_filled02_filled12_,1790,0.20948801575941153
400,3200,filled01_filled02_filled12_,1800,0.21067007704938737
401,3219,filled01_filled02_filled12_,1810,0.21040950538715789
402,3238,filled01_filled02_filled12_,1820,0.20976110075798285
402,3258,filled01_filled02_filled12_,1830,0.20848114891846858
402,3278,filled01_filled02_filled12_,1840,0.2080052771998553
404,3296,filled01_filled02_filled12_,1850,0.20816329635295164
404,3316,filled01_filled02_filled12_,1860,0.2080450481183628
405,3335,filled01_filled02_filled12_,1870,0.20752701877025212
408,3352,filled01_filled02_filled12_,1880,0.20686281243353863
410,3370,filled01_filled02_filled12_,1890,0.20660380441575601
413,3387,filled01_filled02_filled12_,1900,0.2067135595984174
416,3404,filled01_filled02_filled12_,1910,0.2062740281006875
417,3423,filled01_filled02_filled12_,1920,0.20609882621740838
420,3440,filled01_filled02_filled12_,1930,0.2068647136482488
420,3460,filled01_filled02_filled12_,1940,0.20680453257081743
422,3478,filled01_filled02_filled12_,1950,0.20680292953010906
425,3495,filled01_filled02_filled12_,1960,0.2064847489707556
425,3515,filled01_filled02_filled12_,1970,0.2057407928269079
427,3533,filled01_filled02_filled12_,1980,0.20559044209919278
429,3551,filled01_filled02_filled12_,1990,0.20513543124484113
431,3569,filled01_filled02_filled12_,2000,0.2047292638897862
432,3588,filled01_filled02_filled12_,2010,0.20407248404250436
434,3606,filled01_filled02_filled12_,2020,0.20397709153794782
435,3625,filled01_filled02_filled12_,2030,0.20356559285377554
436,3644,filled01_filled02_filled12_,2040,0.2029676472359808
439,3661,filled01_filled02_filled12_,2050,0.20268579412615473
443,3677,filled01_filled02_filled12_,2060,0.20301289900628483
444,3696,filled01_filled02_filled12_,2070,0.20253197336452236
450,3710,filled01_filled02_filled12_,2080,0.20284951006601468
453,3727,filled01_filled02_filled12_,2090,0.20292686457403408
453,3747,filled01_filled02_filled12_,2100,0.20307279466469494
455,3765,filled01_filled02_filled12_,2110,0.20269993998500882
457,3783,filled01_filled02_filled12_,2120,0.20229120097151176
457,3803,filled01_filled02_filled12_,2130,0.2025396506176769
461,3819,filled01_filled02_filled12_,2140,0.2035221374223045
462,3838,filled01_filled02_filled12_,2150,0.20309599928883518
466,3854,filled01_filled02_filled12_,2160,0.2038269066144489
469,3871,filled01_filled02_filled12_,2170,0.20389669945862512
472,3888,filled01_filled02_filled12_,2180,0.2045219562385586
474,3906,filled01_filled02_filled12_,2190,0.20387859675003075
474,3926,filled01_filled02_filled12_,2200,0.20309043603384355
474,3946,filled01_filled02_filled12_,2210,0.2025453762333128
477,3963,filled01_filled02_filled12_,2220,0.20232609402940213
478,3982,filled01_filled02_filled12_,2230,0.20204147004045372
478,4002,filled01_filled02_filled12_,2240,0.20168098850455785
479,4021,filled01_filled02_filled12_,2250,0.2015504833012843
480,4040,filled01_filled02_filled12_,2260,0.2010220629906128
483,4057,filled01_filled02_filled12_,2270,0.20081487750896745
483,4077,filled01_filled02_filled12_,2280,0.20037181359683584
485,4095,filled01_filled02_filled12_,2290,0.2000057953156248
486,4114,filled01_filled02_filled12_,2300,0.2000741048015918
488,4132,filled01_filled02_filled12_,2310,0.19987859331852562
490,4150,filled01_filled02_filled12_,2320,0.19955578358171625
490,4170,filled01_filled02_filled12_,2330,0.1994071724764652
491,4189,filled01_filled02_filled12_,2340,0.19916367074045205
493,4207,filled01_filled02_filled12_,2350,0.1996487000707632
499,4221,filled01_filled02_filled12_,2360,0.19977662336615398
500,4240,filled01_filled02_filled12_,2370,0.20016810228005075
503,4257,filled01_filled02_filled12_,2380,0.1999743504698331
503,4277,filled01_filled02_filled12_,2390,0.19941573374259478
505,4295,filled01_filled02_filled12_,2400,0.19923044863200282
509,4311,filled01_filled02_filled12_,2410,0.19964783293167976
512,4328,filled01_filled02_filled12_,2420,0.19899932374589646
513,4347,filled01_filled02_filled12_,2430,0.19864366021221147
513,4367,filled01_filled02_filled12_,2440,0.19823978533884187
517,4383,filled01_filled02_filled12_,2450,0.19865379073794376
519,4401,filled01_filled02_filled12_,2460,0.1984765050712091
521,4419,filled01_filled02_filled12_,2470,0.19788423242757794
525,4435,filled01_filled02_filled12_,2480,0.19743244372783444
526,4454,filled01_filled02_filled12_,2490,0.1974513818582134
529,4471,filled01_filled02_filled12_,2500,0.1973125456019796
532,4488,filled01_filled02_filled12_,2510,0.19749834561126134
534,4506,filled01_filled02_filled12_,2520,0.19736334628941887
541,4519,filled01_filled02_filled12_,2530,0.19835523401394042
544,4536,filled01_filled02_filled12_,2540,0.19867202842381917
548,4552,filled01_filled02_filled12_,2550,0.1986326905413127
550,4570,filled01_filled02_filled12_,2560,0.19834628472710836
550,4590,filled01_filled02_filled12_,2570,0.19801551050365274
552,4608,filled01_filled02_filled12_,2580,0.19753529015574725
553,4627,filled01_filled02_filled12_,2590,0.19806407931076428
554,4646,filled01_filled02_filled12_,2600,0.19803596751557873
555,4665,filled01_filled02_filled12_,2610,0.19785464964422136
557,4683,filled01_filled02_filled12_,2620,0.19788772750079564
560,4700,filled01_filled02_filled12_,2630,0.1976914341955022
562,4718,filled01_filled02_filled12_,2640,0.19744881256965918
563,4737,filled01_filled02_filled12_,2650,0.19732294027585676
567,4753,filled01_filled02_filled12_,2660,0.1976262884517949
572,4768,filled01_filled02_filled12_,2670,0.1978330606826344
578,4782,filled01_filled02_filled12_,2680,0.19798632324335744
582,4798,filled01_filled02_filled12_,2690,0.19754187942291754
585,4815,filled01_filled02_filled12_,2700,0.19762290086192277
586,4834,filled01_filled02_filled12_,2710,0.1972211892474933
586,4854,filled01_filled02_filled12_,2720,0.19661671953506835
591,4869,filled01_filled02_filled12_,2730,0.19723718784441044
591,4889,filled01_filled02_filled12_,2740,0.19706865830628717
591,4909,filled01_filled02_filled12_,2750,0.19671557705732867
594,4926,filled01_filled02_filled12_,2760,0.1965635194200155
596,4944,filled01_filled02_filled12_,2770,0.19699783718866412
598,4962,filled01_filled02_filled12_,2780,0.1966350087489126
600,4980,filled01_filled02_filled12_,2790,0.19630396252893031
602,4998,filled01_filled02_filled12_,2800,0.19597554142919707
602,5018,filled01_filled02_filled12_,2810,0.19583566306821268
605,5035,filled01_filled02_filled12_,2820,0.1961004614772223
609,5051,filled01_filled02_filled12_,2830,0.19586826971427398
614,5066,filled01_filled02_filled12_,2840,0.19589923350629543
614,5086,filled01_filled02_filled12_,2850,0.19543163288247736
617,5103,filled01_filled02_filled12_,2860,0.19531025207413777
620,5120,filled01_filled02_filled12_,2870,0.19496501447471337
621,5139,filled01_filled02_filled12_,2880,0.19516354395501156
626,5154,filled01_filled02_filled12_,2890,0.19559646184074622
628,5172,filled01_filled02_filled12_,2900,0.19541125823323313
629,5191,filled01_filled02_filled12_,2910,0.19492636545409728
632,5208,filled01_filled02_filled12_,2920,0.1946156408856583
638,5222,filled01_filled02_filled12_,2930,0.19474211968075458
639,5241,filled01_filled02_filled12_,2940,0.19446466202110202
640,5260,filled01_filled02_filled12_,2950,0.19423555425269765
643,5277,filled01_filled02_filled12_,2960,0.19427506539097508
643,5297,filled01_filled02_filled12_,2970,0.1939316057718464
643,5317,filled01_filled02_filled12_,2980,0.19342048198628933
646,5334,filled01_filled02_filled12_,2990,0.1933125378674623
651,5349,filled01_filled02_filled12_,3000,0.19349429318801106
656,5364,filled01_filled02_filled12_,3010,0.19413493812110041
656,5384,filled01_filled02_filled12_,3020,0.19360398926341474
660,5400,filled01_filled02_filled12_,3030,0.1938300779355631
662,5418,filled01_filled02_filled12_,3040,0.19401876483048688
662,5438,filled01_filled02_filled12_,3050,0.1943059300756004
665,5455,filled01_filled02_filled12_,3060,0.19422264859840946
671,5469,filled01_filled02_filled12_,3070,0.1943452579575606
671,5489,filled01_filled02_filled12_,3080,0.1940834251777768
672,5508,filled01_filled02_filled12_,3090,0.19429543790790696
676,5524,filled01_filled02_filled12_,3100,0.19423085027719353
678,5542,filled01_filled02_filled12_,3110,0.19445831196244368
680,5560,filled01_filled02_filled12_,3120,0.1942402402009239
680,5580,filled01_filled02_filled12_,3130,0.19410132094422292
686,5594,filled01_filled02_filled12_,3140,0.19458872685244452
689,5611,filled01_filled02_filled12_,3150,0.194878930737434
691,5629,filled01_filled02_filled12_,3160,0.19479846235044107
692,5648,filled01_filled02_filled12_,3170,0.1947010754732521
696,5664,filled01_filled02_filled12_,3180,0.19500568709272384
698,5682,filled01_filled02_filled12_,3190,0.19529276326671355
702,5698,filled01_filled02_filled12_,3200,0.19584980447868613
704,5716,filled01_filled02_filled12_,3210,0.19588293933262133
706,5734,filled01_filled02_filled12_,3220,0.19571502857496667
710,5750,filled01_filled02_filled12_,3230,0.1958544488165985
711,5769,filled01_filled02_filled12_,3240,0.1957557979398853
711,5789,filled01_filled02_filled12_,3250,0.1957258018766883
712,5808,filled01_filled02_filled12_,3260,0.19556209383049208
714,5826,filled01_filled02_filled12_,3270,0.1957750388617592
717,5843,filled01_filled02_filled12_,3280,0.19607477290292288
718,5862,filled01_filled02_filled12_,3290,0.19606645677595755
721,5879,filled01_filled02_filled12_,3300,0.1960072524716289
723,5897,filled01_filled02_filled12_,3310,0.19630558154760094
724,5916,filled01_filled02_filled12_,3320,0.1960308077301154
728,5932,filled01_filled02_filled12_,3330,0.19592349527552755
732,5948,filled01_filled02_filled12_,3340,0.19588177207776372
732,5968,filled01_filled02_filled12_,3350,0.19574686775837083
734,5986,filled01_filled02_filled12_,3360,0.19547583468711927
735,6005,filled01_filled02_filled12_,3370,0.19538223774609187
736,6024,filled01_filled02_filled12_,3380,0.19507501440620154
738,6042,filled01_filled02_filled12_,3390,0.19483168204990686
742,6058,filled01_filled02_filled12_,3400,0.19509863280635997
746,6074,filled01_filled02_filled12_,3410,0.1948710266039322
747,6093,filled01_filled02_filled12_,3420,0.19463207089113876
751,6109,filled01_filled02_filled12_,3430,0.19459557278955375
751,6129,filled01_filled02_filled12_,3440,0.19476324758385866
753,6147,filled01_filled02_filled12_,3450,0.19481974493528972
754,6166,filled01_filled02_filled12_,3460,0.19447653421766856
756,6184,filled01_filled02_filled12_,3470,0.19451103912842146
758,6202,filled01_filled02_filled12_,3480,0.19446122983420433
759,6221,filled01_filled02_filled12_,3490,0.1940607672266391
762,6238,filled01_filled02_filled12_,3500,0.19427901321947436
763,6257,filled01_filled02_filled12_,3510,0.19417064096832315
765,6275,filled01_filled02_filled12_,3520,0.1941836865166046
767,6293,filled01_filled02_filled12_,3530,0.1939310212297071
769,6311,filled01_filled02_filled12_,3540,0.19371909635881723
771,6329,filled01_filled02_filled12_,3550,0.19365136850640863
773,6347,filled01_filled02_filled12_,3560,0.19385116127258306
778,6362,filled01_filled02_filled12_,3570,0.1941622547708014
778,6382,filled01_filled02_filled12_,3580,0.193735916114264
780,6400,filled01_filled02_filled12_,3590,0.19385256543571586
782,6418,filled01_filled02_filled12_,3600,0.1937678990330615
782,6438,filled01_filled02_filled12_,3610,0.19372557192777518
784,6456,filled01_filled02_filled12_,3620,0.19359983701547223
786,6474,filled01_filled02_filled12_,3630,0.19355509358524603
789,6491,filled01_filled02_filled12_,3640,0.19348826711981634
791,6509,filled01_filled02_filled12_,3650,0.19332596709861063
793,6527,filled01_filled02_filled12_,3660,0.19302630538461804
795,6545,filled01_filled02_filled12_,3670,0.19314212224317226
797,6563,filled01_filled02_filled12_,3680,0.19288282729487236
799,6581,filled01_filled02_filled12_,3690,0.19296034689923783
800,6600,filled01_filled02_filled12_,3700,0.19278309496410037
801,6619,filled01_filled02_filled12_,3710,0.19249080947213784
803,6637,filled01_filled02_filled12_,3720,0.19221636389475497
803,6657,filled01_filled02_filled12_,3730,0.19212229042437656
805,6675,filled01_filled02_filled12_,3740,0.19208311655180932
806,6694,filled01_filled02_filled12_,3750,0.19196863381985485
807,6713,filled01_filled02_filled12_,3760,0.1921253597612044
809,6731,filled01_filled02_filled12_,3770,0.19195245890459814
812,6748,filled01_filled02_filled12_,3780,0.19200703297888488
812,6768,filled01_filled02_filled12_,3790,0.19176410902949195
814,6786,filled01_filled02_filled12_,3800,0.19148028870263267
818,6802,filled01_filled02_filled12_,3810,0.19149684975083592
819,6821,filled01_filled02_filled12_,3820,0.19127342787067303
822,6838,filled01_filled02_filled12_,3830,0.19155562454858208
825,6855,filled01_filled02_filled12_,3840,0.1915174385648801
826,6874,filled01_filled02_filled12_,3850,0.19131485389304095
831,6889,filled01_filled02_filled12_,3860,0.19159152722797124
834,6906,filled01_filled02_filled12_,3870,0.19179693460280564
835,6925,filled01_filled02_filled12_,3880,0.19152055395168419
838,6942,filled01_filled02_filled12_,3890,0.191797805617432
840,6960,filled01_filled02_filled12_,3900,0.191705912899918
841,6979,filled01_filled02_filled12_,3910,0.19141308000461
842,6998,filled01_filled02_filled12_,3920,0.19104830388680813
845,7015,filled01_filled02_filled12_,3930,0.19088420727937047
848,7032,filled01_filled02_filled12_,3940,0.1909407220132758
852,7048,filled01_filled02_filled12_,3950,0.19103140707855795
856,7064,filled01_filled02_filled12_,3960,0.1910488053294436
858,7082,filled01_filled02_filled12_,3970,0.19110599914032964
861,7099,filled01_filled02_filled12_,3980,0.1907450205898427
864,7116,filled01_filled02_filled12_,3990,0.19074744447443912
866,7134,filled01_filled02_filled12_,4000,0.1907681491659137
867,7153,filled01_filled02_filled12_,4010,0.19043202383315183
867,7173,filled01_filled02_filled12_,4020,0.1904223198650914
870,7190,filled01_filled02_filled12_,4030,0.1904605968781334
872,7208,filled01_filled02_filled12_,4040,0.19033905676184157
874,7226,filled01_filled02_filled12_,4050,0.18998817518965647
876,7244,filled01_filled02_filled12_,4060,0.1900645948551989
876,7264,filled01_filled02_filled12_,4070,0.1900725448137518
876,7284,filled01_filled02_filled12_,4080,0.1898341135599769
878,7302,filled01_filled02_filled12_,4090,0.1898220692500934
881,7319,filled01_filled02_filled12_,4100,0.1898431775588398
884,7336,filled01_filled02_filled12_,4110,0.18986421276306942
886,7354,filled01_filled02_filled12_,4120,0.18973021515733848
888,7372,filled01_filled02_filled12_,4130,0.18982389034059188
891,7389,filled01_filled02_filled12_,4140,0.18995006250687652
893,7407,filled01_filled02_filled12_,4150,0.1899895866023078
902,7418,filled01_filled02_filled12_,4160,0.1902427899393139
903,7437,filled01_filled02_filled12_,4170,0.19047228635738475
904,7456,filled01_filled02_filled12_,4180,0.19042654496258885
905,7475,filled01_filled02_filled12_,4190,0.19046577411893773
910,7490,filled01_filled02_filled12_,4200,0.19079075880606702
910,7510,filled01_filled02_filled12_,4210,0.1904382140563652
912,7528,filled01_filled02_filled12_,4220,0.19023759912832472
918,7542,filled01_filled02_filled12_,4230,0.19077826214656798
919,7561,filled01_filled02_filled12_,4240,0.1905789312522053
920,7580,filled01_filled02_filled12_,4250,0.190601438746537
920,7600,filled01_filled02_filled12_,4260,0.19048970652926164
922,7618,filled01_filled02_filled12_,4270,0.19042638671593493
923,7637,filled01_filled02_filled12_,4280,0.19031446032984087
925,7655,filled01_filled02_filled12_,4290,0.19020193055206713
928,7672,filled01_filled02_filled12_,4300,0.19052218091726547
930,7690,filled01_filled02_filled12_,4310,0.19044219980584653
931,7709,filled01_filled02_filled12_,4320,0.19029699015482507
934,7726,filled01_filled02_filled12_,4330,0.19028339137280248
935,7745,filled01_filled02_filled12_,4340,0.18992465814253875
936,7764,filled01_filled02_filled12_,4350,0.18986343807523487
936,7784,filled01_filled02_filled12_,4360,0.18969004787242036
938,7802,filled01_filled02_filled12_,4370,0.18971139055812283
940,7820,filled01_filled02_filled12_,4380,0.18989644482952384
944,7836,filled01_filled02_filled12_,4390,0.19006158752757227
946,7854,filled01_filled02_filled12_,4400,0.18985365002508234
948,7872,filled01_filled02_filled12_,4410,0.18966326351754206
951,7889,filled01_filled02_filled12_,4420,0.18961835364497048
954,7906,filled01_filled02_filled12_,4430,0.18973616554277953
955,7925,filled01_filled02_filled12_,4440,0.18950027342843692
956,7944,filled01_filled02_filled12_,4450,0.18960488343447499
957,7963,filled01_filled02_filled12_,4460,0.18924144774253374
959,7981,filled01_filled02_filled12_,4470,0.18911946740363728
961,7999,filled01_filled02_filled12_,4480,0.1889655779394983
964,8016,filled01_filled02_filled12_,4490,0.1887635870394022
965,8035,filled01_filled02_filled12_,4500,0.18861325508265556
968,8052,filled01_filled02_filled12_,4510,0.1888898007892379
969,8071,filled01_filled02_filled12_,4520,0.1886764006406552
969,8091,filled01_filled02_filled12_,4530,0.1883545469713586
970,8110,filled01_filled02_filled12_,4540,0.1882528583937315
971,8129,filled01_filled02_filled12_,4550,0.18819956774014993
972,8148,filled01_filled02_filled12_,4560,0.18824136303731034
977,8163,filled01_filled02_filled12_,4570,0.18841801877399267
983,8177,filled01_filled02_filled12_,4580,0.1886237496446129
986,8194,filled01_filled02_filled12_,4590,0.1887237314030414
987,8213,filled01_filled02_filled12_,4600,0.1885917241078454
988,8232,filled01_filled02_filled12_,4610,0.18839816775881846
988,8252,filled01_filled02_filled12_,4620,0.18808332025450977
990,8270,filled01_filled02_filled12_,4630,0.18810780804302632
994,8286,filled01_filled02_filled12_,4640,0.18789783401916701
996,8304,filled01_filled02_filled12_,4650,0.1878297861249498
998,8322,filled01_filled02_filled12_,4660,0.1879161743717205
999,8341,filled01_filled02_filled12_,4670,0.1875125326859088
1002,8358,filled01_filled02_filled12_,4680,0.18733731231114367
1002,8378,filled01_filled02_filled12_,4690,0.18701461521114818
1003,8397,filled01_filled02_filled12_,4700,0.18722429048809797
1008,8412,filled01_filled02_filled12_,4710,0.18754927350003162
1009,8431,filled01_filled02_filled12_,4720,0.1873482057577945
1012,8448,filled01_filled02_filled12_,4730,0.18740178681174055
1014,8466,filled01_filled02_filled12_,4740,0.18735139380201363
1014,8486,filled01_filled02_filled12_,4750,0.18692757748893696
1016,8504,filled01_filled02_filled12_,4760,0.18690814980859824
1016,8524,filled01_filled02_filled12_,4770,0.18665184253937991
1018,8542,filled01_filled02_filled12_,4780,0.186648147980598
1019,8561,filled01_filled02_filled12_,4790,0.18648170222393431
1021,8579,filled01_filled02_filled12_,4800,0.18631501192417055
1025,8595,filled01_filled02_filled12_,4810,0.1863839053210854
1026,8614,filled01_filled02_filled12_,4820,0.18607146564151567
1028,8632,filled01_filled02_filled12_,4830,0.18606899380082523
1030,8650,filled01_filled02_filled12_,4840,0.18605173300378364
1032,8668,filled01_filled02_filled12_,4850,0.1861960833071905
1033,8687,filled01_filled02_filled12_,4860,0.18616494790634555
1037,8703,filled01_filled02_filled12_,4870,0.18630651585700528
1041,8719,filled01_filled02_filled12_,4880,0.1865058769313942
1043,8737,filled01_filled02_filled12_,4890,0.1865170992499788
1047,8753,filled01_filled02_filled12_,4900,0.18690447690256154
1050,8770,filled01_filled02_filled12_,4910,0.1867977058552167
1053,8787,filled01_filled02_filled12_,4920,0.1866044453228152
1055,8805,filled01_filled02_filled12_,4930,0.18689001759185728
1062,8818,filled01_filled02_filled12_,4940,0.18709768902646795
1062,8838,filled01_filled02_filled12_,4950,0.18690782647843354
1063,8857,filled01_filled02_filled12_,4960,0.18676094604660734
1064,8876,filled01_filled02_filled12_,4970,0.18651437338091748
1064,8896,filled01_filled02_filled12_,4980,0.18626985977043573
1068,8912,filled01_filled02_filled12_,4990,0.18620809334763364
