size intersection,size union,state,k,mean JI
2,18,filled01_filled02_filled12_,10,0.1791938997821351
8,32,filled01_filled02_filled12_,20,0.32716049382716045
11,49,filled01_filled02_filled12_,30,0.28144280968201235
15,65,filled01_filled02_filled12_,40,0.2947593342330184
20,80,filled01_filled02_filled12_,50,0.3028169014084507
25,95,filled01_filled02_filled12_,60,0.3330878693040413
28,112,filled01_filled02_filled12_,70,0.32319819819819817
29,131,filled01_filled02_filled12_,80,0.2957677497804499
33,147,filled01_filled02_filled12_,90,0.2991221694157115
35,165,filled01_filled02_filled12_,100,0.30831515742001675
40,180,filled01_filled02_filled12_,110,0.3004660289428501
44,196,filled01_filled02_filled12_,120,0.3143615598205682
49,211,filled01_filled02_filled12_,130,0.32264725795531485
53,227,filled01_filled02_filled12_,140,0.3179665702634268
60,240,filled01_filled02_filled12_,150,0.3266539309532613
61,259,filled01_filled02_filled12_,160,0.3308063302552446
64,276,filled01_filled02_filled12_,170,0.32795702716362823
65,295,filled01_filled02_filled12_,180,0.3219402457988071
67,313,filled01_filled02_filled12_,190,0.3172558262356333
68,332,filled01_filled02_filled12_,200,0.3131159687913017
73,347,filled01_filled02_filled12_,210,0.3158075127025578
78,362,filled01_filled02_filled12_,220,0.3131626780624539
82,378,filled01_filled02_filled12_,230,0.3178143862052814
85,395,filled01_filled02_filled12_,240,0.3216488153197014
89,411,filled01_filled02_filled12_,250,0.3210745403043415
97,423,filled01_filled02_filled12_,260,0.32292942858901186
101,439,filled01_filled02_filled12_,270,0.3200455580865604
105,455,filled01_filled02_filled12_,280,0.32143284149517104
108,472,filled01_filled02_filled12_,290,0.31755560682957595
108,492,filled01_filled02_filled12_,300,0.30653620904579343
113,507,filled01_filled02_filled12_,310,0.30463238909833945
115,525,filled01_filled02_filled12_,320,0.2997608175690368
115,545,filled01_filled02_filled12_,330,0.2930902673277161
116,564,filled01_filled02_filled12_,340,0.28820116054158607
119,581,filled01_filled02_filled12_,350,0.2863969701801534
121,599,filled01_filled02_filled12_,360,0.2843142672388059
124,616,filled01_filled02_filled12_,370,0.28403890449589597
124,636,filled01_filled02_filled12_,380,0.2802372330674217
131,649,filled01_filled02_filled12_,390,0.2851985894950026
134,666,filled01_filled02_filled12_,400,0.2886780330048106
137,683,filled01_filled02_filled12_,410,0.2876503768628787
141,699,filled01_filled02_filled12_,420,0.2862085645971901
143,717,filled01_filled02_filled12_,430,0.28569480187172114
146,734,filled01_filled02_filled12_,440,0.2845514148949178
148,752,filled01_filled02_filled12_,450,0.2837029076435121
149,771,filled01_filled02_filled12_,460,0.2848189149838214
152,788,filled01_filled02_filled12_,470,0.2857723081724674
155,805,filled01_filled02_filled12_,480,0.28567090929782507
156,824,filled01_filled02_filled12_,490,0.2827517431945212
158,842,filled01_filled02_filled12_,500,0.28064166802154655
161,859,filled01_filled02_filled12_,510,0.27887867092226
163,877,filled01_filled02_filled12_,520,0.2767409236857013
167,893,filled01_filled02_filled12_,530,0.2755772682231829
171,909,filled01_filled02_filled12_,540,0.2759962943336449
173,927,filled01_filled02_filled12_,550,0.27466205136108046
175,945,filled01_filled02_filled12_,560,0.27277335390184027
178,962,filled01_filled02_filled12_,570,0.26960245733274474
181,979,filled01_filled02_filled12_,580,0.26959888285126604
188,992,filled01_filled02_filled12_,590,0.2728361516953976
190,1010,filled01_filled02_filled12_,600,0.27207864918269453
192,1028,filled01_filled02_filled12_,610,0.2705494156026321
192,1048,filled01_filled02_filled12_,620,0.26700022081638514
194,1066,filled01_filled02_filled12_,630,0.26508435447372375
195,1085,filled01_filled02_filled12_,640,0.2627316143899515
199,1101,filled01_filled02_filled12_,650,0.2636974766382396
200,1120,filled01_filled02_filled12_,660,0.26008150946039504
203,1137,filled01_filled02_filled12_,670,0.26031016787854994
204,1156,filled01_filled02_filled12_,680,0.2592756588444211
205,1175,filled01_filled02_filled12_,690,0.2590970768739496
207,1193,filled01_filled02_filled12_,700,0.25878497637768955
207,1213,filled01_filled02_filled12_,710,0.2593607430413343
210,1230,filled01_filled02_filled12_,720,0.26042776892206393
211,1249,filled01_filled02_filled12_,730,0.2577829800440909
211,1269,filled01_filled02_filled12_,740,0.25612769628291315
215,1285,filled01_filled02_filled12_,750,0.2540952491986462
216,1304,filled01_filled02_filled12_,760,0.2533926964742172
216,1324,filled01_filled02_filled12_,770,0.2514420176990181
220,1340,filled01_filled02_filled12_,780,0.2515437685304198
222,1358,filled01_filled02_filled12_,790,0.24799670319867476
224,1376,filled01_filled02_filled12_,800,0.2469941394854184
230,1390,filled01_filled02_filled12_,810,0.2493740795237054
236,1404,filled01_filled02_filled12_,820,0.25022325249856536
240,1420,filled01_filled02_filled12_,830,0.2492717145783826
244,1436,filled01_filled02_filled12_,840,0.25050644344943096
246,1454,filled01_filled02_filled12_,850,0.24997000819961104
248,1472,filled01_filled02_filled12_,860,0.2497183865760941
250,1490,filled01_filled02_filled12_,870,0.24819106529345283
253,1507,filled01_filled02_filled12_,880,0.24812424823003476
253,1527,filled01_filled02_filled12_,890,0.24667198974288929
255,1545,filled01_filled02_filled12_,900,0.24602164311338193
256,1564,filled01_filled02_filled12_,910,0.24542071875920526
256,1584,filled01_filled02_filled12_,920,0.24503300427439953
258,1602,filled01_filled02_filled12_,930,0.24426222447862456
260,1620,filled01_filled02_filled12_,940,0.24384986146384527
262,1638,filled01_filled02_filled12_,950,0.2434465193432109
262,1658,filled01_filled02_filled12_,960,0.24200937835225897
264,1676,filled01_filled02_filled12_,970,0.2406497947032348
264,1696,filled01_filled02_filled12_,980,0.23968731570935256
266,1714,filled01_filled02_filled12_,990,0.23878924035508528
271,1729,filled01_filled02_filled12_,1000,0.23967778186581437
272,1748,filled01_filled02_filled12_,1010,0.23803386498326037
275,1765,filled01_filled02_filled12_,1020,0.23739944762756748
276,1784,filled01_filled02_filled12_,1030,0.23626588443123245
278,1802,filled01_filled02_filled12_,1040,0.23605450000413328
284,1816,filled01_filled02_filled12_,1050,0.23713617522163144
284,1836,filled01_filled02_filled12_,1060,0.23701716343046664
285,1855,filled01_filled02_filled12_,1070,0.23622449715355673
288,1872,filled01_filled02_filled12_,1080,0.23578210165393476
296,1884,filled01_filled02_filled12_,1090,0.2375997381015856
299,1901,filled01_filled02_filled12_,1100,0.23801219584869138
301,1919,filled01_filled02_filled12_,1110,0.23743886476125378
304,1936,filled01_filled02_filled12_,1120,0.23686834155623407
304,1956,filled01_filled02_filled12_,1130,0.23614194233512667
306,1974,filled01_filled02_filled12_,1140,0.2351227386709729
309,1991,filled01_filled02_filled12_,1150,0.23513513085628532
311,2009,filled01_filled02_filled12_,1160,0.23481253611764674
313,2027,filled01_filled02_filled12_,1170,0.23349706691674854
315,2045,filled01_filled02_filled12_,1180,0.23326496081222622
319,2061,filled01_filled02_filled12_,1190,0.23341005319211716
323,2077,filled01_filled02_filled12_,1200,0.2344018922143137
324,2096,filled01_filled02_filled12_,1210,0.23340008225897033
327,2113,filled01_filled02_filled12_,1220,0.23329261473392368
328,2132,filled01_filled02_filled12_,1230,0.23295647938347422
330,2150,filled01_filled02_filled12_,1240,0.23230283592711862
331,2169,filled01_filled02_filled12_,1250,0.2316678272202586
336,2184,filled01_filled02_filled12_,1260,0.23273403445193497
339,2201,filled01_filled02_filled12_,1270,0.23233606060470482
344,2216,filled01_filled02_filled12_,1280,0.23216605650621924
346,2234,filled01_filled02_filled12_,1290,0.23148329021512906
348,2252,filled01_filled02_filled12_,1300,0.23152704099720708
348,2272,filled01_filled02_filled12_,1310,0.23064329642754525
352,2288,filled01_filled02_filled12_,1320,0.23049941006321664
355,2305,filled01_filled02_filled12_,1330,0.2301924374071279
355,2325,filled01_filled02_filled12_,1340,0.2292808829326881
357,2343,filled01_filled02_filled12_,1350,0.2281435649469942
357,2363,filled01_filled02_filled12_,1360,0.2279994994948414
358,2382,filled01_filled02_filled12_,1370,0.22644772675711133
360,2400,filled01_filled02_filled12_,1380,0.22591414535387375
362,2418,filled01_filled02_filled12_,1390,0.22522439761330226
362,2438,filled01_filled02_filled12_,1400,0.22439399446064015
362,2458,filled01_filled02_filled12_,1410,0.22314378205388694
364,2476,filled01_filled02_filled12_,1420,0.22265133695498296
368,2492,filled01_filled02_filled12_,1430,0.22268581769574622
368,2512,filled01_filled02_filled12_,1440,0.2228501029727192
371,2529,filled01_filled02_filled12_,1450,0.2228883595771319
373,2547,filled01_filled02_filled12_,1460,0.2216826984180599
374,2566,filled01_filled02_filled12_,1470,0.2210692434683891
375,2585,filled01_filled02_filled12_,1480,0.22102850724112985
379,2601,filled01_filled02_filled12_,1490,0.2209198583989382
383,2617,filled01_filled02_filled12_,1500,0.22071093005765838
387,2633,filled01_filled02_filled12_,1510,0.22025567510325295
390,2650,filled01_filled02_filled12_,1520,0.22055803537221094
393,2667,filled01_filled02_filled12_,1530,0.22021436224439625
395,2685,filled01_filled02_filled12_,1540,0.22046907551379177
398,2702,filled01_filled02_filled12_,1550,0.22100904380979816
400,2720,filled01_filled02_filled12_,1560,0.22057649902142917
402,2738,filled01_filled02_filled12_,1570,0.2203900301961188
404,2756,filled01_filled02_filled12_,1580,0.21968019315091294
407,2773,filled01_filled02_filled12_,1590,0.21992532419935465
411,2789,filled01_filled02_filled12_,1600,0.21936107332345425
414,2806,filled01_filled02_filled12_,1610,0.22063694784162577
417,2823,filled01_filled02_filled12_,1620,0.2207318746103779
420,2840,filled01_filled02_filled12_,1630,0.22059357729858906
426,2854,filled01_filled02_filled12_,1640,0.2216437884247934
426,2874,filled01_filled02_filled12_,1650,0.22133097440226926
427,2893,filled01_filled02_filled12_,1660,0.22106409877791955
432,2908,filled01_filled02_filled12_,1670,0.2220971004890893
433,2927,filled01_filled02_filled12_,1680,0.22115189599505014
436,2944,filled01_filled02_filled12_,1690,0.22061281457563134
438,2962,filled01_filled02_filled12_,1700,0.2205297706449358
440,2980,filled01_filled02_filled12_,1710,0.22044773150178043
443,2997,filled01_filled02_filled12_,1720,0.2200112814625961
447,3013,filled01_filled02_filled12_,1730,0.22036156492935732
451,3029,filled01_filled02_filled12_,1740,0.22084125460612078
454,3046,filled01_filled02_filled12_,1750,0.22140215129542437
456,3064,filled01_filled02_filled12_,1760,0.22127534348548974
457,3083,filled01_filled02_filled12_,1770,0.2212381911130159
461,3099,filled01_filled02_filled12_,1780,0.22080744533089672
463,3117,filled01_filled02_filled12_,1790,0.22085474449994433
464,3136,filled01_filled02_filled12_,1800,0.22065296974720072
465,3155,filled01_filled02_filled12_,1810,0.22049434316656422
466,3174,filled01_filled02_filled12_,1820,0.2196754906296058
467,3193,filled01_filled02_filled12_,1830,0.21894693967784204
469,3211,filled01_filled02_filled12_,1840,0.21846949072735888
471,3229,filled01_filled02_filled12_,1850,0.21864761475380948
474,3246,filled01_filled02_filled12_,1860,0.21857842219464474
477,3263,filled01_filled02_filled12_,1870,0.21895329662868165
480,3280,filled01_filled02_filled12_,1880,0.2191641093512903
484,3296,filled01_filled02_filled12_,1890,0.21892998537723465
485,3315,filled01_filled02_filled12_,1900,0.21886853538835968
485,3335,filled01_filled02_filled12_,1910,0.21833786175590583
489,3351,filled01_filled02_filled12_,1920,0.21815189365999563
491,3369,filled01_filled02_filled12_,1930,0.21813035465642508
493,3387,filled01_filled02_filled12_,1940,0.21779905957636772
496,3404,filled01_filled02_filled12_,1950,0.21766014776454587
499,3421,filled01_filled02_filled12_,1960,0.21744648561111743
501,3439,filled01_filled02_filled12_,1970,0.2171240986328933
504,3456,filled01_filled02_filled12_,1980,0.21718115499434587
506,3474,filled01_filled02_filled12_,1990,0.21727865544051794
507,3493,filled01_filled02_filled12_,2000,0.21730359521883147
510,3510,filled01_filled02_filled12_,2010,0.21694749512606806
510,3530,filled01_filled02_filled12_,2020,0.2163452891763381
516,3544,filled01_filled02_filled12_,2030,0.21702377290402772
519,3561,filled01_filled02_filled12_,2040,0.21663764360515655
521,3579,filled01_filled02_filled12_,2050,0.21607621465306934
523,3597,filled01_filled02_filled12_,2060,0.21581172285234565
524,3616,filled01_filled02_filled12_,2070,0.21580620683023766
529,3631,filled01_filled02_filled12_,2080,0.2163655448920759
534,3646,filled01_filled02_filled12_,2090,0.21677639029507287
535,3665,filled01_filled02_filled12_,2100,0.21623027780644388
538,3682,filled01_filled02_filled12_,2110,0.21564895379339252
539,3701,filled01_filled02_filled12_,2120,0.2154323995377857
541,3719,filled01_filled02_filled12_,2130,0.216236288173327
542,3738,filled01_filled02_filled12_,2140,0.21584347761669945
544,3756,filled01_filled02_filled12_,2150,0.21587152679103672
546,3774,filled01_filled02_filled12_,2160,0.2160356763878918
547,3793,filled01_filled02_filled12_,2170,0.21558159314615147
550,3810,filled01_filled02_filled12_,2180,0.21550219229992915
553,3827,filled01_filled02_filled12_,2190,0.21470592398229096
555,3845,filled01_filled02_filled12_,2200,0.21378500808382142
557,3863,filled01_filled02_filled12_,2210,0.2137521896412132
557,3883,filled01_filled02_filled12_,2220,0.21322161084441457
558,3902,filled01_filled02_filled12_,2230,0.21312808540547637
561,3919,filled01_filled02_filled12_,2240,0.2128634004248143
565,3935,filled01_filled02_filled12_,2250,0.2128961154080898
568,3952,filled01_filled02_filled12_,2260,0.2129980619315209
570,3970,filled01_filled02_filled12_,2270,0.21283791006976838
573,3987,filled01_filled02_filled12_,2280,0.21316612825129977
578,4002,filled01_filled02_filled12_,2290,0.21342296345605652
580,4020,filled01_filled02_filled12_,2300,0.21303648345386114
580,4040,filled01_filled02_filled12_,2310,0.21227182297912728
583,4057,filled01_filled02_filled12_,2320,0.21230884047747625
588,4072,filled01_filled02_filled12_,2330,0.21298014504498938
591,4089,filled01_filled02_filled12_,2340,0.21250525431424075
593,4107,filled01_filled02_filled12_,2350,0.21203698886450537
596,4124,filled01_filled02_filled12_,2360,0.21245257356533234
598,4142,filled01_filled02_filled12_,2370,0.21233346926256788
602,4158,filled01_filled02_filled12_,2380,0.21208688734238598
605,4175,filled01_filled02_filled12_,2390,0.21200017489234604
606,4194,filled01_filled02_filled12_,2400,0.21176289712622406
607,4213,filled01_filled02_filled12_,2410,0.21121968199133145
611,4229,filled01_filled02_filled12_,2420,0.2118099094203824
612,4248,filled01_filled02_filled12_,2430,0.2110274664789252
615,4265,filled01_filled02_filled12_,2440,0.21100703376543536
619,4281,filled01_filled02_filled12_,2450,0.21140842759272574
619,4301,filled01_filled02_filled12_,2460,0.21090958494417392
622,4318,filled01_filled02_filled12_,2470,0.21044072333127983
623,4337,filled01_filled02_filled12_,2480,0.20991939425066564
626,4354,filled01_filled02_filled12_,2490,0.20990394794463696
626,4374,filled01_filled02_filled12_,2500,0.20962713112313422
628,4392,filled01_filled02_filled12_,2510,0.2095552086657094
631,4409,filled01_filled02_filled12_,2520,0.20968902127991632
634,4426,filled01_filled02_filled12_,2530,0.20952953147420683
637,4443,filled01_filled02_filled12_,2540,0.20951590314020105
637,4463,filled01_filled02_filled12_,2550,0.20913063333899484
640,4480,filled01_filled02_filled12_,2560,0.20929056216542122
641,4499,filled01_filled02_filled12_,2570,0.20887923037576192
641,4519,filled01_filled02_filled12_,2580,0.20872984026822228
643,4537,filled01_filled02_filled12_,2590,0.2082943500867518
645,4555,filled01_filled02_filled12_,2600,0.20851425817508737
647,4573,filled01_filled02_filled12_,2610,0.20830877465341488
649,4591,filled01_filled02_filled12_,2620,0.20771098570657207
654,4606,filled01_filled02_filled12_,2630,0.20784246786749838
655,4625,filled01_filled02_filled12_,2640,0.20781020026331995
657,4643,filled01_filled02_filled12_,2650,0.207221741447137
659,4661,filled01_filled02_filled12_,2660,0.2071086363904433
661,4679,filled01_filled02_filled12_,2670,0.20738132070938556
664,4696,filled01_filled02_filled12_,2680,0.20734930476704036
666,4714,filled01_filled02_filled12_,2690,0.20745564480543913
667,4733,filled01_filled02_filled12_,2700,0.20720802898007307
671,4749,filled01_filled02_filled12_,2710,0.20714849442935332
675,4765,filled01_filled02_filled12_,2720,0.20681916387773466
678,4782,filled01_filled02_filled12_,2730,0.2072205801788076
681,4799,filled01_filled02_filled12_,2740,0.20708267556332427
684,4816,filled01_filled02_filled12_,2750,0.20678530200856368
688,4832,filled01_filled02_filled12_,2760,0.20686178802723795
690,4850,filled01_filled02_filled12_,2770,0.20664854512158912
694,4866,filled01_filled02_filled12_,2780,0.20693743620183705
696,4884,filled01_filled02_filled12_,2790,0.20659515682300222
699,4901,filled01_filled02_filled12_,2800,0.20607148518420706
700,4920,filled01_filled02_filled12_,2810,0.20609947560017416
702,4938,filled01_filled02_filled12_,2820,0.20573691635506478
706,4954,filled01_filled02_filled12_,2830,0.20604957533436807
709,4971,filled01_filled02_filled12_,2840,0.20607472471261748
711,4989,filled01_filled02_filled12_,2850,0.20584657001267823
714,5006,filled01_filled02_filled12_,2860,0.2057739611337318
718,5022,filled01_filled02_filled12_,2870,0.20602961244232146
720,5040,filled01_filled02_filled12_,2880,0.2058531051831094
720,5060,filled01_filled02_filled12_,2890,0.20552731579378816
722,5078,filled01_filled02_filled12_,2900,0.20527758984544753
727,5093,filled01_filled02_filled12_,2910,0.2053582420213371
728,5112,filled01_filled02_filled12_,2920,0.20503637978514333
732,5128,filled01_filled02_filled12_,2930,0.20518978573814936
734,5146,filled01_filled02_filled12_,2940,0.20521771594039295
739,5161,filled01_filled02_filled12_,2950,0.20487608195953133
743,5177,filled01_filled02_filled12_,2960,0.2046600095343544
749,5191,filled01_filled02_filled12_,2970,0.20501114833426984
753,5207,filled01_filled02_filled12_,2980,0.2051110609909372
754,5226,filled01_filled02_filled12_,2990,0.20450712412333838
754,5246,filled01_filled02_filled12_,3000,0.20402790708267693
755,5265,filled01_filled02_filled12_,3010,0.2037206155013609
757,5283,filled01_filled02_filled12_,3020,0.20358331267083776
759,5301,filled01_filled02_filled12_,3030,0.20316104322547301
760,5320,filled01_filled02_filled12_,3040,0.20286007037515671
761,5339,filled01_filled02_filled12_,3050,0.2025836054938754
762,5358,filled01_filled02_filled12_,3060,0.2027856580338626
765,5375,filled01_filled02_filled12_,3070,0.20253670232865684
768,5392,filled01_filled02_filled12_,3080,0.20236102645568008
769,5411,filled01_filled02_filled12_,3090,0.20221037655657412
771,5429,filled01_filled02_filled12_,3100,0.20180303506730576
777,5443,filled01_filled02_filled12_,3110,0.201961459905755
778,5462,filled01_filled02_filled12_,3120,0.20204710248791088
779,5481,filled01_filled02_filled12_,3130,0.20171595310925253
782,5498,filled01_filled02_filled12_,3140,0.2015469212390463
787,5513,filled01_filled02_filled12_,3150,0.20176941875312537
788,5532,filled01_filled02_filled12_,3160,0.20139397327750297
791,5549,filled01_filled02_filled12_,3170,0.20152684053653236
794,5566,filled01_filled02_filled12_,3180,0.20143014908423604
794,5586,filled01_filled02_filled12_,3190,0.20128856423130528
798,5602,filled01_filled02_filled12_,3200,0.20130985746811544
802,5618,filled01_filled02_filled12_,3210,0.20152997933244712
804,5636,filled01_filled02_filled12_,3220,0.20147637992173675
808,5652,filled01_filled02_filled12_,3230,0.20160607465681046
810,5670,filled01_filled02_filled12_,3240,0.2015045546404942
811,5689,filled01_filled02_filled12_,3250,0.20120846052705754
811,5709,filled01_filled02_filled12_,3260,0.20067232150202038
812,5728,filled01_filled02_filled12_,3270,0.20053588259826124
817,5743,filled01_filled02_filled12_,3280,0.20059806730937732
818,5762,filled01_filled02_filled12_,3290,0.20034831316692117
821,5779,filled01_filled02_filled12_,3300,0.2006723211306273
824,5796,filled01_filled02_filled12_,3310,0.20032380140282394
825,5815,filled01_filled02_filled12_,3320,0.19997177186715365
827,5833,filled01_filled02_filled12_,3330,0.19992466100344597
828,5852,filled01_filled02_filled12_,3340,0.19949087260003598
828,5872,filled01_filled02_filled12_,3350,0.19914592868877481
832,5888,filled01_filled02_filled12_,3360,0.19944678913086225
835,5905,filled01_filled02_filled12_,3370,0.19957798565878618
838,5922,filled01_filled02_filled12_,3380,0.19959695625786056
840,5940,filled01_filled02_filled12_,3390,0.19973888972645193
844,5956,filled01_filled02_filled12_,3400,0.19958877692003055
847,5973,filled01_filled02_filled12_,3410,0.1993114623033746
850,5990,filled01_filled02_filled12_,3420,0.19908146466875629
851,6009,filled01_filled02_filled12_,3430,0.19889208804374703
851,6029,filled01_filled02_filled12_,3440,0.19849422936598624
854,6046,filled01_filled02_filled12_,3450,0.19843365242283376
855,6065,filled01_filled02_filled12_,3460,0.197956882871181
856,6084,filled01_filled02_filled12_,3470,0.19756498686998014
859,6101,filled01_filled02_filled12_,3480,0.19748934426863518
860,6120,filled01_filled02_filled12_,3490,0.19722706007057608
861,6139,filled01_filled02_filled12_,3500,0.19704730773435405
863,6157,filled01_filled02_filled12_,3510,0.19688608708353847
866,6174,filled01_filled02_filled12_,3520,0.19725246337872474
870,6190,filled01_filled02_filled12_,3530,0.19732039758480133
872,6208,filled01_filled02_filled12_,3540,0.1973531107963884
872,6228,filled01_filled02_filled12_,3550,0.19737222353091555
875,6245,filled01_filled02_filled12_,3560,0.1974762157341939
879,6261,filled01_filled02_filled12_,3570,0.19776326902180139
884,6276,filled01_filled02_filled12_,3580,0.19817076322176963
884,6296,filled01_filled02_filled12_,3590,0.19793225369274828
886,6314,filled01_filled02_filled12_,3600,0.19787654896676724
888,6332,filled01_filled02_filled12_,3610,0.19772472990939138
889,6351,filled01_filled02_filled12_,3620,0.19733211583873747
891,6369,filled01_filled02_filled12_,3630,0.1972181801188689
892,6388,filled01_filled02_filled12_,3640,0.19682948006510634
894,6406,filled01_filled02_filled12_,3650,0.1966226796260523
895,6425,filled01_filled02_filled12_,3660,0.19643533287504802
898,6442,filled01_filled02_filled12_,3670,0.19595678983871836
899,6461,filled01_filled02_filled12_,3680,0.19555969816967825
900,6480,filled01_filled02_filled12_,3690,0.19548761250556645
904,6496,filled01_filled02_filled12_,3700,0.19548108345277307
905,6515,filled01_filled02_filled12_,3710,0.19535890651221846
907,6533,filled01_filled02_filled12_,3720,0.19513559899184604
908,6552,filled01_filled02_filled12_,3730,0.19519972653996973
911,6569,filled01_filled02_filled12_,3740,0.19503593968356983
914,6586,filled01_filled02_filled12_,3750,0.19504821357905786
915,6605,filled01_filled02_filled12_,3760,0.19494549035175132
916,6624,filled01_filled02_filled12_,3770,0.19484336114770895
918,6642,filled01_filled02_filled12_,3780,0.1948155159862068
918,6662,filled01_filled02_filled12_,3790,0.19431903808285947
918,6682,filled01_filled02_filled12_,3800,0.1941216453915878
923,6697,filled01_filled02_filled12_,3810,0.19430676800191074
925,6715,filled01_filled02_filled12_,3820,0.19413336051988703
927,6733,filled01_filled02_filled12_,3830,0.1939935290395218
928,6752,filled01_filled02_filled12_,3840,0.1938796478060838
931,6769,filled01_filled02_filled12_,3850,0.1940244705885864
934,6786,filled01_filled02_filled12_,3860,0.19398237099007068
934,6806,filled01_filled02_filled12_,3870,0.194338725346753
935,6825,filled01_filled02_filled12_,3880,0.1941928989973006
937,6843,filled01_filled02_filled12_,3890,0.19435249159266174
942,6858,filled01_filled02_filled12_,3900,0.19434824410825138
948,6872,filled01_filled02_filled12_,3910,0.19467971741172896
950,6890,filled01_filled02_filled12_,3920,0.194637434500725
951,6909,filled01_filled02_filled12_,3930,0.1944131603926006
954,6926,filled01_filled02_filled12_,3940,0.1948790378511681
954,6946,filled01_filled02_filled12_,3950,0.19460062420344768
956,6964,filled01_filled02_filled12_,3960,0.19470100722582664
960,6980,filled01_filled02_filled12_,3970,0.19455548116532104
963,6997,filled01_filled02_filled12_,3980,0.19438752088295938
964,7016,filled01_filled02_filled12_,3990,0.1941827373313563
966,7034,filled01_filled02_filled12_,4000,0.1939627938001676
968,7052,filled01_filled02_filled12_,4010,0.19379872022499298
970,7070,filled01_filled02_filled12_,4020,0.19389933100737056
972,7088,filled01_filled02_filled12_,4030,0.19398429172859333
973,7107,filled01_filled02_filled12_,4040,0.19357496525318932
974,7126,filled01_filled02_filled12_,4050,0.19351388831282756
976,7144,filled01_filled02_filled12_,4060,0.19342208472826927
978,7162,filled01_filled02_filled12_,4070,0.1933845948594243
980,7180,filled01_filled02_filled12_,4080,0.19333236646489063
981,7199,filled01_filled02_filled12_,4090,0.19324270375871314
982,7218,filled01_filled02_filled12_,4100,0.19297826293495013
983,7237,filled01_filled02_filled12_,4110,0.19317741802616303
983,7257,filled01_filled02_filled12_,4120,0.19279426691860505
985,7275,filled01_filled02_filled12_,4130,0.19292424716323633
988,7292,filled01_filled02_filled12_,4140,0.1931437641174519
991,7309,filled01_filled02_filled12_,4150,0.1932122213912084
991,7329,filled01_filled02_filled12_,4160,0.1929822364338117
993,7347,filled01_filled02_filled12_,4170,0.19323085038314092
995,7365,filled01_filled02_filled12_,4180,0.193276830928069
997,7383,filled01_filled02_filled12_,4190,0.19342713050349034
999,7401,filled01_filled02_filled12_,4200,0.19328644035086184
999,7421,filled01_filled02_filled12_,4210,0.19309648082356443
999,7441,filled01_filled02_filled12_,4220,0.19273723835295933
1004,7456,filled01_filled02_filled12_,4230,0.19295080358455122
1006,7474,filled01_filled02_filled12_,4240,0.1927979577428713
1008,7492,filled01_filled02_filled12_,4250,0.19299860974291402
1009,7511,filled01_filled02_filled12_,4260,0.19269337674103829
1012,7528,filled01_filled02_filled12_,4270,0.19265830367503753
1016,7544,filled01_filled02_filled12_,4280,0.19265896633695567
1016,7564,filled01_filled02_filled12_,4290,0.19243777586776079
1021,7579,filled01_filled02_filled12_,4300,0.19248885618050018
1023,7597,filled01_filled02_filled12_,4310,0.1922890771108644
1025,7615,filled01_filled02_filled12_,4320,0.19202538526625715
1026,7634,filled01_filled02_filled12_,4330,0.19186475582118537
1028,7652,filled01_filled02_filled12_,4340,0.19189775306841386
1031,7669,filled01_filled02_filled12_,4350,0.19204434745315843
1032,7688,filled01_filled02_filled12_,4360,0.19179886665293133
1038,7702,filled01_filled02_filled12_,4370,0.19186411202017362
1040,7720,filled01_filled02_filled12_,4380,0.19178299375538702
1042,7738,filled01_filled02_filled12_,4390,0.19186548435745068
1043,7757,filled01_filled02_filled12_,4400,0.1917359741554238
1043,7777,filled01_filled02_filled12_,4410,0.19155846853785305
1045,7795,filled01_filled02_filled12_,4420,0.1917958047800408
1045,7815,filled01_filled02_filled12_,4430,0.19165424930912378
1048,7832,filled01_filled02_filled12_,4440,0.19160901071459835
1053,7847,filled01_filled02_filled12_,4450,0.191674245882024
1057,7863,filled01_filled02_filled12_,4460,0.19192859969557893
1059,7881,filled01_filled02_filled12_,4470,0.19194663952506044
1060,7900,filled01_filled02_filled12_,4480,0.19158296337177946
1063,7917,filled01_filled02_filled12_,4490,0.1916145989887481
1064,7936,filled01_filled02_filled12_,4500,0.19173759568201454
1065,7955,filled01_filled02_filled12_,4510,0.19137686690998038
1067,7973,filled01_filled02_filled12_,4520,0.1913613425363181
1071,7989,filled01_filled02_filled12_,4530,0.1913514208199875
1073,8007,filled01_filled02_filled12_,4540,0.19102798606418916
1075,8025,filled01_filled02_filled12_,4550,0.19089044776357858
1075,8045,filled01_filled02_filled12_,4560,0.19038032938237215
1077,8063,filled01_filled02_filled12_,4570,0.19013629825813913
1081,8079,filled01_filled02_filled12_,4580,0.19023820124903448
1081,8099,filled01_filled02_filled12_,4590,0.19002374302013933
1083,8117,filled01_filled02_filled12_,4600,0.18999814462274975
1084,8136,filled01_filled02_filled12_,4610,0.18974504533737366
1085,8155,filled01_filled02_filled12_,4620,0.18965283797745203
1086,8174,filled01_filled02_filled12_,4630,0.18944087518874095
1093,8187,filled01_filled02_filled12_,4640,0.18954047638159044
1095,8205,filled01_filled02_filled12_,4650,0.1896957791986169
1095,8225,filled01_filled02_filled12_,4660,0.18949893856954572
1096,8244,filled01_filled02_filled12_,4670,0.18936940380098596
1096,8264,filled01_filled02_filled12_,4680,0.1890553013721639
1097,8283,filled01_filled02_filled12_,4690,0.18897377696368578
1097,8303,filled01_filled02_filled12_,4700,0.18874177004050074
1101,8319,filled01_filled02_filled12_,4710,0.18883100141118295
1101,8339,filled01_filled02_filled12_,4720,0.18883587597216836
1102,8358,filled01_filled02_filled12_,4730,0.18874782752993532
1105,8375,filled01_filled02_filled12_,4740,0.1892607838657606
1106,8394,filled01_filled02_filled12_,4750,0.18911373275065313
1111,8409,filled01_filled02_filled12_,4760,0.1893425389576473
1112,8428,filled01_filled02_filled12_,4770,0.1893584573186509
1112,8448,filled01_filled02_filled12_,4780,0.1892714494700223
1113,8467,filled01_filled02_filled12_,4790,0.18939138701521072
1113,8487,filled01_filled02_filled12_,4800,0.18908515649387655
1117,8503,filled01_filled02_filled12_,4810,0.18924173864971086
1117,8523,filled01_filled02_filled12_,4820,0.18899501091854912
1119,8541,filled01_filled02_filled12_,4830,0.18881227295255343
1120,8560,filled01_filled02_filled12_,4840,0.18854143338117882
1123,8577,filled01_filled02_filled12_,4850,0.18846194087694804
1123,8597,filled01_filled02_filled12_,4860,0.18830852946558685
1126,8614,filled01_filled02_filled12_,4870,0.18842093866500212
1127,8633,filled01_filled02_filled12_,4880,0.1883564841394073
1127,8653,filled01_filled02_filled12_,4890,0.18810293653116128
1127,8673,filled01_filled02_filled12_,4900,0.18783815104934778
1129,8691,filled01_filled02_filled12_,4910,0.18762931926060591
1130,8710,filled01_filled02_filled12_,4920,0.18778076229331334
1132,8728,filled01_filled02_filled12_,4930,0.18787433446247262
1134,8746,filled01_filled02_filled12_,4940,0.18779862934199684
1135,8765,filled01_filled02_filled12_,4950,0.18781721630940054
1136,8784,filled01_filled02_filled12_,4960,0.18772361620756098
1136,8804,filled01_filled02_filled12_,4970,0.18764368969796744
1136,8824,filled01_filled02_filled12_,4980,0.18749596788854447
1137,8843,filled01_filled02_filled12_,4990,0.18729215852115844
