size intersection,size union,state,k,mean JI
2,18,filled01_filled02_filled12_,10,0.23148148148148148
5,35,filled01_filled02_filled12_,20,0.25550435227854584
9,51,filled01_filled02_filled12_,30,0.32693947144075025
16,64,filled01_filled02_filled12_,40,0.34991884763643744
20,80,filled01_filled02_filled12_,50,0.3271088814567075
25,95,filled01_filled02_filled12_,60,0.337762951117973
28,112,filled01_filled02_filled12_,70,0.33213716108452945
30,130,filled01_filled02_filled12_,80,0.34656891975633425
34,146,filled01_filled02_filled12_,90,0.35822994943798864
39,161,filled01_filled02_filled12_,100,0.35281546885135723
44,176,filled01_filled02_filled12_,110,0.34530636083678456
50,190,filled01_filled02_filled12_,120,0.34575452814785157
52,208,filled01_filled02_filled12_,130,0.3367413632119514
58,222,filled01_filled02_filled12_,140,0.34435510779596806
59,241,filled01_filled02_filled12_,150,0.33066575266108916
64,256,filled01_filled02_filled12_,160,0.34477812022350846
69,271,filled01_filled02_filled12_,170,0.3419393808846765
74,286,filled01_filled02_filled12_,180,0.33243632984789157
76,304,filled01_filled02_filled12_,190,0.32936149240497065
84,316,filled01_filled02_filled12_,200,0.32831313899007897
89,331,filled01_filled02_filled12_,210,0.33372632819983794
93,347,filled01_filled02_filled12_,220,0.3370865781033571
97,363,filled01_filled02_filled12_,230,0.3343013385881451
99,381,filled01_filled02_filled12_,240,0.33290864096445105
103,397,filled01_filled02_filled12_,250,0.3344692101703182
106,414,filled01_filled02_filled12_,260,0.3463533991171747
107,433,filled01_filled02_filled12_,270,0.33252237663195516
109,451,filled01_filled02_filled12_,280,0.3285077503332859
112,468,filled01_filled02_filled12_,290,0.32386928668940396
116,484,filled01_filled02_filled12_,300,0.32031523028469017
117,503,filled01_filled02_filled12_,310,0.3207726591920237
120,520,filled01_filled02_filled12_,320,0.3162197130087039
123,537,filled01_filled02_filled12_,330,0.3168232659024341
126,554,filled01_filled02_filled12_,340,0.312221430305284
128,572,filled01_filled02_filled12_,350,0.3135998960996624
130,590,filled01_filled02_filled12_,360,0.3076654340743355
133,607,filled01_filled02_filled12_,370,0.306339721925998
134,626,filled01_filled02_filled12_,380,0.29965966544868433
139,641,filled01_filled02_filled12_,390,0.29808562996201454
139,661,filled01_filled02_filled12_,400,0.2931485396950087
143,677,filled01_filled02_filled12_,410,0.2932985625139251
144,696,filled01_filled02_filled12_,420,0.2921576310196922
146,714,filled01_filled02_filled12_,430,0.29164372301627206
147,733,filled01_filled02_filled12_,440,0.28824322747771863
152,748,filled01_filled02_filled12_,450,0.28867821436875146
154,766,filled01_filled02_filled12_,460,0.28773660240302895
157,783,filled01_filled02_filled12_,470,0.28693334350689437
160,800,filled01_filled02_filled12_,480,0.2840248309651388
163,817,filled01_filled02_filled12_,490,0.2807616832643304
169,831,filled01_filled02_filled12_,500,0.28345491548278423
172,848,filled01_filled02_filled12_,510,0.28117956527654103
174,866,filled01_filled02_filled12_,520,0.280952888705945
180,880,filled01_filled02_filled12_,530,0.28349159800772705
182,898,filled01_filled02_filled12_,540,0.28151971075286125
183,917,filled01_filled02_filled12_,550,0.2784170838191603
187,933,filled01_filled02_filled12_,560,0.27687987612367304
189,951,filled01_filled02_filled12_,570,0.275859325801544
190,970,filled01_filled02_filled12_,580,0.27475910568081335
192,988,filled01_filled02_filled12_,590,0.2739597118238218
194,1006,filled01_filled02_filled12_,600,0.2736151343229351
198,1022,filled01_filled02_filled12_,610,0.274587316382406
201,1039,filled01_filled02_filled12_,620,0.27395396613930306
202,1058,filled01_filled02_filled12_,630,0.26996026652426813
207,1073,filled01_filled02_filled12_,640,0.2688749446425344
209,1091,filled01_filled02_filled12_,650,0.26761924791725805
211,1109,filled01_filled02_filled12_,660,0.265910515391506
211,1129,filled01_filled02_filled12_,670,0.2635527296321328
214,1146,filled01_filled02_filled12_,680,0.26290575472307753
216,1164,filled01_filled02_filled12_,690,0.26216870339807746
217,1183,filled01_filled02_filled12_,700,0.2601988758416312
218,1202,filled01_filled02_filled12_,710,0.2602227902798735
219,1221,filled01_filled02_filled12_,720,0.2605836964986266
224,1236,filled01_filled02_filled12_,730,0.2642187587233411
231,1249,filled01_filled02_filled12_,740,0.26520252203351974
236,1264,filled01_filled02_filled12_,750,0.26490651670163556
238,1282,filled01_filled02_filled12_,760,0.2637810966885731
238,1302,filled01_filled02_filled12_,770,0.26333827893573275
238,1322,filled01_filled02_filled12_,780,0.2618842230273583
239,1341,filled01_filled02_filled12_,790,0.2603412196669998
243,1357,filled01_filled02_filled12_,800,0.26093011515159475
246,1374,filled01_filled02_filled12_,810,0.2601198576875906
248,1392,filled01_filled02_filled12_,820,0.25865729075634886
251,1409,filled01_filled02_filled12_,830,0.2579907258816884
251,1429,filled01_filled02_filled12_,840,0.2569912031995037
253,1447,filled01_filled02_filled12_,850,0.25646905120945324
255,1465,filled01_filled02_filled12_,860,0.2564287007641334
257,1483,filled01_filled02_filled12_,870,0.25481749164368456
262,1498,filled01_filled02_filled12_,880,0.2545780523130624
263,1517,filled01_filled02_filled12_,890,0.25277349598424675
267,1533,filled01_filled02_filled12_,900,0.2540848001259159
274,1546,filled01_filled02_filled12_,910,0.2556912942983245
277,1563,filled01_filled02_filled12_,920,0.2559104679500929
279,1581,filled01_filled02_filled12_,930,0.25484342990927716
279,1601,filled01_filled02_filled12_,940,0.2534804991088323
281,1619,filled01_filled02_filled12_,950,0.2530544708554834
283,1637,filled01_filled02_filled12_,960,0.25288744135667046
285,1655,filled01_filled02_filled12_,970,0.2520634203831657
288,1672,filled01_filled02_filled12_,980,0.25124725039061063
291,1689,filled01_filled02_filled12_,990,0.2494064415226496
295,1705,filled01_filled02_filled12_,1000,0.25037469614533076
296,1724,filled01_filled02_filled12_,1010,0.2500941106942827
297,1743,filled01_filled02_filled12_,1020,0.24919625881508475
299,1761,filled01_filled02_filled12_,1030,0.24869201061456747
299,1781,filled01_filled02_filled12_,1040,0.247074469084229
303,1797,filled01_filled02_filled12_,1050,0.24711067437660914
305,1815,filled01_filled02_filled12_,1060,0.24656845936435204
307,1833,filled01_filled02_filled12_,1070,0.24633116671550184
310,1850,filled01_filled02_filled12_,1080,0.24609015282226662
314,1866,filled01_filled02_filled12_,1090,0.24569906167526603
317,1883,filled01_filled02_filled12_,1100,0.24589910960259598
321,1899,filled01_filled02_filled12_,1110,0.24665648163427853
323,1917,filled01_filled02_filled12_,1120,0.24678256264400375
325,1935,filled01_filled02_filled12_,1130,0.24620652467390683
326,1954,filled01_filled02_filled12_,1140,0.2454420102170969
328,1972,filled01_filled02_filled12_,1150,0.24461420103253104
333,1987,filled01_filled02_filled12_,1160,0.24432066866335753
334,2006,filled01_filled02_filled12_,1170,0.24372865454581438
336,2024,filled01_filled02_filled12_,1180,0.24200781781683503
339,2041,filled01_filled02_filled12_,1190,0.24182838500422957
341,2059,filled01_filled02_filled12_,1200,0.24139489014712046
344,2076,filled01_filled02_filled12_,1210,0.24128709937643347
345,2095,filled01_filled02_filled12_,1220,0.23997610734930208
348,2112,filled01_filled02_filled12_,1230,0.23918439457253346
351,2129,filled01_filled02_filled12_,1240,0.23966266907058423
352,2148,filled01_filled02_filled12_,1250,0.2390863473131195
353,2167,filled01_filled02_filled12_,1260,0.2390146205390058
358,2182,filled01_filled02_filled12_,1270,0.238672122632385
360,2200,filled01_filled02_filled12_,1280,0.2390856877015246
364,2216,filled01_filled02_filled12_,1290,0.2382715742659576
366,2234,filled01_filled02_filled12_,1300,0.2377237796423882
368,2252,filled01_filled02_filled12_,1310,0.23670917618919698
368,2272,filled01_filled02_filled12_,1320,0.23548898100177165
369,2291,filled01_filled02_filled12_,1330,0.23469073123572745
372,2308,filled01_filled02_filled12_,1340,0.2338370432946645
373,2327,filled01_filled02_filled12_,1350,0.23232686774644543
374,2346,filled01_filled02_filled12_,1360,0.23163631339669224
374,2366,filled01_filled02_filled12_,1370,0.23006399730537663
375,2385,filled01_filled02_filled12_,1380,0.22966605961438313
376,2404,filled01_filled02_filled12_,1390,0.22883738984418864
378,2422,filled01_filled02_filled12_,1400,0.22851109249753432
381,2439,filled01_filled02_filled12_,1410,0.22780446499328502
384,2456,filled01_filled02_filled12_,1420,0.2273817047718352
385,2475,filled01_filled02_filled12_,1430,0.2265955982563231
386,2494,filled01_filled02_filled12_,1440,0.22677406498307265
387,2513,filled01_filled02_filled12_,1450,0.22606046094467902
390,2530,filled01_filled02_filled12_,1460,0.22586953178154726
394,2546,filled01_filled02_filled12_,1470,0.2255202545924202
395,2565,filled01_filled02_filled12_,1480,0.22549566108137445
398,2582,filled01_filled02_filled12_,1490,0.22602790357741812
399,2601,filled01_filled02_filled12_,1500,0.22514202147164966
400,2620,filled01_filled02_filled12_,1510,0.22491978830175066
401,2639,filled01_filled02_filled12_,1520,0.22355429125589485
404,2656,filled01_filled02_filled12_,1530,0.2230903171207094
407,2673,filled01_filled02_filled12_,1540,0.2229772617726763
409,2691,filled01_filled02_filled12_,1550,0.22296537222636206
409,2711,filled01_filled02_filled12_,1560,0.22276989033850414
410,2730,filled01_filled02_filled12_,1570,0.22199512878509176
411,2749,filled01_filled02_filled12_,1580,0.22108705518045024
414,2766,filled01_filled02_filled12_,1590,0.2215130664385169
417,2783,filled01_filled02_filled12_,1600,0.22108363016009672
423,2797,filled01_filled02_filled12_,1610,0.22229124703301736
424,2816,filled01_filled02_filled12_,1620,0.2216839324725509
425,2835,filled01_filled02_filled12_,1630,0.2215932880913508
428,2852,filled01_filled02_filled12_,1640,0.22200470774346434
429,2871,filled01_filled02_filled12_,1650,0.22113466135068457
431,2889,filled01_filled02_filled12_,1660,0.22090965447556576
431,2909,filled01_filled02_filled12_,1670,0.22065116947549887
434,2926,filled01_filled02_filled12_,1680,0.22033712413392692
435,2945,filled01_filled02_filled12_,1690,0.22021564668724425
436,2964,filled01_filled02_filled12_,1700,0.21933891020958343
441,2979,filled01_filled02_filled12_,1710,0.21925155194799317
445,2995,filled01_filled02_filled12_,1720,0.21908266726856532
446,3014,filled01_filled02_filled12_,1730,0.21840454880996252
447,3033,filled01_filled02_filled12_,1740,0.21773508645617815
452,3048,filled01_filled02_filled12_,1750,0.21800519646922803
453,3067,filled01_filled02_filled12_,1760,0.21785699014437432
456,3084,filled01_filled02_filled12_,1770,0.21778929509456793
456,3104,filled01_filled02_filled12_,1780,0.2179854245300575
461,3119,filled01_filled02_filled12_,1790,0.21841505996719746
465,3135,filled01_filled02_filled12_,1800,0.2183003503089964
467,3153,filled01_filled02_filled12_,1810,0.21827688353264732
470,3170,filled01_filled02_filled12_,1820,0.21787836513316847
475,3185,filled01_filled02_filled12_,1830,0.21879302825304084
478,3202,filled01_filled02_filled12_,1840,0.2181101138440222
479,3221,filled01_filled02_filled12_,1850,0.2178065772795137
481,3239,filled01_filled02_filled12_,1860,0.21746314728375496
484,3256,filled01_filled02_filled12_,1870,0.21740171675895
485,3275,filled01_filled02_filled12_,1880,0.21742687464718938
486,3294,filled01_filled02_filled12_,1890,0.21757120678604713
487,3313,filled01_filled02_filled12_,1900,0.21680420230838193
488,3332,filled01_filled02_filled12_,1910,0.21651796915158447
491,3349,filled01_filled02_filled12_,1920,0.2166594372183933
495,3365,filled01_filled02_filled12_,1930,0.21632984876362282
498,3382,filled01_filled02_filled12_,1940,0.21612183131669924
499,3401,filled01_filled02_filled12_,1950,0.2157668061939059
502,3418,filled01_filled02_filled12_,1960,0.21541121334195948
504,3436,filled01_filled02_filled12_,1970,0.21483494622253838
505,3455,filled01_filled02_filled12_,1980,0.21411655931990467
505,3475,filled01_filled02_filled12_,1990,0.21464609486160735
506,3494,filled01_filled02_filled12_,2000,0.21431026097827158
509,3511,filled01_filled02_filled12_,2010,0.21493857481508205
510,3530,filled01_filled02_filled12_,2020,0.21430662232808004
513,3547,filled01_filled02_filled12_,2030,0.21478104913960813
517,3563,filled01_filled02_filled12_,2040,0.2154328713371212
518,3582,filled01_filled02_filled12_,2050,0.21480902522558135
524,3596,filled01_filled02_filled12_,2060,0.21541036441075337
525,3615,filled01_filled02_filled12_,2070,0.2150087546033899
525,3635,filled01_filled02_filled12_,2080,0.21411096468258672
526,3654,filled01_filled02_filled12_,2090,0.2142932050144241
526,3674,filled01_filled02_filled12_,2100,0.21344446602846667
527,3693,filled01_filled02_filled12_,2110,0.21295539246032122
528,3712,filled01_filled02_filled12_,2120,0.21268153775856677
529,3731,filled01_filled02_filled12_,2130,0.21230582562041192
534,3746,filled01_filled02_filled12_,2140,0.21244424002756354
536,3764,filled01_filled02_filled12_,2150,0.21210443216483635
541,3779,filled01_filled02_filled12_,2160,0.21231202166959887
544,3796,filled01_filled02_filled12_,2170,0.21166633938587598
544,3816,filled01_filled02_filled12_,2180,0.21100027402795776
545,3835,filled01_filled02_filled12_,2190,0.2106435156399642
549,3851,filled01_filled02_filled12_,2200,0.2109238807583512
550,3870,filled01_filled02_filled12_,2210,0.21100745034448945
553,3887,filled01_filled02_filled12_,2220,0.21142013427067696
554,3906,filled01_filled02_filled12_,2230,0.2110677764418715
556,3924,filled01_filled02_filled12_,2240,0.21021992356286653
558,3942,filled01_filled02_filled12_,2250,0.21013726122613843
558,3962,filled01_filled02_filled12_,2260,0.2092089482654668
560,3980,filled01_filled02_filled12_,2270,0.20877546436147595
561,3999,filled01_filled02_filled12_,2280,0.20883184744415714
562,4018,filled01_filled02_filled12_,2290,0.2087274825559282
563,4037,filled01_filled02_filled12_,2300,0.2088808840603318
563,4057,filled01_filled02_filled12_,2310,0.20798013869817775
564,4076,filled01_filled02_filled12_,2320,0.20791234836672232
566,4094,filled01_filled02_filled12_,2330,0.20768481553063312
567,4113,filled01_filled02_filled12_,2340,0.2070204773466223
568,4132,filled01_filled02_filled12_,2350,0.2065516019343329
571,4149,filled01_filled02_filled12_,2360,0.2063306122697021
573,4167,filled01_filled02_filled12_,2370,0.20630162146585232
574,4186,filled01_filled02_filled12_,2380,0.20590250329380763
575,4205,filled01_filled02_filled12_,2390,0.20559979974667322
579,4221,filled01_filled02_filled12_,2400,0.2060280233582921
579,4241,filled01_filled02_filled12_,2410,0.205545868269704
581,4259,filled01_filled02_filled12_,2420,0.2057928919429879
582,4278,filled01_filled02_filled12_,2430,0.20552531255974285
585,4295,filled01_filled02_filled12_,2440,0.20531605827303365
587,4313,filled01_filled02_filled12_,2450,0.2054707708507626
588,4332,filled01_filled02_filled12_,2460,0.20547801856880307
590,4350,filled01_filled02_filled12_,2470,0.20557236366305265
594,4366,filled01_filled02_filled12_,2480,0.2056606672762239
595,4385,filled01_filled02_filled12_,2490,0.20551835746240066
596,4404,filled01_filled02_filled12_,2500,0.20502462114525585
597,4423,filled01_filled02_filled12_,2510,0.2047114486895589
599,4441,filled01_filled02_filled12_,2520,0.2041374767275227
601,4459,filled01_filled02_filled12_,2530,0.20385674032738366
601,4479,filled01_filled02_filled12_,2540,0.20418839478176384
602,4498,filled01_filled02_filled12_,2550,0.20399889933196
603,4517,filled01_filled02_filled12_,2560,0.20395373898192212
604,4536,filled01_filled02_filled12_,2570,0.20336670808213164
607,4553,filled01_filled02_filled12_,2580,0.2033767139915674
607,4573,filled01_filled02_filled12_,2590,0.20240357214776514
609,4591,filled01_filled02_filled12_,2600,0.2021378056137053
610,4610,filled01_filled02_filled12_,2610,0.20201616348734827
612,4628,filled01_filled02_filled12_,2620,0.20178164719689815
613,4647,filled01_filled02_filled12_,2630,0.20171876740781527
616,4664,filled01_filled02_filled12_,2640,0.20223396110295247
617,4683,filled01_filled02_filled12_,2650,0.20167264212112712
619,4701,filled01_filled02_filled12_,2660,0.2013617580739937
621,4719,filled01_filled02_filled12_,2670,0.20108044844145553
622,4738,filled01_filled02_filled12_,2680,0.20115711481831786
624,4756,filled01_filled02_filled12_,2690,0.20101390356265467
626,4774,filled01_filled02_filled12_,2700,0.20116957698866333
629,4791,filled01_filled02_filled12_,2710,0.20124162337171703
630,4810,filled01_filled02_filled12_,2720,0.20107558428726313
636,4824,filled01_filled02_filled12_,2730,0.2016766198978209
636,4844,filled01_filled02_filled12_,2740,0.2015651899281519
637,4863,filled01_filled02_filled12_,2750,0.2018251431577499
640,4880,filled01_filled02_filled12_,2760,0.20194614019400667
641,4899,filled01_filled02_filled12_,2770,0.20162151298696399
645,4915,filled01_filled02_filled12_,2780,0.2016875843265132
647,4933,filled01_filled02_filled12_,2790,0.20175814081754093
647,4953,filled01_filled02_filled12_,2800,0.20136161501796015
649,4971,filled01_filled02_filled12_,2810,0.20122378763916546
653,4987,filled01_filled02_filled12_,2820,0.201783340872133
654,5006,filled01_filled02_filled12_,2830,0.20180291296358688
659,5021,filled01_filled02_filled12_,2840,0.2023289545646121
661,5039,filled01_filled02_filled12_,2850,0.2021639499848393
663,5057,filled01_filled02_filled12_,2860,0.20184626890710208
665,5075,filled01_filled02_filled12_,2870,0.20148032741060343
666,5094,filled01_filled02_filled12_,2880,0.20150006718574695
669,5111,filled01_filled02_filled12_,2890,0.20123689564842906
669,5131,filled01_filled02_filled12_,2900,0.2013611257652047
670,5150,filled01_filled02_filled12_,2910,0.20155766426346913
674,5166,filled01_filled02_filled12_,2920,0.2018213221079056
675,5185,filled01_filled02_filled12_,2930,0.20111486650359692
677,5203,filled01_filled02_filled12_,2940,0.20076029547408525
679,5221,filled01_filled02_filled12_,2950,0.2004085163215568
683,5237,filled01_filled02_filled12_,2960,0.20069659584128122
684,5256,filled01_filled02_filled12_,2970,0.2007925849143226
685,5275,filled01_filled02_filled12_,2980,0.20049533741026124
686,5294,filled01_filled02_filled12_,2990,0.20010242286634838
687,5313,filled01_filled02_filled12_,3000,0.2001998116004614
689,5331,filled01_filled02_filled12_,3010,0.19975960544779606
693,5347,filled01_filled02_filled12_,3020,0.19989871777956073
694,5366,filled01_filled02_filled12_,3030,0.19946526245502524
696,5384,filled01_filled02_filled12_,3040,0.19953663449636053
696,5404,filled01_filled02_filled12_,3050,0.19930085824646623
697,5423,filled01_filled02_filled12_,3060,0.1989216540014462
698,5442,filled01_filled02_filled12_,3070,0.19878257980616532
698,5462,filled01_filled02_filled12_,3080,0.19852813061719501
702,5478,filled01_filled02_filled12_,3090,0.19895094707282668
705,5495,filled01_filled02_filled12_,3100,0.19920875350620967
709,5511,filled01_filled02_filled12_,3110,0.1991814428843043
712,5528,filled01_filled02_filled12_,3120,0.19941372258861004
715,5545,filled01_filled02_filled12_,3130,0.19931832014094356
716,5564,filled01_filled02_filled12_,3140,0.1988790060891551
719,5581,filled01_filled02_filled12_,3150,0.19885479411303195
723,5597,filled01_filled02_filled12_,3160,0.19903662406393785
727,5613,filled01_filled02_filled12_,3170,0.19896460740843627
731,5629,filled01_filled02_filled12_,3180,0.19923677774054993
731,5649,filled01_filled02_filled12_,3190,0.19896650855730158
733,5667,filled01_filled02_filled12_,3200,0.19873988542080245
736,5684,filled01_filled02_filled12_,3210,0.1987172277631044
737,5703,filled01_filled02_filled12_,3220,0.1983591358555771
740,5720,filled01_filled02_filled12_,3230,0.19829266031096537
742,5738,filled01_filled02_filled12_,3240,0.19804919540506857
745,5755,filled01_filled02_filled12_,3250,0.1979842049538367
746,5774,filled01_filled02_filled12_,3260,0.19798935575557497
748,5792,filled01_filled02_filled12_,3270,0.19781600282009915
748,5812,filled01_filled02_filled12_,3280,0.19740306602665933
751,5829,filled01_filled02_filled12_,3290,0.19736265845411718
752,5848,filled01_filled02_filled12_,3300,0.19668890912985162
755,5865,filled01_filled02_filled12_,3310,0.19689178461328663
759,5881,filled01_filled02_filled12_,3320,0.19696150879291588
760,5900,filled01_filled02_filled12_,3330,0.1966871059168573
761,5919,filled01_filled02_filled12_,3340,0.19680396609589715
763,5937,filled01_filled02_filled12_,3350,0.19668143661312176
764,5956,filled01_filled02_filled12_,3360,0.19649651155218098
767,5973,filled01_filled02_filled12_,3370,0.19714860271650494
769,5991,filled01_filled02_filled12_,3380,0.19698343412922273
771,6009,filled01_filled02_filled12_,3390,0.19671201518485718
774,6026,filled01_filled02_filled12_,3400,0.19635559246695133
776,6044,filled01_filled02_filled12_,3410,0.19621571084767567
779,6061,filled01_filled02_filled12_,3420,0.19656163286086634
780,6080,filled01_filled02_filled12_,3430,0.1962965174256116
781,6099,filled01_filled02_filled12_,3440,0.19632786957534487
781,6119,filled01_filled02_filled12_,3450,0.19613002312384353
786,6134,filled01_filled02_filled12_,3460,0.19605082353607337
786,6154,filled01_filled02_filled12_,3470,0.19558353026434883
787,6173,filled01_filled02_filled12_,3480,0.19538819646085978
787,6193,filled01_filled02_filled12_,3490,0.194946260318277
790,6210,filled01_filled02_filled12_,3500,0.19489521888819242
793,6227,filled01_filled02_filled12_,3510,0.19505059694058488
793,6247,filled01_filled02_filled12_,3520,0.19467543915299998
795,6265,filled01_filled02_filled12_,3530,0.1944225222670204
797,6283,filled01_filled02_filled12_,3540,0.19464102146505038
798,6302,filled01_filled02_filled12_,3550,0.19475724157284988
799,6321,filled01_filled02_filled12_,3560,0.1943855818447433
800,6340,filled01_filled02_filled12_,3570,0.19432113356184025
800,6360,filled01_filled02_filled12_,3580,0.19431743148629022
800,6380,filled01_filled02_filled12_,3590,0.19373140824923676
802,6398,filled01_filled02_filled12_,3600,0.19334619116618726
803,6417,filled01_filled02_filled12_,3610,0.1932831088584617
805,6435,filled01_filled02_filled12_,3620,0.19314180937260295
806,6454,filled01_filled02_filled12_,3630,0.1929406875428623
807,6473,filled01_filled02_filled12_,3640,0.19248548532788315
808,6492,filled01_filled02_filled12_,3650,0.1925635099301787
808,6512,filled01_filled02_filled12_,3660,0.19205454255614648
811,6529,filled01_filled02_filled12_,3670,0.19201397145430224
814,6546,filled01_filled02_filled12_,3680,0.1917002478908746
817,6563,filled01_filled02_filled12_,3690,0.1920298777537215
817,6583,filled01_filled02_filled12_,3700,0.1915470388214128
818,6602,filled01_filled02_filled12_,3710,0.19112393704428787
820,6620,filled01_filled02_filled12_,3720,0.19101144086484823
820,6640,filled01_filled02_filled12_,3730,0.1908449105445933
821,6659,filled01_filled02_filled12_,3740,0.19077231664525618
823,6677,filled01_filled02_filled12_,3750,0.1904519536056464
825,6695,filled01_filled02_filled12_,3760,0.19047621244173793
826,6714,filled01_filled02_filled12_,3770,0.19032958609088693
826,6734,filled01_filled02_filled12_,3780,0.19033630640911356
828,6752,filled01_filled02_filled12_,3790,0.19055044560047474
828,6772,filled01_filled02_filled12_,3800,0.19059264409283225
830,6790,filled01_filled02_filled12_,3810,0.1907091216878807
833,6807,filled01_filled02_filled12_,3820,0.19046750747475727
835,6825,filled01_filled02_filled12_,3830,0.1908818814985035
837,6843,filled01_filled02_filled12_,3840,0.1905683978346353
841,6859,filled01_filled02_filled12_,3850,0.19053186928202417
844,6876,filled01_filled02_filled12_,3860,0.1907753327826962
848,6892,filled01_filled02_filled12_,3870,0.19060877300236992
850,6910,filled01_filled02_filled12_,3880,0.19072598077517924
852,6928,filled01_filled02_filled12_,3890,0.1904906650289132
855,6945,filled01_filled02_filled12_,3900,0.19058537315104881
860,6960,filled01_filled02_filled12_,3910,0.19074913285981723
864,6976,filled01_filled02_filled12_,3920,0.19085854476146466
865,6995,filled01_filled02_filled12_,3930,0.19095208240001135
867,7013,filled01_filled02_filled12_,3940,0.1909363019737869
869,7031,filled01_filled02_filled12_,3950,0.1908657667014816
870,7050,filled01_filled02_filled12_,3960,0.190707669283094
872,7068,filled01_filled02_filled12_,3970,0.1906580176773726
875,7085,filled01_filled02_filled12_,3980,0.19048102870177028
880,7100,filled01_filled02_filled12_,3990,0.19042770383770513
880,7120,filled01_filled02_filled12_,4000,0.1901828490585266
883,7137,filled01_filled02_filled12_,4010,0.1898838069184787
884,7156,filled01_filled02_filled12_,4020,0.18978481123420998
884,7176,filled01_filled02_filled12_,4030,0.18959729674130824
888,7192,filled01_filled02_filled12_,4040,0.18949506149128661
891,7209,filled01_filled02_filled12_,4050,0.18930820160598325
893,7227,filled01_filled02_filled12_,4060,0.18917365722118243
893,7247,filled01_filled02_filled12_,4070,0.18912901457464493
895,7265,filled01_filled02_filled12_,4080,0.1892739562306447
898,7282,filled01_filled02_filled12_,4090,0.18910591925302192
901,7299,filled01_filled02_filled12_,4100,0.18904107013547966
904,7316,filled01_filled02_filled12_,4110,0.18890756651913876
907,7333,filled01_filled02_filled12_,4120,0.18887958589582945
908,7352,filled01_filled02_filled12_,4130,0.18890377502146863
910,7370,filled01_filled02_filled12_,4140,0.18908305915613152
914,7386,filled01_filled02_filled12_,4150,0.18919048179898576
917,7403,filled01_filled02_filled12_,4160,0.18933412227771193
919,7421,filled01_filled02_filled12_,4170,0.18932309381195386
922,7438,filled01_filled02_filled12_,4180,0.18931342067182824
924,7456,filled01_filled02_filled12_,4190,0.18904758366378957
927,7473,filled01_filled02_filled12_,4200,0.18900365954943255
927,7493,filled01_filled02_filled12_,4210,0.18882606802893787
929,7511,filled01_filled02_filled12_,4220,0.1888674831414279
931,7529,filled01_filled02_filled12_,4230,0.18867251794191234
932,7548,filled01_filled02_filled12_,4240,0.18842893671155547
933,7567,filled01_filled02_filled12_,4250,0.1881358630335127
934,7586,filled01_filled02_filled12_,4260,0.18792967974745675
938,7602,filled01_filled02_filled12_,4270,0.1877556181471105
939,7621,filled01_filled02_filled12_,4280,0.1876489613378407
942,7638,filled01_filled02_filled12_,4290,0.18752810654107363
943,7657,filled01_filled02_filled12_,4300,0.18722547323391484
943,7677,filled01_filled02_filled12_,4310,0.1873341344586232
946,7694,filled01_filled02_filled12_,4320,0.18752316087819576
948,7712,filled01_filled02_filled12_,4330,0.18733630387320102
948,7732,filled01_filled02_filled12_,4340,0.18700398019299955
953,7747,filled01_filled02_filled12_,4350,0.18707865876312105
954,7766,filled01_filled02_filled12_,4360,0.18707437440169683
955,7785,filled01_filled02_filled12_,4370,0.18672851972425786
957,7803,filled01_filled02_filled12_,4380,0.18685288525336574
957,7823,filled01_filled02_filled12_,4390,0.18676775564388784
959,7841,filled01_filled02_filled12_,4400,0.18671427153127126
959,7861,filled01_filled02_filled12_,4410,0.18651717628858325
963,7877,filled01_filled02_filled12_,4420,0.1865441494615232
965,7895,filled01_filled02_filled12_,4430,0.18641247823030802
967,7913,filled01_filled02_filled12_,4440,0.18629671546212337
970,7930,filled01_filled02_filled12_,4450,0.18621344066214832
971,7949,filled01_filled02_filled12_,4460,0.18608458391457852
972,7968,filled01_filled02_filled12_,4470,0.1858123445959369
974,7986,filled01_filled02_filled12_,4480,0.185636139865071
977,8003,filled01_filled02_filled12_,4490,0.18560303423606841
979,8021,filled01_filled02_filled12_,4500,0.18542818406921455
982,8038,filled01_filled02_filled12_,4510,0.18539578150857994
984,8056,filled01_filled02_filled12_,4520,0.1855218175516342
985,8075,filled01_filled02_filled12_,4530,0.18519258572118655
985,8095,filled01_filled02_filled12_,4540,0.18481881322019278
986,8114,filled01_filled02_filled12_,4550,0.1847253494389286
990,8130,filled01_filled02_filled12_,4560,0.18501994599735413
993,8147,filled01_filled02_filled12_,4570,0.18534370270079928
995,8165,filled01_filled02_filled12_,4580,0.1853891447709269
998,8182,filled01_filled02_filled12_,4590,0.18531070595716229
1000,8200,filled01_filled02_filled12_,4600,0.1851404174184282
1001,8219,filled01_filled02_filled12_,4610,0.18501847303840394
1004,8236,filled01_filled02_filled12_,4620,0.1849270951326335
1004,8256,filled01_filled02_filled12_,4630,0.18448643837323972
1008,8272,filled01_filled02_filled12_,4640,0.18465199409462116
1011,8289,filled01_filled02_filled12_,4650,0.18445575778164894
1011,8309,filled01_filled02_filled12_,4660,0.18444062012771545
1014,8326,filled01_filled02_filled12_,4670,0.1843800557225006
1015,8345,filled01_filled02_filled12_,4680,0.18417021390194543
1021,8359,filled01_filled02_filled12_,4690,0.18456120619075803
1021,8379,filled01_filled02_filled12_,4700,0.18432131448896516
1023,8397,filled01_filled02_filled12_,4710,0.1842483986200493
1023,8417,filled01_filled02_filled12_,4720,0.1839542285317969
1024,8436,filled01_filled02_filled12_,4730,0.18395670446180012
1025,8455,filled01_filled02_filled12_,4740,0.1836324346176086
1027,8473,filled01_filled02_filled12_,4750,0.18336767728632494
1032,8488,filled01_filled02_filled12_,4760,0.18369621048092236
1033,8507,filled01_filled02_filled12_,4770,0.18331619097668672
1036,8524,filled01_filled02_filled12_,4780,0.18345242286769434
1038,8542,filled01_filled02_filled12_,4790,0.18348600027394937
1039,8561,filled01_filled02_filled12_,4800,0.183530206925514
1040,8580,filled01_filled02_filled12_,4810,0.18327001192156736
1041,8599,filled01_filled02_filled12_,4820,0.18315784274557126
1041,8619,filled01_filled02_filled12_,4830,0.1830028431079288
1042,8638,filled01_filled02_filled12_,4840,0.18296295528930437
1046,8654,filled01_filled02_filled12_,4850,0.18311033709987964
1049,8671,filled01_filled02_filled12_,4860,0.18343078890566908
1050,8690,filled01_filled02_filled12_,4870,0.1834747973910451
1052,8708,filled01_filled02_filled12_,4880,0.1833759929070596
1053,8727,filled01_filled02_filled12_,4890,0.18322132022216753
1054,8746,filled01_filled02_filled12_,4900,0.1828524477759078
1058,8762,filled01_filled02_filled12_,4910,0.18281418218610881
1063,8777,filled01_filled02_filled12_,4920,0.18295889789803063
1063,8797,filled01_filled02_filled12_,4930,0.18317440713748936
1065,8815,filled01_filled02_filled12_,4940,0.18317743440886572
1066,8834,filled01_filled02_filled12_,4950,0.18312479986534377
1068,8852,filled01_filled02_filled12_,4960,0.18281605828654765
1072,8868,filled01_filled02_filled12_,4970,0.18325829198688803
1075,8885,filled01_filled02_filled12_,4980,0.18327355508389054
1080,8900,filled01_filled02_filled12_,4990,0.18333291272439625
