size intersection,size union,state,k,mean JI
4,16,filled01_filled02_filled12_,10,0.33730158730158727
7,33,filled01_filled02_filled12_,20,0.3636363636363636
11,49,filled01_filled02_filled12_,30,0.3041314086610254
15,65,filled01_filled02_filled12_,40,0.30536130536130535
20,80,filled01_filled02_filled12_,50,0.3202075702075702
26,94,filled01_filled02_filled12_,60,0.33756715261871095
29,111,filled01_filled02_filled12_,70,0.33978304717078256
37,123,filled01_filled02_filled12_,80,0.3373652398042642
43,137,filled01_filled02_filled12_,90,0.3337271001504578
46,154,filled01_filled02_filled12_,100,0.32151469486509426
50,170,filled01_filled02_filled12_,110,0.32035880770681957
52,188,filled01_filled02_filled12_,120,0.3057627951244972
57,203,filled01_filled02_filled12_,130,0.3017523027886699
61,219,filled01_filled02_filled12_,140,0.30466893102698483
65,235,filled01_filled02_filled12_,150,0.3161372112366183
67,253,filled01_filled02_filled12_,160,0.3101896478773063
68,272,filled01_filled02_filled12_,170,0.3158004331167749
72,288,filled01_filled02_filled12_,180,0.3168426787360657
75,305,filled01_filled02_filled12_,190,0.3113561116734067
80,320,filled01_filled02_filled12_,200,0.30953707417806897
84,336,filled01_filled02_filled12_,210,0.30383909147156857
87,353,filled01_filled02_filled12_,220,0.2968333217812817
92,368,filled01_filled02_filled12_,230,0.29197031039136306
96,384,filled01_filled02_filled12_,240,0.2937063589858482
96,404,filled01_filled02_filled12_,250,0.2886025921432723
97,423,filled01_filled02_filled12_,260,0.28330395249250445
98,442,filled01_filled02_filled12_,270,0.2784440074862003
98,462,filled01_filled02_filled12_,280,0.26871702095582695
103,477,filled01_filled02_filled12_,290,0.27174873501967245
103,497,filled01_filled02_filled12_,300,0.2697042065476974
105,515,filled01_filled02_filled12_,310,0.26650206571710394
105,535,filled01_filled02_filled12_,320,0.26228629215618404
107,553,filled01_filled02_filled12_,330,0.2607763152361327
108,572,filled01_filled02_filled12_,340,0.25633009548553276
111,589,filled01_filled02_filled12_,350,0.25325877660342855
114,606,filled01_filled02_filled12_,360,0.2514290372364845
116,624,filled01_filled02_filled12_,370,0.24976609715911238
119,641,filled01_filled02_filled12_,380,0.2510376778707512
125,655,filled01_filled02_filled12_,390,0.2540701209214348
127,673,filled01_filled02_filled12_,400,0.25742066707880784
130,690,filled01_filled02_filled12_,410,0.2561223098896379
132,708,filled01_filled02_filled12_,420,0.2571505422044713
137,723,filled01_filled02_filled12_,430,0.25700982068938166
138,742,filled01_filled02_filled12_,440,0.2542029917769458
140,760,filled01_filled02_filled12_,450,0.2547165472375779
140,780,filled01_filled02_filled12_,460,0.2537029393403469
144,796,filled01_filled02_filled12_,470,0.25642053409468907
148,812,filled01_filled02_filled12_,480,0.2563036830173335
150,830,filled01_filled02_filled12_,490,0.25840318218128705
151,849,filled01_filled02_filled12_,500,0.2568552276115584
152,868,filled01_filled02_filled12_,510,0.25445618287743604
157,883,filled01_filled02_filled12_,520,0.25590620016074755
160,900,filled01_filled02_filled12_,530,0.2526371660706868
160,920,filled01_filled02_filled12_,540,0.24900514161777368
163,937,filled01_filled02_filled12_,550,0.24744479707781708
167,953,filled01_filled02_filled12_,560,0.24874961982169372
169,971,filled01_filled02_filled12_,570,0.24854614217983081
172,988,filled01_filled02_filled12_,580,0.24708460967115617
175,1005,filled01_filled02_filled12_,590,0.2473048432382198
176,1024,filled01_filled02_filled12_,600,0.2463664133146907
178,1042,filled01_filled02_filled12_,610,0.24426308396456584
179,1061,filled01_filled02_filled12_,620,0.24149656612620674
182,1078,filled01_filled02_filled12_,630,0.2420195410904329
183,1097,filled01_filled02_filled12_,640,0.2408665097447523
186,1114,filled01_filled02_filled12_,650,0.24222722425617935
188,1132,filled01_filled02_filled12_,660,0.24096938490278
190,1150,filled01_filled02_filled12_,670,0.23962398221722223
192,1168,filled01_filled02_filled12_,680,0.23937753128782568
195,1185,filled01_filled02_filled12_,690,0.23888257613393238
195,1205,filled01_filled02_filled12_,700,0.2378884614004986
201,1219,filled01_filled02_filled12_,710,0.23915148597774358
204,1236,filled01_filled02_filled12_,720,0.24076745492892992
206,1254,filled01_filled02_filled12_,730,0.23953322615356912
212,1268,filled01_filled02_filled12_,740,0.24103722632958569
214,1286,filled01_filled02_filled12_,750,0.23971450345813516
216,1304,filled01_filled02_filled12_,760,0.23907988456150356
219,1321,filled01_filled02_filled12_,770,0.23864152624004173
220,1340,filled01_filled02_filled12_,780,0.2364185908309369
221,1359,filled01_filled02_filled12_,790,0.23534556258411196
222,1378,filled01_filled02_filled12_,800,0.23462892547926129
222,1398,filled01_filled02_filled12_,810,0.23511335931967903
222,1418,filled01_filled02_filled12_,820,0.23471019529391532
225,1435,filled01_filled02_filled12_,830,0.23424610658852263
227,1453,filled01_filled02_filled12_,840,0.23234569522326187
228,1472,filled01_filled02_filled12_,850,0.23049934029483746
228,1492,filled01_filled02_filled12_,860,0.2295930308332984
229,1511,filled01_filled02_filled12_,870,0.22880893428178947
231,1529,filled01_filled02_filled12_,880,0.22768286356625614
235,1545,filled01_filled02_filled12_,890,0.22743275014003786
238,1562,filled01_filled02_filled12_,900,0.2274406950663889
238,1582,filled01_filled02_filled12_,910,0.22598306632512644
241,1599,filled01_filled02_filled12_,920,0.22590926676561143
244,1616,filled01_filled02_filled12_,930,0.22636563748914026
245,1635,filled01_filled02_filled12_,940,0.22477549602225722
249,1651,filled01_filled02_filled12_,950,0.2246223129470479
253,1667,filled01_filled02_filled12_,960,0.22563074397460672
254,1686,filled01_filled02_filled12_,970,0.22455909444846292
254,1706,filled01_filled02_filled12_,980,0.22328791876192153
255,1725,filled01_filled02_filled12_,990,0.22311906247833022
257,1743,filled01_filled02_filled12_,1000,0.22295034615960693
261,1759,filled01_filled02_filled12_,1010,0.224007219965342
266,1774,filled01_filled02_filled12_,1020,0.22461272876400293
267,1793,filled01_filled02_filled12_,1030,0.2242200300239198
271,1809,filled01_filled02_filled12_,1040,0.22563147734246478
271,1829,filled01_filled02_filled12_,1050,0.22540608430797235
273,1847,filled01_filled02_filled12_,1060,0.22589616459690778
275,1865,filled01_filled02_filled12_,1070,0.22571185289578866
280,1880,filled01_filled02_filled12_,1080,0.22506768122847157
282,1898,filled01_filled02_filled12_,1090,0.22342391138906423
282,1918,filled01_filled02_filled12_,1100,0.22302602048493161
284,1936,filled01_filled02_filled12_,1110,0.22283205365927436
285,1955,filled01_filled02_filled12_,1120,0.221892672248566
287,1973,filled01_filled02_filled12_,1130,0.22167562663639293
287,1993,filled01_filled02_filled12_,1140,0.2216643292421213
290,2010,filled01_filled02_filled12_,1150,0.22098551231483896
291,2029,filled01_filled02_filled12_,1160,0.22021165999507053
292,2048,filled01_filled02_filled12_,1170,0.2203610465041467
294,2066,filled01_filled02_filled12_,1180,0.21982979997826638
300,2080,filled01_filled02_filled12_,1190,0.2207498061126698
302,2098,filled01_filled02_filled12_,1200,0.2204439729090758
305,2115,filled01_filled02_filled12_,1210,0.22006857498174995
308,2132,filled01_filled02_filled12_,1220,0.22133062889742294
309,2151,filled01_filled02_filled12_,1230,0.22041747093981504
312,2168,filled01_filled02_filled12_,1240,0.21919522996263488
313,2187,filled01_filled02_filled12_,1250,0.21800250200769047
320,2200,filled01_filled02_filled12_,1260,0.21853259764992808
322,2218,filled01_filled02_filled12_,1270,0.2188126074922887
322,2238,filled01_filled02_filled12_,1280,0.21826823825805675
325,2255,filled01_filled02_filled12_,1290,0.21824050936558434
328,2272,filled01_filled02_filled12_,1300,0.21767343187128688
328,2292,filled01_filled02_filled12_,1310,0.2176215046441614
329,2311,filled01_filled02_filled12_,1320,0.2168038145472181
329,2331,filled01_filled02_filled12_,1330,0.2157055214082986
332,2348,filled01_filled02_filled12_,1340,0.21586236307904616
333,2367,filled01_filled02_filled12_,1350,0.21602176503972173
335,2385,filled01_filled02_filled12_,1360,0.21495058087520377
339,2401,filled01_filled02_filled12_,1370,0.21443719209029954
344,2416,filled01_filled02_filled12_,1380,0.21472781127222537
345,2435,filled01_filled02_filled12_,1390,0.21495031756522218
345,2455,filled01_filled02_filled12_,1400,0.2146400008923226
346,2474,filled01_filled02_filled12_,1410,0.21427178386590373
348,2492,filled01_filled02_filled12_,1420,0.21375186435927132
349,2511,filled01_filled02_filled12_,1430,0.21287539372668862
354,2526,filled01_filled02_filled12_,1440,0.21285803403040401
361,2539,filled01_filled02_filled12_,1450,0.21362053770222986
365,2555,filled01_filled02_filled12_,1460,0.21345184381141458
368,2572,filled01_filled02_filled12_,1470,0.213437051464045
373,2587,filled01_filled02_filled12_,1480,0.21383111128053467
379,2601,filled01_filled02_filled12_,1490,0.21503566229053636
382,2618,filled01_filled02_filled12_,1500,0.21483059847698247
383,2637,filled01_filled02_filled12_,1510,0.2148873657296393
383,2657,filled01_filled02_filled12_,1520,0.2139106679389059
383,2677,filled01_filled02_filled12_,1530,0.21323410553472621
385,2695,filled01_filled02_filled12_,1540,0.2132762094343784
386,2714,filled01_filled02_filled12_,1550,0.21300463421919782
390,2730,filled01_filled02_filled12_,1560,0.2132955074590633
392,2748,filled01_filled02_filled12_,1570,0.2134449961025532
398,2762,filled01_filled02_filled12_,1580,0.2142288243987394
399,2781,filled01_filled02_filled12_,1590,0.2143413694418115
402,2798,filled01_filled02_filled12_,1600,0.21415367949343397
404,2816,filled01_filled02_filled12_,1610,0.21391544498048895
409,2831,filled01_filled02_filled12_,1620,0.2150798236852279
411,2849,filled01_filled02_filled12_,1630,0.2142482212053678
412,2868,filled01_filled02_filled12_,1640,0.21430612456093323
416,2884,filled01_filled02_filled12_,1650,0.2149719525580153
418,2902,filled01_filled02_filled12_,1660,0.21468281614930562
418,2922,filled01_filled02_filled12_,1670,0.2151044467279647
419,2941,filled01_filled02_filled12_,1680,0.2147141448586377
422,2958,filled01_filled02_filled12_,1690,0.21471582017881322
423,2977,filled01_filled02_filled12_,1700,0.2145142649237802
423,2997,filled01_filled02_filled12_,1710,0.2140322357713662
423,3017,filled01_filled02_filled12_,1720,0.21353337838192535
426,3034,filled01_filled02_filled12_,1730,0.21338773787686252
429,3051,filled01_filled02_filled12_,1740,0.2131701066455094
434,3066,filled01_filled02_filled12_,1750,0.21290408663219904
436,3084,filled01_filled02_filled12_,1760,0.2122221926182318
440,3100,filled01_filled02_filled12_,1770,0.21329716124682271
444,3116,filled01_filled02_filled12_,1780,0.21355159116188108
447,3133,filled01_filled02_filled12_,1790,0.21351068021497374
449,3151,filled01_filled02_filled12_,1800,0.21391008421925908
451,3169,filled01_filled02_filled12_,1810,0.21352841665380193
453,3187,filled01_filled02_filled12_,1820,0.21341795312650635
454,3206,filled01_filled02_filled12_,1830,0.21270911480523622
456,3224,filled01_filled02_filled12_,1840,0.21227171002859957
459,3241,filled01_filled02_filled12_,1850,0.21263914820254617
462,3258,filled01_filled02_filled12_,1860,0.21316739585012387
463,3277,filled01_filled02_filled12_,1870,0.21294536867536631
464,3296,filled01_filled02_filled12_,1880,0.21274717646729577
465,3315,filled01_filled02_filled12_,1890,0.21315259690771024
467,3333,filled01_filled02_filled12_,1900,0.21212866738566846
470,3350,filled01_filled02_filled12_,1910,0.21230380869244084
470,3370,filled01_filled02_filled12_,1920,0.2122523677017404
472,3388,filled01_filled02_filled12_,1930,0.21215495138166843
474,3406,filled01_filled02_filled12_,1940,0.21266460474158333
474,3426,filled01_filled02_filled12_,1950,0.2116045140758002
476,3444,filled01_filled02_filled12_,1960,0.21157737149409797
477,3463,filled01_filled02_filled12_,1970,0.21106531582886398
478,3482,filled01_filled02_filled12_,1980,0.21025050058720707
481,3499,filled01_filled02_filled12_,1990,0.209661816374198
481,3519,filled01_filled02_filled12_,2000,0.20875694116450605
485,3535,filled01_filled02_filled12_,2010,0.2088081353230751
489,3551,filled01_filled02_filled12_,2020,0.20946045479481026
491,3569,filled01_filled02_filled12_,2030,0.2093382384074762
492,3588,filled01_filled02_filled12_,2040,0.20921771937423772
492,3608,filled01_filled02_filled12_,2050,0.2080843939017262
494,3626,filled01_filled02_filled12_,2060,0.20822307858004138
496,3644,filled01_filled02_filled12_,2070,0.20817206787584527
499,3661,filled01_filled02_filled12_,2080,0.20787141268600517
501,3679,filled01_filled02_filled12_,2090,0.20736760022437128
503,3697,filled01_filled02_filled12_,2100,0.2069720989455249
506,3714,filled01_filled02_filled12_,2110,0.20707112330819014
510,3730,filled01_filled02_filled12_,2120,0.2070667660014014
510,3750,filled01_filled02_filled12_,2130,0.20657813428401664
512,3768,filled01_filled02_filled12_,2140,0.20615506452064467
515,3785,filled01_filled02_filled12_,2150,0.20601564556560947
517,3803,filled01_filled02_filled12_,2160,0.20577806172236066
520,3820,filled01_filled02_filled12_,2170,0.2056806855412258
520,3840,filled01_filled02_filled12_,2180,0.20566316272233295
520,3860,filled01_filled02_filled12_,2190,0.2050972265967209
523,3877,filled01_filled02_filled12_,2200,0.20506412423902406
524,3896,filled01_filled02_filled12_,2210,0.20516860485514246
528,3912,filled01_filled02_filled12_,2220,0.2055624691972102
528,3932,filled01_filled02_filled12_,2230,0.205239330260361
529,3951,filled01_filled02_filled12_,2240,0.20472510851921036
531,3969,filled01_filled02_filled12_,2250,0.20496204880080507
532,3988,filled01_filled02_filled12_,2260,0.20527210745406319
533,4007,filled01_filled02_filled12_,2270,0.20474977387006335
536,4024,filled01_filled02_filled12_,2280,0.20462462451703964
538,4042,filled01_filled02_filled12_,2290,0.20440722010990206
540,4060,filled01_filled02_filled12_,2300,0.20435786185418803
544,4076,filled01_filled02_filled12_,2310,0.20477557420037398
545,4095,filled01_filled02_filled12_,2320,0.20489143674963786
548,4112,filled01_filled02_filled12_,2330,0.20454665997112023
549,4131,filled01_filled02_filled12_,2340,0.2043569942753242
549,4151,filled01_filled02_filled12_,2350,0.20371014576756494
549,4171,filled01_filled02_filled12_,2360,0.20285163091768374
550,4190,filled01_filled02_filled12_,2370,0.20271992556218946
551,4209,filled01_filled02_filled12_,2380,0.20217965384495776
551,4229,filled01_filled02_filled12_,2390,0.20217798585179292
555,4245,filled01_filled02_filled12_,2400,0.20218159693199786
560,4260,filled01_filled02_filled12_,2410,0.20249843164978165
566,4274,filled01_filled02_filled12_,2420,0.20281189065000885
570,4290,filled01_filled02_filled12_,2430,0.20296938185911273
571,4309,filled01_filled02_filled12_,2440,0.20274099162809636
571,4329,filled01_filled02_filled12_,2450,0.20276924704475893
573,4347,filled01_filled02_filled12_,2460,0.20212463693640084
577,4363,filled01_filled02_filled12_,2470,0.20177937439901864
580,4380,filled01_filled02_filled12_,2480,0.20229818067673663
581,4399,filled01_filled02_filled12_,2490,0.20205521830443143
585,4415,filled01_filled02_filled12_,2500,0.2020928928805402
586,4434,filled01_filled02_filled12_,2510,0.20200295485713782
586,4454,filled01_filled02_filled12_,2520,0.20117695815163175
590,4470,filled01_filled02_filled12_,2530,0.2012180735806968
591,4489,filled01_filled02_filled12_,2540,0.20110079933438055
594,4506,filled01_filled02_filled12_,2550,0.20100464360973125
594,4526,filled01_filled02_filled12_,2560,0.2007747433196252
598,4542,filled01_filled02_filled12_,2570,0.20102502584097695
598,4562,filled01_filled02_filled12_,2580,0.2006511894357196
600,4580,filled01_filled02_filled12_,2590,0.20067356611782008
604,4596,filled01_filled02_filled12_,2600,0.2006018963791941
607,4613,filled01_filled02_filled12_,2610,0.20042723422405231
607,4633,filled01_filled02_filled12_,2620,0.19986707813430135
609,4651,filled01_filled02_filled12_,2630,0.20003422740093782
615,4665,filled01_filled02_filled12_,2640,0.2003743403935905
617,4683,filled01_filled02_filled12_,2650,0.19998227717688424
617,4703,filled01_filled02_filled12_,2660,0.19954370949987132
618,4722,filled01_filled02_filled12_,2670,0.19913666087070195
618,4742,filled01_filled02_filled12_,2680,0.19865348883290346
620,4760,filled01_filled02_filled12_,2690,0.19846420059033024
621,4779,filled01_filled02_filled12_,2700,0.1982549572519389
624,4796,filled01_filled02_filled12_,2710,0.1980165799837481
626,4814,filled01_filled02_filled12_,2720,0.19826322863486676
626,4834,filled01_filled02_filled12_,2730,0.1980079316588315
627,4853,filled01_filled02_filled12_,2740,0.19774677809510688
630,4870,filled01_filled02_filled12_,2750,0.19759222930360407
631,4889,filled01_filled02_filled12_,2760,0.19720060275280152
632,4908,filled01_filled02_filled12_,2770,0.19689595983974484
633,4927,filled01_filled02_filled12_,2780,0.19648847467788563
636,4944,filled01_filled02_filled12_,2790,0.19657255403573273
638,4962,filled01_filled02_filled12_,2800,0.19614096027454678
639,4981,filled01_filled02_filled12_,2810,0.19610197006441596
642,4998,filled01_filled02_filled12_,2820,0.19642086984894322
645,5015,filled01_filled02_filled12_,2830,0.19617261194554436
645,5035,filled01_filled02_filled12_,2840,0.19621618178627162
647,5053,filled01_filled02_filled12_,2850,0.19614939836445533
647,5073,filled01_filled02_filled12_,2860,0.19626849873642072
650,5090,filled01_filled02_filled12_,2870,0.1964796768399658
650,5110,filled01_filled02_filled12_,2880,0.19570994719495638
652,5128,filled01_filled02_filled12_,2890,0.19589594147742218
655,5145,filled01_filled02_filled12_,2900,0.19565541652035387
655,5165,filled01_filled02_filled12_,2910,0.19489807441479048
655,5185,filled01_filled02_filled12_,2920,0.19476658893809376
659,5201,filled01_filled02_filled12_,2930,0.1952448454770712
660,5220,filled01_filled02_filled12_,2940,0.1950130047462919
660,5240,filled01_filled02_filled12_,2950,0.19456510849106587
662,5258,filled01_filled02_filled12_,2960,0.19457987808236807
662,5278,filled01_filled02_filled12_,2970,0.19450281264189043
665,5295,filled01_filled02_filled12_,2980,0.19429628922525222
668,5312,filled01_filled02_filled12_,2990,0.19477107359599843
670,5330,filled01_filled02_filled12_,3000,0.19505091762818302
672,5348,filled01_filled02_filled12_,3010,0.19482394693863445
673,5367,filled01_filled02_filled12_,3020,0.19460027414051884
675,5385,filled01_filled02_filled12_,3030,0.19430527750456883
676,5404,filled01_filled02_filled12_,3040,0.19391873770272872
676,5424,filled01_filled02_filled12_,3050,0.19372657869839274
678,5442,filled01_filled02_filled12_,3060,0.19402813058287638
681,5459,filled01_filled02_filled12_,3070,0.1939725030198105
685,5475,filled01_filled02_filled12_,3080,0.19407982286593686
689,5491,filled01_filled02_filled12_,3090,0.1937880986202364
691,5509,filled01_filled02_filled12_,3100,0.19345612233037
692,5528,filled01_filled02_filled12_,3110,0.19338385524336377
693,5547,filled01_filled02_filled12_,3120,0.1931270405089005
694,5566,filled01_filled02_filled12_,3130,0.19252657528063033
695,5585,filled01_filled02_filled12_,3140,0.19254996653809955
700,5600,filled01_filled02_filled12_,3150,0.19270317360093225
704,5616,filled01_filled02_filled12_,3160,0.19244699939342538
705,5635,filled01_filled02_filled12_,3170,0.1922204059783356
707,5653,filled01_filled02_filled12_,3180,0.19208387619378176
708,5672,filled01_filled02_filled12_,3190,0.1919274897122986
708,5692,filled01_filled02_filled12_,3200,0.19136935505479372
710,5710,filled01_filled02_filled12_,3210,0.19137158226399328
713,5727,filled01_filled02_filled12_,3220,0.19141676811307065
715,5745,filled01_filled02_filled12_,3230,0.19119599723101963
716,5764,filled01_filled02_filled12_,3240,0.1908676733434589
717,5783,filled01_filled02_filled12_,3250,0.19087271094383293
719,5801,filled01_filled02_filled12_,3260,0.19092018636315808
719,5821,filled01_filled02_filled12_,3270,0.19066300185545115
722,5838,filled01_filled02_filled12_,3280,0.19070941217123435
722,5858,filled01_filled02_filled12_,3290,0.19058566495828397
723,5877,filled01_filled02_filled12_,3300,0.19011336834254863
725,5895,filled01_filled02_filled12_,3310,0.18983754622278828
726,5914,filled01_filled02_filled12_,3320,0.1899319885944212
727,5933,filled01_filled02_filled12_,3330,0.1897892176168459
728,5952,filled01_filled02_filled12_,3340,0.1897116128547699
731,5969,filled01_filled02_filled12_,3350,0.18958857153540362
736,5984,filled01_filled02_filled12_,3360,0.19001828049992733
739,6001,filled01_filled02_filled12_,3370,0.19021426477505357
740,6020,filled01_filled02_filled12_,3380,0.18975452573385543
742,6038,filled01_filled02_filled12_,3390,0.18976155824698512
744,6056,filled01_filled02_filled12_,3400,0.18987329024103003
747,6073,filled01_filled02_filled12_,3410,0.1898148074502841
747,6093,filled01_filled02_filled12_,3420,0.18950973777176847
750,6110,filled01_filled02_filled12_,3430,0.19003836142072625
750,6130,filled01_filled02_filled12_,3440,0.18990125942236702
750,6150,filled01_filled02_filled12_,3450,0.18972408119487724
753,6167,filled01_filled02_filled12_,3460,0.1899795408434581
757,6183,filled01_filled02_filled12_,3470,0.19023062204935937
757,6203,filled01_filled02_filled12_,3480,0.18980616453257051
760,6220,filled01_filled02_filled12_,3490,0.1896260552225307
763,6237,filled01_filled02_filled12_,3500,0.1896936621969119
765,6255,filled01_filled02_filled12_,3510,0.18998710784694386
767,6273,filled01_filled02_filled12_,3520,0.18995163166537196
768,6292,filled01_filled02_filled12_,3530,0.19010180193913465
769,6311,filled01_filled02_filled12_,3540,0.1899885386361937
772,6328,filled01_filled02_filled12_,3550,0.18991298903842446
772,6348,filled01_filled02_filled12_,3560,0.18980223298185708
773,6367,filled01_filled02_filled12_,3570,0.18993042788842976
774,6386,filled01_filled02_filled12_,3580,0.18987896676901936
778,6402,filled01_filled02_filled12_,3590,0.18982113858165328
780,6420,filled01_filled02_filled12_,3600,0.18952870390697593
781,6439,filled01_filled02_filled12_,3610,0.18961783571669832
781,6459,filled01_filled02_filled12_,3620,0.18932978241714227
782,6478,filled01_filled02_filled12_,3630,0.18910115357655788
784,6496,filled01_filled02_filled12_,3640,0.18924823288297613
787,6513,filled01_filled02_filled12_,3650,0.1890567988742721
789,6531,filled01_filled02_filled12_,3660,0.18894640133670035
790,6550,filled01_filled02_filled12_,3670,0.18864310992109098
793,6567,filled01_filled02_filled12_,3680,0.18897995728006156
793,6587,filled01_filled02_filled12_,3690,0.1885059559536306
794,6606,filled01_filled02_filled12_,3700,0.18839981436467704
795,6625,filled01_filled02_filled12_,3710,0.18817924271886668
795,6645,filled01_filled02_filled12_,3720,0.18769217233285032
800,6660,filled01_filled02_filled12_,3730,0.18802460177027072
801,6679,filled01_filled02_filled12_,3740,0.1877695024441112
804,6696,filled01_filled02_filled12_,3750,0.18760785385271925
806,6714,filled01_filled02_filled12_,3760,0.18741102035193946
808,6732,filled01_filled02_filled12_,3770,0.18719592190404646
809,6751,filled01_filled02_filled12_,3780,0.1869461112356842
810,6770,filled01_filled02_filled12_,3790,0.1867908383723139
813,6787,filled01_filled02_filled12_,3800,0.18697225558936606
814,6806,filled01_filled02_filled12_,3810,0.18724937209910908
818,6822,filled01_filled02_filled12_,3820,0.18746434089719574
823,6837,filled01_filled02_filled12_,3830,0.1875085780385541
826,6854,filled01_filled02_filled12_,3840,0.18755628116129752
830,6870,filled01_filled02_filled12_,3850,0.18784338516866894
833,6887,filled01_filled02_filled12_,3860,0.18787114123323703
835,6905,filled01_filled02_filled12_,3870,0.1877894808288785
837,6923,filled01_filled02_filled12_,3880,0.18783706461956876
843,6937,filled01_filled02_filled12_,3890,0.18787916732558205
847,6953,filled01_filled02_filled12_,3900,0.1880885898763676
848,6972,filled01_filled02_filled12_,3910,0.18775272903257278
848,6992,filled01_filled02_filled12_,3920,0.1877658742601215
849,7011,filled01_filled02_filled12_,3930,0.1874870726501383
850,7030,filled01_filled02_filled12_,3940,0.1874272882669162
852,7048,filled01_filled02_filled12_,3950,0.18720396427338323
856,7064,filled01_filled02_filled12_,3960,0.18723178982387698
857,7083,filled01_filled02_filled12_,3970,0.18697557204291518
858,7102,filled01_filled02_filled12_,3980,0.18684601658958644
860,7120,filled01_filled02_filled12_,3990,0.1869301857120722
862,7138,filled01_filled02_filled12_,4000,0.18683594076983692
866,7154,filled01_filled02_filled12_,4010,0.18684667942892244
869,7171,filled01_filled02_filled12_,4020,0.1869117513974242
871,7189,filled01_filled02_filled12_,4030,0.1871361977288283
874,7206,filled01_filled02_filled12_,4040,0.18721772213780974
874,7226,filled01_filled02_filled12_,4050,0.1869149115589703
876,7244,filled01_filled02_filled12_,4060,0.18655909128237813
879,7261,filled01_filled02_filled12_,4070,0.18644913562397522
882,7278,filled01_filled02_filled12_,4080,0.18621791614670546
888,7292,filled01_filled02_filled12_,4090,0.18636800690454627
892,7308,filled01_filled02_filled12_,4100,0.1865367886588568
897,7323,filled01_filled02_filled12_,4110,0.18682511610439734
898,7342,filled01_filled02_filled12_,4120,0.18657960991105227
902,7358,filled01_filled02_filled12_,4130,0.186969821703861
905,7375,filled01_filled02_filled12_,4140,0.18720410379476363
909,7391,filled01_filled02_filled12_,4150,0.1876249529647673
912,7408,filled01_filled02_filled12_,4160,0.1876533211510789
914,7426,filled01_filled02_filled12_,4170,0.18766473949248866
914,7446,filled01_filled02_filled12_,4180,0.1877775970336916
916,7464,filled01_filled02_filled12_,4190,0.18746466622270977
920,7480,filled01_filled02_filled12_,4200,0.18755833866712998
925,7495,filled01_filled02_filled12_,4210,0.1873810217008035
925,7515,filled01_filled02_filled12_,4220,0.18720798135640468
927,7533,filled01_filled02_filled12_,4230,0.18723659662838876
927,7553,filled01_filled02_filled12_,4240,0.18681377968438997
929,7571,filled01_filled02_filled12_,4250,0.18685940641883989
929,7591,filled01_filled02_filled12_,4260,0.1865565320908379
932,7608,filled01_filled02_filled12_,4270,0.18648501598936792
932,7628,filled01_filled02_filled12_,4280,0.18615056880946065
934,7646,filled01_filled02_filled12_,4290,0.1860474784188252
936,7664,filled01_filled02_filled12_,4300,0.1859449433426634
938,7682,filled01_filled02_filled12_,4310,0.18567987800774377
942,7698,filled01_filled02_filled12_,4320,0.18582445026609518
945,7715,filled01_filled02_filled12_,4330,0.1857242193435226
947,7733,filled01_filled02_filled12_,4340,0.185787032030948
949,7751,filled01_filled02_filled12_,4350,0.1857197312517892
949,7771,filled01_filled02_filled12_,4360,0.18554079922929545
949,7791,filled01_filled02_filled12_,4370,0.18515136333569113
954,7806,filled01_filled02_filled12_,4380,0.18531194347609323
956,7824,filled01_filled02_filled12_,4390,0.1856984634757752
957,7843,filled01_filled02_filled12_,4400,0.18602047987019507
962,7858,filled01_filled02_filled12_,4410,0.18628845138550165
962,7878,filled01_filled02_filled12_,4420,0.18590123982468307
965,7895,filled01_filled02_filled12_,4430,0.18586693989212275
968,7912,filled01_filled02_filled12_,4440,0.18579983332883288
970,7930,filled01_filled02_filled12_,4450,0.18551100249346886
977,7943,filled01_filled02_filled12_,4460,0.18609629430711636
979,7961,filled01_filled02_filled12_,4470,0.18593418086738733
985,7975,filled01_filled02_filled12_,4480,0.1862451534563023
987,7993,filled01_filled02_filled12_,4490,0.18654344218902033
987,8013,filled01_filled02_filled12_,4500,0.18654130739626762
989,8031,filled01_filled02_filled12_,4510,0.18660257023981583
992,8048,filled01_filled02_filled12_,4520,0.1867073419151456
993,8067,filled01_filled02_filled12_,4530,0.18653190819015927
997,8083,filled01_filled02_filled12_,4540,0.18652877748728322
1000,8100,filled01_filled02_filled12_,4550,0.1866182111122134
1001,8119,filled01_filled02_filled12_,4560,0.1866768635063896
1001,8139,filled01_filled02_filled12_,4570,0.18648647481346747
1005,8155,filled01_filled02_filled12_,4580,0.18660663033699657
1008,8172,filled01_filled02_filled12_,4590,0.186709761400523
1008,8192,filled01_filled02_filled12_,4600,0.18643000673258436
1009,8211,filled01_filled02_filled12_,4610,0.1862583492164661
1010,8230,filled01_filled02_filled12_,4620,0.1858725837795376
1013,8247,filled01_filled02_filled12_,4630,0.18600819043099223
1016,8264,filled01_filled02_filled12_,4640,0.18600434252387035
1016,8284,filled01_filled02_filled12_,4650,0.18574386565333612
1018,8302,filled01_filled02_filled12_,4660,0.18593733396325107
1020,8320,filled01_filled02_filled12_,4670,0.18610140880841441
1021,8339,filled01_filled02_filled12_,4680,0.18596458616285627
1023,8357,filled01_filled02_filled12_,4690,0.1857501939922692
1026,8374,filled01_filled02_filled12_,4700,0.18588398423727967
1030,8390,filled01_filled02_filled12_,4710,0.1860760795620927
1030,8410,filled01_filled02_filled12_,4720,0.18587897416889576
1035,8425,filled01_filled02_filled12_,4730,0.18599553195691498
1039,8441,filled01_filled02_filled12_,4740,0.18594851160457293
1040,8460,filled01_filled02_filled12_,4750,0.1858423396930677
1040,8480,filled01_filled02_filled12_,4760,0.1853659421322533
1041,8499,filled01_filled02_filled12_,4770,0.1850848270772437
1045,8515,filled01_filled02_filled12_,4780,0.18506820932119275
1047,8533,filled01_filled02_filled12_,4790,0.1849053776975483
1047,8553,filled01_filled02_filled12_,4800,0.1845973325869811
1051,8569,filled01_filled02_filled12_,4810,0.18470191293381888
1052,8588,filled01_filled02_filled12_,4820,0.1846582389706137
1053,8607,filled01_filled02_filled12_,4830,0.18467283413583213
1059,8621,filled01_filled02_filled12_,4840,0.1847748047592159
1065,8635,filled01_filled02_filled12_,4850,0.18501938498350798
1065,8655,filled01_filled02_filled12_,4860,0.18505093041604734
1068,8672,filled01_filled02_filled12_,4870,0.18513734702149107
1070,8690,filled01_filled02_filled12_,4880,0.18523784313963332
1074,8706,filled01_filled02_filled12_,4890,0.18526526000717455
1077,8723,filled01_filled02_filled12_,4900,0.18535074271241694
1078,8742,filled01_filled02_filled12_,4910,0.18514846797792806
1078,8762,filled01_filled02_filled12_,4920,0.18484736894298615
1079,8781,filled01_filled02_filled12_,4930,0.1845902772127891
1080,8800,filled01_filled02_filled12_,4940,0.18453455723585355
1085,8815,filled01_filled02_filled12_,4950,0.1849586519026716
1087,8833,filled01_filled02_filled12_,4960,0.18505786987524944
1091,8849,filled01_filled02_filled12_,4970,0.18510179020290995
1092,8868,filled01_filled02_filled12_,4980,0.18484664997528907
1092,8888,filled01_filled02_filled12_,4990,0.18474882412923554
