size intersection,size union,state,k,mean JI
2,18,filledg_allupper_,10,0.1111111111111111
26,194,filledg_allupper_,110,0.13402061855670103
49,371,filledg_allupper_,210,0.1320754716981132
74,546,filledg_allupper_,310,0.13553113553113552
94,726,filledg_allupper_,410,0.12947658402203857
124,896,filledg_allupper_,510,0.13839285714285715
158,1062,filledg_allupper_,610,0.1487758945386064
185,1235,filledg_allupper_,710,0.14979757085020243
218,1402,filledg_allupper_,810,0.15549215406562053
250,1570,filledg_allupper_,910,0.1592356687898089
283,1737,filledg_allupper_,1010,0.1629245826137018
312,1908,filledg_allupper_,1110,0.16352201257861634
346,2074,filledg_allupper_,1210,0.16682738669238187
378,2242,filledg_allupper_,1310,0.16859946476360393
406,2414,filledg_allupper_,1410,0.16818558409279205
434,2586,filledg_allupper_,1510,0.16782675947409126
464,2756,filledg_allupper_,1610,0.1683599419448476
487,2933,filledg_allupper_,1710,0.1660415956358677
514,3106,filledg_allupper_,1810,0.1654861558274308
542,3278,filledg_allupper_,1910,0.16534472239170225
581,3439,filledg_allupper_,2010,0.16894446059901133
617,3603,filledg_allupper_,2110,0.17124618373577574
649,3771,filledg_allupper_,2210,0.1721028904799788
690,3930,filledg_allupper_,2310,0.17557251908396945
721,4099,filledg_allupper_,2410,0.1758965601366187
753,4267,filledg_allupper_,2510,0.17647058823529413
780,4440,filledg_allupper_,2610,0.17567567567567569
811,4609,filledg_allupper_,2710,0.17596007810804948
848,4772,filledg_allupper_,2810,0.1777032690695725
878,4942,filledg_allupper_,2910,0.17766086604613518
914,5106,filledg_allupper_,3010,0.17900509204857032
946,5274,filledg_allupper_,3110,0.17937049677664013
985,5435,filledg_allupper_,3210,0.1812327506899724
1026,5594,filledg_allupper_,3310,0.183410797282803
1046,5774,filledg_allupper_,3410,0.18115691028749567
1081,5939,filledg_allupper_,3510,0.18201717460851996
1122,6098,filledg_allupper_,3610,0.1839947523778288
1151,6269,filledg_allupper_,3710,0.18360185037486043
1174,6446,filledg_allupper_,3810,0.18212845175302514
1211,6609,filledg_allupper_,3910,0.18323498259948556
1238,6782,filledg_allupper_,4010,0.1825420230020643
1278,6942,filledg_allupper_,4110,0.18409680207433016
1303,7117,filledg_allupper_,4210,0.18308275958971476
1342,7278,filledg_allupper_,4310,0.18439131629568561
1380,7440,filledg_allupper_,4410,0.18548387096774194
1415,7605,filledg_allupper_,4510,0.18606180144641682
1455,7765,filledg_allupper_,4610,0.18737926593689633
1500,7920,filledg_allupper_,4710,0.1893939393939394
1539,8081,filledg_allupper_,4810,0.19044672689023637
1581,8239,filledg_allupper_,4910,0.19189221992960312
