size intersection,size union,state,k,mean JI
3,17,filledg_alllower_,10,0.17647058823529413
24,196,filledg_alllower_,110,0.12244897959183673
56,364,filledg_alllower_,210,0.15384615384615385
90,530,filledg_alllower_,310,0.16981132075471697
123,697,filledg_alllower_,410,0.17647058823529413
160,860,filledg_alllower_,510,0.18604651162790697
197,1023,filledg_alllower_,610,0.19257086999022482
227,1193,filledg_alllower_,710,0.19027661357921208
267,1353,filledg_alllower_,810,0.1973392461197339
305,1515,filledg_alllower_,910,0.20132013201320131
351,1669,filledg_alllower_,1010,0.21030557219892151
390,1830,filledg_alllower_,1110,0.21311475409836064
442,1978,filledg_alllower_,1210,0.22345803842264914
486,2134,filledg_alllower_,1310,0.22774133083411435
533,2287,filledg_alllower_,1410,0.23305640577175338
573,2447,filledg_alllower_,1510,0.2341642827952595
618,2602,filledg_alllower_,1610,0.23750960799385087
662,2758,filledg_alllower_,1710,0.24002900652646847
714,2906,filledg_alllower_,1810,0.24569855471438404
755,3065,filledg_alllower_,1910,0.2463295269168026
798,3222,filledg_alllower_,2010,0.24767225325884543
840,3380,filledg_alllower_,2110,0.2485207100591716
882,3538,filledg_alllower_,2210,0.24929338609383833
928,3692,filledg_alllower_,2310,0.2513542795232936
969,3851,filledg_alllower_,2410,0.2516229550766035
1013,4007,filledg_alllower_,2510,0.25280758672323433
1066,4154,filledg_alllower_,2610,0.2566201251805489
1105,4315,filledg_alllower_,2710,0.25608342989571264
1153,4467,filledg_alllower_,2810,0.2581150660398478
1195,4625,filledg_alllower_,2910,0.2583783783783784
1238,4782,filledg_alllower_,3010,0.2588874947720619
1286,4934,filledg_alllower_,3110,0.2606404539927037
1332,5088,filledg_alllower_,3210,0.2617924528301887
1383,5237,filledg_alllower_,3310,0.26408248997517664
1429,5391,filledg_alllower_,3410,0.2650714153218327
1467,5553,filledg_alllower_,3510,0.26418152350081037
1513,5707,filledg_alllower_,3610,0.2651130190993517
1556,5864,filledg_alllower_,3710,0.2653478854024557
1600,6020,filledg_alllower_,3810,0.26578073089701
1644,6176,filledg_alllower_,3910,0.2661917098445596
1697,6323,filledg_alllower_,4010,0.2683852601613158
1738,6482,filledg_alllower_,4110,0.2681271212588707
1791,6629,filledg_alllower_,4210,0.27017649720923215
1844,6776,filledg_alllower_,4310,0.27213695395513576
1896,6924,filledg_alllower_,4410,0.2738301559792028
1942,7078,filledg_alllower_,4510,0.27437129132523314
1992,7228,filledg_alllower_,4610,0.2755949086884339
2040,7380,filledg_alllower_,4710,0.2764227642276423
2085,7535,filledg_alllower_,4810,0.27670869276708693
2133,7687,filledg_alllower_,4910,0.27748146220892417
