size intersection,size union,state,k,mean JI
0,20,filledg_alllower_,10,0.0
27,193,filledg_alllower_,110,0.13989637305699482
54,366,filledg_alllower_,210,0.14754098360655737
85,535,filledg_alllower_,310,0.1588785046728972
116,704,filledg_alllower_,410,0.16477272727272727
148,872,filledg_alllower_,510,0.16972477064220184
179,1041,filledg_alllower_,610,0.17195004803073968
207,1213,filledg_alllower_,710,0.17065127782357792
242,1378,filledg_alllower_,810,0.17561683599419448
264,1556,filledg_alllower_,910,0.16966580976863754
297,1723,filledg_alllower_,1010,0.17237376668601276
327,1893,filledg_alllower_,1110,0.17274167987321712
361,2059,filledg_alllower_,1210,0.17532782904322486
402,2218,filledg_alllower_,1310,0.1812443642921551
431,2389,filledg_alllower_,1410,0.18041021347844285
464,2556,filledg_alllower_,1510,0.18153364632237873
499,2721,filledg_alllower_,1610,0.18338846012495405
525,2895,filledg_alllower_,1710,0.18134715025906736
563,3057,filledg_alllower_,1810,0.18416748446189074
595,3225,filledg_alllower_,1910,0.18449612403100776
630,3390,filledg_alllower_,2010,0.18584070796460178
660,3560,filledg_alllower_,2110,0.1853932584269663
692,3728,filledg_alllower_,2210,0.18562231759656653
723,3897,filledg_alllower_,2310,0.1855273287143957
753,4067,filledg_alllower_,2410,0.1851487582985001
784,4236,filledg_alllower_,2510,0.18508026440037773
816,4404,filledg_alllower_,2610,0.18528610354223432
848,4572,filledg_alllower_,2710,0.18547681539807523
885,4735,filledg_alllower_,2810,0.18690601900739176
918,4902,filledg_alllower_,2910,0.18727050183598531
954,5066,filledg_alllower_,3010,0.18831425187524675
993,5227,filledg_alllower_,3110,0.18997512913717238
1026,5394,filledg_alllower_,3210,0.19021134593993325
1061,5559,filledg_alllower_,3310,0.19086166576722433
1088,5732,filledg_alllower_,3410,0.1898115840893231
1121,5899,filledg_alllower_,3510,0.19003220884895744
1164,6056,filledg_alllower_,3610,0.19220607661822986
1197,6223,filledg_alllower_,3710,0.1923509561304837
1238,6382,filledg_alllower_,3810,0.19398307740520213
1269,6551,filledg_alllower_,3910,0.19371088383452909
1302,6718,filledg_alllower_,4010,0.19380768085739802
1337,6883,filledg_alllower_,4110,0.19424669475519396
1370,7050,filledg_alllower_,4210,0.19432624113475178
1410,7210,filledg_alllower_,4310,0.1955617198335645
1452,7368,filledg_alllower_,4410,0.1970684039087948
1483,7537,filledg_alllower_,4510,0.1967626376542391
1510,7710,filledg_alllower_,4610,0.19584954604409857
1546,7874,filledg_alllower_,4710,0.19634239268478537
1591,8029,filledg_alllower_,4810,0.19815668202764977
1621,8199,filledg_alllower_,4910,0.1977070374435907
