size intersection,size union,state,k,mean JI
4,16,filledg_allupper_,10,0.25
34,186,filledg_allupper_,110,0.1827956989247312
64,356,filledg_allupper_,210,0.1797752808988764
85,535,filledg_allupper_,310,0.1588785046728972
118,702,filledg_allupper_,410,0.16809116809116809
155,865,filledg_allupper_,510,0.1791907514450867
184,1036,filledg_allupper_,610,0.1776061776061776
216,1204,filledg_allupper_,710,0.17940199335548174
250,1370,filledg_allupper_,810,0.18248175182481752
283,1537,filledg_allupper_,910,0.1841249186727391
325,1695,filledg_allupper_,1010,0.19174041297935104
357,1863,filledg_allupper_,1110,0.19162640901771336
397,2023,filledg_allupper_,1210,0.1962432031636184
438,2182,filledg_allupper_,1310,0.20073327222731438
476,2344,filledg_allupper_,1410,0.2030716723549488
525,2495,filledg_allupper_,1510,0.21042084168336672
555,2665,filledg_allupper_,1610,0.20825515947467166
593,2827,filledg_allupper_,1710,0.20976299964626813
644,2976,filledg_allupper_,1810,0.2163978494623656
681,3139,filledg_allupper_,1910,0.216948072634597
726,3294,filledg_allupper_,2010,0.2204007285974499
755,3465,filledg_allupper_,2110,0.2178932178932179
801,3619,filledg_allupper_,2210,0.22133185962973198
841,3779,filledg_allupper_,2310,0.22254564699655993
885,3935,filledg_allupper_,2410,0.22490470139771285
924,4096,filledg_allupper_,2510,0.2255859375
976,4244,filledg_allupper_,2610,0.2299717247879359
1013,4407,filledg_allupper_,2710,0.22986158384388472
1054,4566,filledg_allupper_,2810,0.23083661848445028
1095,4725,filledg_allupper_,2910,0.23174603174603176
1134,4886,filledg_allupper_,3010,0.23209169054441262
1170,5050,filledg_allupper_,3110,0.2316831683168317
1220,5200,filledg_allupper_,3210,0.23461538461538461
1269,5351,filledg_allupper_,3310,0.2371519342179032
1313,5507,filledg_allupper_,3410,0.23842382422371527
1353,5667,filledg_allupper_,3510,0.23875066172578083
1389,5831,filledg_allupper_,3610,0.23820956954210257
1441,5979,filledg_allupper_,3710,0.24101020237497908
1484,6136,filledg_allupper_,3810,0.24185136897001303
1531,6289,filledg_allupper_,3910,0.24344092860550168
1569,6451,filledg_allupper_,4010,0.2432181057200434
1608,6612,filledg_allupper_,4110,0.24319419237749546
1647,6773,filledg_allupper_,4210,0.2431714159161376
1685,6935,filledg_allupper_,4310,0.24297043979812544
1728,7092,filledg_allupper_,4410,0.2436548223350254
1768,7252,filledg_allupper_,4510,0.24379481522338664
1803,7417,filledg_allupper_,4610,0.24309019819333963
1846,7574,filledg_allupper_,4710,0.2437285450224452
1895,7725,filledg_allupper_,4810,0.2453074433656958
1943,7877,filledg_allupper_,4910,0.24666751301256823
