size intersection,size union,state,k,mean JI
5,15,filledg_alllower_,10,0.3333333333333333
23,197,filledg_alllower_,110,0.116751269035533
44,376,filledg_alllower_,210,0.11702127659574468
66,554,filledg_alllower_,310,0.11913357400722022
92,728,filledg_alllower_,410,0.12637362637362637
116,904,filledg_alllower_,510,0.12831858407079647
149,1071,filledg_alllower_,610,0.13912231559290383
189,1231,filledg_alllower_,710,0.15353371242891958
224,1396,filledg_alllower_,810,0.16045845272206305
247,1573,filledg_alllower_,910,0.15702479338842976
270,1750,filledg_alllower_,1010,0.15428571428571428
304,1916,filledg_alllower_,1110,0.15866388308977036
338,2082,filledg_alllower_,1210,0.16234390009606148
367,2253,filledg_alllower_,1310,0.16289391921881935
394,2426,filledg_alllower_,1410,0.16240725474031328
430,2590,filledg_alllower_,1510,0.16602316602316602
465,2755,filledg_alllower_,1610,0.16878402903811252
500,2920,filledg_alllower_,1710,0.17123287671232876
542,3078,filledg_alllower_,1810,0.1760883690708252
576,3244,filledg_alllower_,1910,0.17755856966707767
607,3413,filledg_alllower_,2010,0.1778493993554058
645,3575,filledg_alllower_,2110,0.18041958041958042
684,3736,filledg_alllower_,2210,0.18308351177730192
717,3903,filledg_alllower_,2310,0.18370484242890084
753,4067,filledg_alllower_,2410,0.1851487582985001
794,4226,filledg_alllower_,2510,0.1878845243729295
834,4386,filledg_alllower_,2610,0.19015047879616964
863,4557,filledg_alllower_,2710,0.18937897739741058
894,4726,filledg_alllower_,2810,0.18916631400761744
932,4888,filledg_alllower_,2910,0.190671031096563
970,5050,filledg_alllower_,3010,0.19207920792079208
1007,5213,filledg_alllower_,3110,0.1931709188567044
1044,5376,filledg_alllower_,3210,0.19419642857142858
1080,5540,filledg_alllower_,3310,0.19494584837545126
1114,5706,filledg_alllower_,3410,0.19523308797756747
1142,5878,filledg_alllower_,3510,0.19428376998979244
1182,6038,filledg_alllower_,3610,0.19576018549188473
1224,6196,filledg_alllower_,3710,0.197546804389929
1250,6370,filledg_alllower_,3810,0.19623233908948196
1281,6539,filledg_alllower_,3910,0.1959015139929653
1315,6705,filledg_alllower_,4010,0.19612229679343773
1344,6876,filledg_alllower_,4110,0.19546247818499127
1375,7045,filledg_alllower_,4210,0.19517388218594747
1410,7210,filledg_alllower_,4310,0.1955617198335645
1451,7369,filledg_alllower_,4410,0.19690595738906227
1486,7534,filledg_alllower_,4510,0.1972391823732413
1521,7699,filledg_alllower_,4610,0.1975581244317444
1559,7861,filledg_alllower_,4710,0.19832082432260525
1599,8021,filledg_alllower_,4810,0.1993517017828201
1637,8183,filledg_alllower_,4910,0.20004888182818037
