size intersection,size union,state,k,mean JI
0,20,filledg_allupper_,10,0.0
26,194,filledg_allupper_,110,0.13402061855670103
49,371,filledg_allupper_,210,0.1320754716981132
78,542,filledg_allupper_,310,0.14391143911439114
104,716,filledg_allupper_,410,0.1452513966480447
134,886,filledg_allupper_,510,0.15124153498871332
149,1071,filledg_allupper_,610,0.13912231559290383
178,1242,filledg_allupper_,710,0.143317230273752
212,1408,filledg_allupper_,810,0.15056818181818182
247,1573,filledg_allupper_,910,0.15702479338842976
276,1744,filledg_allupper_,1010,0.15825688073394495
317,1903,filledg_allupper_,1110,0.16657908565423016
359,2061,filledg_allupper_,1210,0.17418728772440562
395,2225,filledg_allupper_,1310,0.17752808988764046
427,2393,filledg_allupper_,1410,0.17843710823234435
460,2560,filledg_allupper_,1510,0.1796875
499,2721,filledg_allupper_,1610,0.18338846012495405
532,2888,filledg_allupper_,1710,0.18421052631578946
563,3057,filledg_allupper_,1810,0.18416748446189074
589,3231,filledg_allupper_,1910,0.18229650263076447
614,3406,filledg_allupper_,2010,0.1802701115678215
643,3577,filledg_allupper_,2110,0.17975957506290188
665,3755,filledg_allupper_,2210,0.17709720372836218
704,3916,filledg_allupper_,2310,0.1797752808988764
737,4083,filledg_allupper_,2410,0.180504530982121
771,4249,filledg_allupper_,2510,0.18145445987291128
807,4413,filledg_allupper_,2610,0.18286879673691367
842,4578,filledg_allupper_,2710,0.18392311052861512
877,4743,filledg_allupper_,2810,0.18490406915454355
912,4908,filledg_allupper_,2910,0.18581907090464547
946,5074,filledg_allupper_,3010,0.1864406779661017
982,5238,filledg_allupper_,3110,0.1874761359297442
1015,5405,filledg_allupper_,3210,0.1877890841813136
1050,5570,filledg_allupper_,3310,0.18850987432675045
1085,5735,filledg_allupper_,3410,0.1891891891891892
1116,5904,filledg_allupper_,3510,0.18902439024390244
1151,6069,filledg_allupper_,3610,0.18965233152084363
1192,6228,filledg_allupper_,3710,0.1913937058445729
1220,6400,filledg_allupper_,3810,0.190625
1249,6571,filledg_allupper_,3910,0.19007761375741897
1285,6735,filledg_allupper_,4010,0.19079435783221974
1321,6899,filledg_allupper_,4110,0.19147702565589217
1352,7068,filledg_allupper_,4210,0.19128466327108093
1391,7229,filledg_allupper_,4310,0.19241942177341265
1429,7391,filledg_allupper_,4410,0.19334325531051277
1459,7561,filledg_allupper_,4510,0.19296389366485914
1500,7720,filledg_allupper_,4610,0.19430051813471502
1533,7887,filledg_allupper_,4710,0.19437048307341195
1566,8054,filledg_allupper_,4810,0.19443754656071519
1608,8212,filledg_allupper_,4910,0.19581100828056502
