size intersection,size union,state,k,mean JI
4,16,filledg_alllower_,10,0.25
23,197,filledg_alllower_,110,0.116751269035533
39,381,filledg_alllower_,210,0.10236220472440945
66,554,filledg_alllower_,310,0.11913357400722022
89,731,filledg_alllower_,410,0.12175102599179206
109,911,filledg_alllower_,510,0.11964873765093303
140,1080,filledg_alllower_,610,0.12962962962962962
168,1252,filledg_alllower_,710,0.134185303514377
203,1417,filledg_alllower_,810,0.1432604093154552
239,1581,filledg_alllower_,910,0.15117014547754587
275,1745,filledg_alllower_,1010,0.15759312320916904
306,1914,filledg_alllower_,1110,0.15987460815047022
342,2078,filledg_alllower_,1210,0.1645813282001925
372,2248,filledg_alllower_,1310,0.16548042704626334
415,2405,filledg_alllower_,1410,0.17255717255717257
443,2577,filledg_alllower_,1510,0.17190531625921615
469,2751,filledg_alllower_,1610,0.17048346055979643
501,2919,filledg_alllower_,1710,0.17163412127440905
549,3071,filledg_alllower_,1810,0.1787691305763595
580,3240,filledg_alllower_,1910,0.17901234567901234
619,3401,filledg_alllower_,2010,0.18200529256101147
660,3560,filledg_alllower_,2110,0.1853932584269663
690,3730,filledg_alllower_,2210,0.18498659517426275
733,3887,filledg_alllower_,2310,0.18857730897864677
770,4050,filledg_alllower_,2410,0.19012345679012346
811,4209,filledg_alllower_,2510,0.19268234735091472
846,4374,filledg_alllower_,2610,0.1934156378600823
878,4542,filledg_alllower_,2710,0.1933069132540731
912,4708,filledg_alllower_,2810,0.1937128292268479
954,4866,filledg_alllower_,2910,0.1960542540073983
987,5033,filledg_alllower_,3010,0.19610570236439498
1025,5195,filledg_alllower_,3110,0.1973051010587103
1061,5359,filledg_alllower_,3210,0.19798469863780557
1102,5518,filledg_alllower_,3310,0.19971003986951794
1141,5679,filledg_alllower_,3410,0.20091565416446558
1171,5849,filledg_alllower_,3510,0.20020516327577365
1199,6021,filledg_alllower_,3610,0.19913635608702873
1231,6189,filledg_alllower_,3710,0.19890127645823236
1277,6343,filledg_alllower_,3810,0.20132429449787168
1309,6511,filledg_alllower_,3910,0.2010443864229765
1341,6679,filledg_alllower_,4010,0.20077855966462047
1380,6840,filledg_alllower_,4110,0.20175438596491227
1412,7008,filledg_alllower_,4210,0.2014840182648402
1448,7172,filledg_alllower_,4310,0.2018962632459565
1485,7335,filledg_alllower_,4410,0.20245398773006135
1519,7501,filledg_alllower_,4510,0.20250633248900146
1564,7656,filledg_alllower_,4610,0.20428422152560083
1605,7815,filledg_alllower_,4710,0.2053742802303263
1641,7979,filledg_alllower_,4810,0.20566487028449681
1673,8147,filledg_alllower_,4910,0.20535166318890388
