size intersection,size union,state,k,mean JI
3,17,filled1.02.0_filled1.03.0_filled1.04.0_filled2.03.0_filled2.04.0_filled3.04.0_,10,0.230119825708061
62,158,filled1.02.0_filled1.03.0_filled1.04.0_filled2.03.0_filled2.04.0_filled3.04.0_,110,0.3618435996207439
130,290,filled1.02.0_filled1.03.0_filled1.04.0_filled2.03.0_filled2.04.0_filled3.04.0_,210,0.41276419184309515
216,404,filled1.02.0_filled1.03.0_filled1.04.0_filled2.03.0_filled2.04.0_filled3.04.0_,310,0.4663044671697196
283,537,filled1.02.0_filled1.03.0_filled1.04.0_filled2.03.0_filled2.04.0_filled3.04.0_,410,0.4972430970166655
364,656,filled1.02.0_filled1.03.0_filled1.04.0_filled2.03.0_filled2.04.0_filled3.04.0_,510,0.5114530786754199
449,771,filled1.02.0_filled1.03.0_filled1.04.0_filled2.03.0_filled2.04.0_filled3.04.0_,610,0.5242100516739866
530,890,filled1.02.0_filled1.03.0_filled1.04.0_filled2.03.0_filled2.04.0_filled3.04.0_,710,0.5294643036411163
590,1030,filled1.02.0_filled1.03.0_filled1.04.0_filled2.03.0_filled2.04.0_filled3.04.0_,810,0.5369690046621377
670,1150,filled1.02.0_filled1.03.0_filled1.04.0_filled2.03.0_filled2.04.0_filled3.04.0_,910,0.543898631365961
738,1282,filled1.02.0_filled1.03.0_filled1.04.0_filled2.03.0_filled2.04.0_filled3.04.0_,1010,0.5500654120765569
821,1399,filled1.02.0_filled1.03.0_filled1.04.0_filled2.03.0_filled2.04.0_filled3.04.0_,1110,0.5589505586906506
903,1517,filled1.02.0_filled1.03.0_filled1.04.0_filled2.03.0_filled2.04.0_filled3.04.0_,1210,0.5680703980436341
981,1639,filled1.02.0_filled1.03.0_filled1.04.0_filled2.03.0_filled2.04.0_filled3.04.0_,1310,0.5727830167851543
1063,1757,filled1.02.0_filled1.03.0_filled1.04.0_filled2.03.0_filled2.04.0_filled3.04.0_,1410,0.5775621282607416
1146,1874,filled1.02.0_filled1.03.0_filled1.04.0_filled2.03.0_filled2.04.0_filled3.04.0_,1510,0.5755477691547017
1214,2006,filled1.02.0_filled1.03.0_filled1.04.0_filled2.03.0_filled2.04.0_filled3.04.0_,1610,0.5753528195940755
1287,2133,filled1.02.0_filled1.03.0_filled1.04.0_filled2.03.0_filled2.04.0_filled3.04.0_,1710,0.5794927921342106
1372,2248,filled1.02.0_filled1.03.0_filled1.04.0_filled2.03.0_filled2.04.0_filled3.04.0_,1810,0.586092445612889
1441,2379,filled1.02.0_filled1.03.0_filled1.04.0_filled2.03.0_filled2.04.0_filled3.04.0_,1910,0.5859088704694669
1504,2516,filled1.02.0_filled1.03.0_filled1.04.0_filled2.03.0_filled2.04.0_filled3.04.0_,2010,0.5873316405128487
1576,2644,filled1.02.0_filled1.03.0_filled1.04.0_filled2.03.0_filled2.04.0_filled3.04.0_,2110,0.5875659326105055
1644,2776,filled1.02.0_filled1.03.0_filled1.04.0_filled2.03.0_filled2.04.0_filled3.04.0_,2210,0.5885846176290581
1712,2908,filled1.02.0_filled1.03.0_filled1.04.0_filled2.03.0_filled2.04.0_filled3.04.0_,2310,0.5927772957976668
1780,3040,filled1.02.0_filled1.03.0_filled1.04.0_filled2.03.0_filled2.04.0_filled3.04.0_,2410,0.597619400404345
1858,3162,filled1.02.0_filled1.03.0_filled1.04.0_filled2.03.0_filled2.04.0_filled3.04.0_,2510,0.5985770879861089
1922,3298,filled1.02.0_filled1.03.0_filled1.04.0_filled2.03.0_filled2.04.0_filled3.04.0_,2610,0.5985499138044678
1994,3426,filled1.02.0_filled1.03.0_filled1.04.0_filled2.03.0_filled2.04.0_filled3.04.0_,2710,0.5984293758499404
2058,3562,filled1.02.0_filled1.03.0_filled1.04.0_filled2.03.0_filled2.04.0_filled3.04.0_,2810,0.5968493544360199
2115,3705,filled1.02.0_filled1.03.0_filled1.04.0_filled2.03.0_filled2.04.0_filled3.04.0_,2910,0.5946510408874178
2178,3842,filled1.02.0_filled1.03.0_filled1.04.0_filled2.03.0_filled2.04.0_filled3.04.0_,3010,0.5938382254907332
2250,3970,filled1.02.0_filled1.03.0_filled1.04.0_filled2.03.0_filled2.04.0_filled3.04.0_,3110,0.5926895706754046
2318,4102,filled1.02.0_filled1.03.0_filled1.04.0_filled2.03.0_filled2.04.0_filled3.04.0_,3210,0.5920010406097522
2380,4240,filled1.02.0_filled1.03.0_filled1.04.0_filled2.03.0_filled2.04.0_filled3.04.0_,3310,0.5903045375973811
2439,4381,filled1.02.0_filled1.03.0_filled1.04.0_filled2.03.0_filled2.04.0_filled3.04.0_,3410,0.5875122080427612
2497,4523,filled1.02.0_filled1.03.0_filled1.04.0_filled2.03.0_filled2.04.0_filled3.04.0_,3510,0.5847203692657676
2551,4669,filled1.02.0_filled1.03.0_filled1.04.0_filled2.03.0_filled2.04.0_filled3.04.0_,3610,0.5819114486436169
2620,4800,filled1.02.0_filled1.03.0_filled1.04.0_filled2.03.0_filled2.04.0_filled3.04.0_,3710,0.580776407085537
2685,4935,filled1.02.0_filled1.03.0_filled1.04.0_filled2.03.0_filled2.04.0_filled3.04.0_,3810,0.5785971372605978
2746,5074,filled1.02.0_filled1.03.0_filled1.04.0_filled2.03.0_filled2.04.0_filled3.04.0_,3910,0.5782998237427261
2807,5213,filled1.02.0_filled1.03.0_filled1.04.0_filled2.03.0_filled2.04.0_filled3.04.0_,4010,0.5776677164612798
2870,5350,filled1.02.0_filled1.03.0_filled1.04.0_filled2.03.0_filled2.04.0_filled3.04.0_,4110,0.5763577704238901
2932,5488,filled1.02.0_filled1.03.0_filled1.04.0_filled2.03.0_filled2.04.0_filled3.04.0_,4210,0.5746679244888832
2994,5626,filled1.02.0_filled1.03.0_filled1.04.0_filled2.03.0_filled2.04.0_filled3.04.0_,4310,0.5720473901097289
3054,5766,filled1.02.0_filled1.03.0_filled1.04.0_filled2.03.0_filled2.04.0_filled3.04.0_,4410,0.5691537614538772
3106,5914,filled1.02.0_filled1.03.0_filled1.04.0_filled2.03.0_filled2.04.0_filled3.04.0_,4510,0.5665462895047121
3168,6052,filled1.02.0_filled1.03.0_filled1.04.0_filled2.03.0_filled2.04.0_filled3.04.0_,4610,0.565389829545085
3235,6185,filled1.02.0_filled1.03.0_filled1.04.0_filled2.03.0_filled2.04.0_filled3.04.0_,4710,0.5652634219834399
3300,6320,filled1.02.0_filled1.03.0_filled1.04.0_filled2.03.0_filled2.04.0_filled3.04.0_,4810,0.5643766722945593
3359,6461,filled1.02.0_filled1.03.0_filled1.04.0_filled2.03.0_filled2.04.0_filled3.04.0_,4910,0.5636231179264767
