size intersection,size union,state,k,mean JI
1,19,filled1.02.0_filled1.03.0_filled1.04.0_filled2.03.0_filled2.04.0_filled3.04.0_,10,0.23262813897488818
49,171,filled1.02.0_filled1.03.0_filled1.04.0_filled2.03.0_filled2.04.0_filled3.04.0_,110,0.3644164308594519
96,324,filled1.02.0_filled1.03.0_filled1.04.0_filled2.03.0_filled2.04.0_filled3.04.0_,210,0.40866003152530156
158,462,filled1.02.0_filled1.03.0_filled1.04.0_filled2.03.0_filled2.04.0_filled3.04.0_,310,0.43907278784385495
214,606,filled1.02.0_filled1.03.0_filled1.04.0_filled2.03.0_filled2.04.0_filled3.04.0_,410,0.4569311448540255
276,744,filled1.02.0_filled1.03.0_filled1.04.0_filled2.03.0_filled2.04.0_filled3.04.0_,510,0.47596999052396377
346,874,filled1.02.0_filled1.03.0_filled1.04.0_filled2.03.0_filled2.04.0_filled3.04.0_,610,0.49089967777078125
418,1002,filled1.02.0_filled1.03.0_filled1.04.0_filled2.03.0_filled2.04.0_filled3.04.0_,710,0.4973261479709845
490,1130,filled1.02.0_filled1.03.0_filled1.04.0_filled2.03.0_filled2.04.0_filled3.04.0_,810,0.508607894247593
547,1273,filled1.02.0_filled1.03.0_filled1.04.0_filled2.03.0_filled2.04.0_filled3.04.0_,910,0.5104644588871433
615,1405,filled1.02.0_filled1.03.0_filled1.04.0_filled2.03.0_filled2.04.0_filled3.04.0_,1010,0.5155483045563949
694,1526,filled1.02.0_filled1.03.0_filled1.04.0_filled2.03.0_filled2.04.0_filled3.04.0_,1110,0.5242499996287409
754,1666,filled1.02.0_filled1.03.0_filled1.04.0_filled2.03.0_filled2.04.0_filled3.04.0_,1210,0.5245627040460427
827,1793,filled1.02.0_filled1.03.0_filled1.04.0_filled2.03.0_filled2.04.0_filled3.04.0_,1310,0.5305862767784445
889,1931,filled1.02.0_filled1.03.0_filled1.04.0_filled2.03.0_filled2.04.0_filled3.04.0_,1410,0.5303169568807936
964,2056,filled1.02.0_filled1.03.0_filled1.04.0_filled2.03.0_filled2.04.0_filled3.04.0_,1510,0.5339001630907413
1025,2195,filled1.02.0_filled1.03.0_filled1.04.0_filled2.03.0_filled2.04.0_filled3.04.0_,1610,0.5292844070568149
1079,2341,filled1.02.0_filled1.03.0_filled1.04.0_filled2.03.0_filled2.04.0_filled3.04.0_,1710,0.5272541514192656
1130,2490,filled1.02.0_filled1.03.0_filled1.04.0_filled2.03.0_filled2.04.0_filled3.04.0_,1810,0.5250173513952964
1186,2634,filled1.02.0_filled1.03.0_filled1.04.0_filled2.03.0_filled2.04.0_filled3.04.0_,1910,0.5236269889484612
1230,2790,filled1.02.0_filled1.03.0_filled1.04.0_filled2.03.0_filled2.04.0_filled3.04.0_,2010,0.5193833886014937
1283,2937,filled1.02.0_filled1.03.0_filled1.04.0_filled2.03.0_filled2.04.0_filled3.04.0_,2110,0.5190818351787063
1343,3077,filled1.02.0_filled1.03.0_filled1.04.0_filled2.03.0_filled2.04.0_filled3.04.0_,2210,0.5193045156748447
1398,3222,filled1.02.0_filled1.03.0_filled1.04.0_filled2.03.0_filled2.04.0_filled3.04.0_,2310,0.518806901340375
1463,3357,filled1.02.0_filled1.03.0_filled1.04.0_filled2.03.0_filled2.04.0_filled3.04.0_,2410,0.5192956216941178
1531,3489,filled1.02.0_filled1.03.0_filled1.04.0_filled2.03.0_filled2.04.0_filled3.04.0_,2510,0.5197893835340098
1589,3631,filled1.02.0_filled1.03.0_filled1.04.0_filled2.03.0_filled2.04.0_filled3.04.0_,2610,0.5179440493693109
1651,3769,filled1.02.0_filled1.03.0_filled1.04.0_filled2.03.0_filled2.04.0_filled3.04.0_,2710,0.518680553710165
1715,3905,filled1.02.0_filled1.03.0_filled1.04.0_filled2.03.0_filled2.04.0_filled3.04.0_,2810,0.5167660378050746
1760,4060,filled1.02.0_filled1.03.0_filled1.04.0_filled2.03.0_filled2.04.0_filled3.04.0_,2910,0.5163363236959884
1810,4210,filled1.02.0_filled1.03.0_filled1.04.0_filled2.03.0_filled2.04.0_filled3.04.0_,3010,0.5144929153250719
1867,4353,filled1.02.0_filled1.03.0_filled1.04.0_filled2.03.0_filled2.04.0_filled3.04.0_,3110,0.5131141967835154
1912,4508,filled1.02.0_filled1.03.0_filled1.04.0_filled2.03.0_filled2.04.0_filled3.04.0_,3210,0.5104811162306518
1980,4640,filled1.02.0_filled1.03.0_filled1.04.0_filled2.03.0_filled2.04.0_filled3.04.0_,3310,0.5096763541477441
2032,4788,filled1.02.0_filled1.03.0_filled1.04.0_filled2.03.0_filled2.04.0_filled3.04.0_,3410,0.5073749019498738
2079,4941,filled1.02.0_filled1.03.0_filled1.04.0_filled2.03.0_filled2.04.0_filled3.04.0_,3510,0.5056644007309242
2133,5087,filled1.02.0_filled1.03.0_filled1.04.0_filled2.03.0_filled2.04.0_filled3.04.0_,3610,0.5049539501274307
2193,5227,filled1.02.0_filled1.03.0_filled1.04.0_filled2.03.0_filled2.04.0_filled3.04.0_,3710,0.5061144847155022
2247,5373,filled1.02.0_filled1.03.0_filled1.04.0_filled2.03.0_filled2.04.0_filled3.04.0_,3810,0.5051197830365126
2291,5529,filled1.02.0_filled1.03.0_filled1.04.0_filled2.03.0_filled2.04.0_filled3.04.0_,3910,0.502249767245236
2347,5673,filled1.02.0_filled1.03.0_filled1.04.0_filled2.03.0_filled2.04.0_filled3.04.0_,4010,0.49947289805316003
2395,5825,filled1.02.0_filled1.03.0_filled1.04.0_filled2.03.0_filled2.04.0_filled3.04.0_,4110,0.4971115951383853
2447,5973,filled1.02.0_filled1.03.0_filled1.04.0_filled2.03.0_filled2.04.0_filled3.04.0_,4210,0.49499713012342045
2495,6125,filled1.02.0_filled1.03.0_filled1.04.0_filled2.03.0_filled2.04.0_filled3.04.0_,4310,0.49344759118817666
2545,6275,filled1.02.0_filled1.03.0_filled1.04.0_filled2.03.0_filled2.04.0_filled3.04.0_,4410,0.49122789974301995
2599,6421,filled1.02.0_filled1.03.0_filled1.04.0_filled2.03.0_filled2.04.0_filled3.04.0_,4510,0.49060559127232595
2647,6573,filled1.02.0_filled1.03.0_filled1.04.0_filled2.03.0_filled2.04.0_filled3.04.0_,4610,0.48854581467274527
2686,6734,filled1.02.0_filled1.03.0_filled1.04.0_filled2.03.0_filled2.04.0_filled3.04.0_,4710,0.48740927859408273
2738,6882,filled1.02.0_filled1.03.0_filled1.04.0_filled2.03.0_filled2.04.0_filled3.04.0_,4810,0.48588371385660784
2795,7025,filled1.02.0_filled1.03.0_filled1.04.0_filled2.03.0_filled2.04.0_filled3.04.0_,4910,0.4852262069843792
