size intersection,size union,state,k,mean JI
3,17,filled1.02.0_filled1.03.0_filled1.04.0_filled2.03.0_filled2.04.0_filled3.04.0_,10,0.2039760348583878
63,157,filled1.02.0_filled1.03.0_filled1.04.0_filled2.03.0_filled2.04.0_filled3.04.0_,110,0.3593223785912188
131,289,filled1.02.0_filled1.03.0_filled1.04.0_filled2.03.0_filled2.04.0_filled3.04.0_,210,0.40268243562392714
203,417,filled1.02.0_filled1.03.0_filled1.04.0_filled2.03.0_filled2.04.0_filled3.04.0_,310,0.43970421987407976
285,535,filled1.02.0_filled1.03.0_filled1.04.0_filled2.03.0_filled2.04.0_filled3.04.0_,410,0.4643212963944762
362,658,filled1.02.0_filled1.03.0_filled1.04.0_filled2.03.0_filled2.04.0_filled3.04.0_,510,0.48352175165462197
441,779,filled1.02.0_filled1.03.0_filled1.04.0_filled2.03.0_filled2.04.0_filled3.04.0_,610,0.491505150131399
518,902,filled1.02.0_filled1.03.0_filled1.04.0_filled2.03.0_filled2.04.0_filled3.04.0_,710,0.5016985438916719
597,1023,filled1.02.0_filled1.03.0_filled1.04.0_filled2.03.0_filled2.04.0_filled3.04.0_,810,0.5116170136934436
672,1148,filled1.02.0_filled1.03.0_filled1.04.0_filled2.03.0_filled2.04.0_filled3.04.0_,910,0.5165187747511429
746,1274,filled1.02.0_filled1.03.0_filled1.04.0_filled2.03.0_filled2.04.0_filled3.04.0_,1010,0.5166732075845685
819,1401,filled1.02.0_filled1.03.0_filled1.04.0_filled2.03.0_filled2.04.0_filled3.04.0_,1110,0.5163422042097
890,1530,filled1.02.0_filled1.03.0_filled1.04.0_filled2.03.0_filled2.04.0_filled3.04.0_,1210,0.5177112461326366
967,1653,filled1.02.0_filled1.03.0_filled1.04.0_filled2.03.0_filled2.04.0_filled3.04.0_,1310,0.5202867084138891
1048,1772,filled1.02.0_filled1.03.0_filled1.04.0_filled2.03.0_filled2.04.0_filled3.04.0_,1410,0.5219629090291843
1106,1914,filled1.02.0_filled1.03.0_filled1.04.0_filled2.03.0_filled2.04.0_filled3.04.0_,1510,0.5182524170574943
1166,2054,filled1.02.0_filled1.03.0_filled1.04.0_filled2.03.0_filled2.04.0_filled3.04.0_,1610,0.5143622719512692
1239,2181,filled1.02.0_filled1.03.0_filled1.04.0_filled2.03.0_filled2.04.0_filled3.04.0_,1710,0.511842741708775
1308,2312,filled1.02.0_filled1.03.0_filled1.04.0_filled2.03.0_filled2.04.0_filled3.04.0_,1810,0.5120322760852379
1375,2445,filled1.02.0_filled1.03.0_filled1.04.0_filled2.03.0_filled2.04.0_filled3.04.0_,1910,0.5129638915198491
1448,2572,filled1.02.0_filled1.03.0_filled1.04.0_filled2.03.0_filled2.04.0_filled3.04.0_,2010,0.512153122253258
1516,2704,filled1.02.0_filled1.03.0_filled1.04.0_filled2.03.0_filled2.04.0_filled3.04.0_,2110,0.5088514775940735
1583,2837,filled1.02.0_filled1.03.0_filled1.04.0_filled2.03.0_filled2.04.0_filled3.04.0_,2210,0.506206220360384
1662,2958,filled1.02.0_filled1.03.0_filled1.04.0_filled2.03.0_filled2.04.0_filled3.04.0_,2310,0.5067254060891543
1724,3096,filled1.02.0_filled1.03.0_filled1.04.0_filled2.03.0_filled2.04.0_filled3.04.0_,2410,0.5044964806981943
1800,3220,filled1.02.0_filled1.03.0_filled1.04.0_filled2.03.0_filled2.04.0_filled3.04.0_,2510,0.5051550628729605
1862,3358,filled1.02.0_filled1.03.0_filled1.04.0_filled2.03.0_filled2.04.0_filled3.04.0_,2610,0.5055416232839376
1932,3488,filled1.02.0_filled1.03.0_filled1.04.0_filled2.03.0_filled2.04.0_filled3.04.0_,2710,0.5054960573834004
2006,3614,filled1.02.0_filled1.03.0_filled1.04.0_filled2.03.0_filled2.04.0_filled3.04.0_,2810,0.5065698316860543
2078,3742,filled1.02.0_filled1.03.0_filled1.04.0_filled2.03.0_filled2.04.0_filled3.04.0_,2910,0.5064225913972152
2156,3864,filled1.02.0_filled1.03.0_filled1.04.0_filled2.03.0_filled2.04.0_filled3.04.0_,3010,0.5069583455673325
2218,4002,filled1.02.0_filled1.03.0_filled1.04.0_filled2.03.0_filled2.04.0_filled3.04.0_,3110,0.5061845724044972
2285,4135,filled1.02.0_filled1.03.0_filled1.04.0_filled2.03.0_filled2.04.0_filled3.04.0_,3210,0.5053723869497779
2352,4268,filled1.02.0_filled1.03.0_filled1.04.0_filled2.03.0_filled2.04.0_filled3.04.0_,3310,0.5048878758796834
2423,4397,filled1.02.0_filled1.03.0_filled1.04.0_filled2.03.0_filled2.04.0_filled3.04.0_,3410,0.5058215226881476
2482,4538,filled1.02.0_filled1.03.0_filled1.04.0_filled2.03.0_filled2.04.0_filled3.04.0_,3510,0.5038549025517588
2551,4669,filled1.02.0_filled1.03.0_filled1.04.0_filled2.03.0_filled2.04.0_filled3.04.0_,3610,0.5039802042961202
2606,4814,filled1.02.0_filled1.03.0_filled1.04.0_filled2.03.0_filled2.04.0_filled3.04.0_,3710,0.5034132634341278
2663,4957,filled1.02.0_filled1.03.0_filled1.04.0_filled2.03.0_filled2.04.0_filled3.04.0_,3810,0.5011793812099868
2727,5093,filled1.02.0_filled1.03.0_filled1.04.0_filled2.03.0_filled2.04.0_filled3.04.0_,3910,0.5003691156943919
2790,5230,filled1.02.0_filled1.03.0_filled1.04.0_filled2.03.0_filled2.04.0_filled3.04.0_,4010,0.4996577175030652
2858,5362,filled1.02.0_filled1.03.0_filled1.04.0_filled2.03.0_filled2.04.0_filled3.04.0_,4110,0.5003749681198307
2923,5497,filled1.02.0_filled1.03.0_filled1.04.0_filled2.03.0_filled2.04.0_filled3.04.0_,4210,0.4995985918296899
2980,5640,filled1.02.0_filled1.03.0_filled1.04.0_filled2.03.0_filled2.04.0_filled3.04.0_,4310,0.4988965519932315
3040,5780,filled1.02.0_filled1.03.0_filled1.04.0_filled2.03.0_filled2.04.0_filled3.04.0_,4410,0.4974055119527881
3097,5923,filled1.02.0_filled1.03.0_filled1.04.0_filled2.03.0_filled2.04.0_filled3.04.0_,4510,0.4957502165865115
3158,6062,filled1.02.0_filled1.03.0_filled1.04.0_filled2.03.0_filled2.04.0_filled3.04.0_,4610,0.49581125136469756
3222,6198,filled1.02.0_filled1.03.0_filled1.04.0_filled2.03.0_filled2.04.0_filled3.04.0_,4710,0.4947014182145873
3283,6337,filled1.02.0_filled1.03.0_filled1.04.0_filled2.03.0_filled2.04.0_filled3.04.0_,4810,0.4937691356959342
3344,6476,filled1.02.0_filled1.03.0_filled1.04.0_filled2.03.0_filled2.04.0_filled3.04.0_,4910,0.4920577130976033
