size intersection,size union,state,k,mean JI
3,17,filled1.02.0_filled1.03.0_filled1.04.0_filled2.03.0_filled2.04.0_filled3.04.0_,10,0.26552287581699346
70,150,filled1.02.0_filled1.03.0_filled1.04.0_filled2.03.0_filled2.04.0_filled3.04.0_,110,0.4866659918643344
131,289,filled1.02.0_filled1.03.0_filled1.04.0_filled2.03.0_filled2.04.0_filled3.04.0_,210,0.4731856701499881
185,435,filled1.02.0_filled1.03.0_filled1.04.0_filled2.03.0_filled2.04.0_filled3.04.0_,310,0.4997783993392171
250,570,filled1.02.0_filled1.03.0_filled1.04.0_filled2.03.0_filled2.04.0_filled3.04.0_,410,0.509287799561945
303,717,filled1.02.0_filled1.03.0_filled1.04.0_filled2.03.0_filled2.04.0_filled3.04.0_,510,0.516467804962831
378,842,filled1.02.0_filled1.03.0_filled1.04.0_filled2.03.0_filled2.04.0_filled3.04.0_,610,0.5368276786859502
442,978,filled1.02.0_filled1.03.0_filled1.04.0_filled2.03.0_filled2.04.0_filled3.04.0_,710,0.5475424577150266
518,1102,filled1.02.0_filled1.03.0_filled1.04.0_filled2.03.0_filled2.04.0_filled3.04.0_,810,0.5615693073478912
585,1235,filled1.02.0_filled1.03.0_filled1.04.0_filled2.03.0_filled2.04.0_filled3.04.0_,910,0.5685348884216658
637,1383,filled1.02.0_filled1.03.0_filled1.04.0_filled2.03.0_filled2.04.0_filled3.04.0_,1010,0.5671094617313429
704,1516,filled1.02.0_filled1.03.0_filled1.04.0_filled2.03.0_filled2.04.0_filled3.04.0_,1110,0.5698004017109256
758,1662,filled1.02.0_filled1.03.0_filled1.04.0_filled2.03.0_filled2.04.0_filled3.04.0_,1210,0.5662714137355881
813,1807,filled1.02.0_filled1.03.0_filled1.04.0_filled2.03.0_filled2.04.0_filled3.04.0_,1310,0.566516964915905
872,1948,filled1.02.0_filled1.03.0_filled1.04.0_filled2.03.0_filled2.04.0_filled3.04.0_,1410,0.5633772548432618
928,2092,filled1.02.0_filled1.03.0_filled1.04.0_filled2.03.0_filled2.04.0_filled3.04.0_,1510,0.5641246908485569
979,2241,filled1.02.0_filled1.03.0_filled1.04.0_filled2.03.0_filled2.04.0_filled3.04.0_,1610,0.5603295562477987
1039,2381,filled1.02.0_filled1.03.0_filled1.04.0_filled2.03.0_filled2.04.0_filled3.04.0_,1710,0.5586283029759072
1093,2527,filled1.02.0_filled1.03.0_filled1.04.0_filled2.03.0_filled2.04.0_filled3.04.0_,1810,0.5584163508209071
1141,2679,filled1.02.0_filled1.03.0_filled1.04.0_filled2.03.0_filled2.04.0_filled3.04.0_,1910,0.5553362034391925
1207,2813,filled1.02.0_filled1.03.0_filled1.04.0_filled2.03.0_filled2.04.0_filled3.04.0_,2010,0.5572104093065052
1272,2948,filled1.02.0_filled1.03.0_filled1.04.0_filled2.03.0_filled2.04.0_filled3.04.0_,2110,0.5580974092503198
1318,3102,filled1.02.0_filled1.03.0_filled1.04.0_filled2.03.0_filled2.04.0_filled3.04.0_,2210,0.5569856032910271
1385,3235,filled1.02.0_filled1.03.0_filled1.04.0_filled2.03.0_filled2.04.0_filled3.04.0_,2310,0.5578823586026916
1444,3376,filled1.02.0_filled1.03.0_filled1.04.0_filled2.03.0_filled2.04.0_filled3.04.0_,2410,0.5562291857398467
1489,3531,filled1.02.0_filled1.03.0_filled1.04.0_filled2.03.0_filled2.04.0_filled3.04.0_,2510,0.5567084439064347
1545,3675,filled1.02.0_filled1.03.0_filled1.04.0_filled2.03.0_filled2.04.0_filled3.04.0_,2610,0.5561466867709949
1608,3812,filled1.02.0_filled1.03.0_filled1.04.0_filled2.03.0_filled2.04.0_filled3.04.0_,2710,0.5544111648650477
1667,3953,filled1.02.0_filled1.03.0_filled1.04.0_filled2.03.0_filled2.04.0_filled3.04.0_,2810,0.5543981028660663
1723,4097,filled1.02.0_filled1.03.0_filled1.04.0_filled2.03.0_filled2.04.0_filled3.04.0_,2910,0.5523925601586479
1778,4242,filled1.02.0_filled1.03.0_filled1.04.0_filled2.03.0_filled2.04.0_filled3.04.0_,3010,0.5527520143185612
1833,4387,filled1.02.0_filled1.03.0_filled1.04.0_filled2.03.0_filled2.04.0_filled3.04.0_,3110,0.5501690423569102
1893,4527,filled1.02.0_filled1.03.0_filled1.04.0_filled2.03.0_filled2.04.0_filled3.04.0_,3210,0.5502232979012205
1965,4655,filled1.02.0_filled1.03.0_filled1.04.0_filled2.03.0_filled2.04.0_filled3.04.0_,3310,0.547298294665803
2020,4800,filled1.02.0_filled1.03.0_filled1.04.0_filled2.03.0_filled2.04.0_filled3.04.0_,3410,0.5472715618011277
2070,4950,filled1.02.0_filled1.03.0_filled1.04.0_filled2.03.0_filled2.04.0_filled3.04.0_,3510,0.5443674707679514
2130,5090,filled1.02.0_filled1.03.0_filled1.04.0_filled2.03.0_filled2.04.0_filled3.04.0_,3610,0.5428010148374578
2199,5221,filled1.02.0_filled1.03.0_filled1.04.0_filled2.03.0_filled2.04.0_filled3.04.0_,3710,0.5429651071367702
2255,5365,filled1.02.0_filled1.03.0_filled1.04.0_filled2.03.0_filled2.04.0_filled3.04.0_,3810,0.540576166048826
2314,5506,filled1.02.0_filled1.03.0_filled1.04.0_filled2.03.0_filled2.04.0_filled3.04.0_,3910,0.5394804847184892
2366,5654,filled1.02.0_filled1.03.0_filled1.04.0_filled2.03.0_filled2.04.0_filled3.04.0_,4010,0.5381237957223729
2425,5795,filled1.02.0_filled1.03.0_filled1.04.0_filled2.03.0_filled2.04.0_filled3.04.0_,4110,0.5351611994759743
2485,5935,filled1.02.0_filled1.03.0_filled1.04.0_filled2.03.0_filled2.04.0_filled3.04.0_,4210,0.5334709946659127
2551,6069,filled1.02.0_filled1.03.0_filled1.04.0_filled2.03.0_filled2.04.0_filled3.04.0_,4310,0.5325711230781484
2605,6215,filled1.02.0_filled1.03.0_filled1.04.0_filled2.03.0_filled2.04.0_filled3.04.0_,4410,0.5300526643148263
2672,6348,filled1.02.0_filled1.03.0_filled1.04.0_filled2.03.0_filled2.04.0_filled3.04.0_,4510,0.5292837036419269
2736,6484,filled1.02.0_filled1.03.0_filled1.04.0_filled2.03.0_filled2.04.0_filled3.04.0_,4610,0.5282720332683042
2800,6620,filled1.02.0_filled1.03.0_filled1.04.0_filled2.03.0_filled2.04.0_filled3.04.0_,4710,0.530041741287454
2866,6754,filled1.02.0_filled1.03.0_filled1.04.0_filled2.03.0_filled2.04.0_filled3.04.0_,4810,0.5305590810589967
2937,6883,filled1.02.0_filled1.03.0_filled1.04.0_filled2.03.0_filled2.04.0_filled3.04.0_,4910,0.5295625084314093
