size intersection,size union,state,k,mean JI
5,15,filled1.02.0_filled1.03.0_filled1.04.0_filled2.03.0_filled2.04.0_filled3.04.0_,10,0.18082788671023964
61,159,filled1.02.0_filled1.03.0_filled1.04.0_filled2.03.0_filled2.04.0_filled3.04.0_,110,0.32203108807412056
128,292,filled1.02.0_filled1.03.0_filled1.04.0_filled2.03.0_filled2.04.0_filled3.04.0_,210,0.3552646678462179
190,430,filled1.02.0_filled1.03.0_filled1.04.0_filled2.03.0_filled2.04.0_filled3.04.0_,310,0.38156591192800143
273,547,filled1.02.0_filled1.03.0_filled1.04.0_filled2.03.0_filled2.04.0_filled3.04.0_,410,0.4165150342280348
345,675,filled1.02.0_filled1.03.0_filled1.04.0_filled2.03.0_filled2.04.0_filled3.04.0_,510,0.43760120539602876
430,790,filled1.02.0_filled1.03.0_filled1.04.0_filled2.03.0_filled2.04.0_filled3.04.0_,610,0.44142465887369803
505,915,filled1.02.0_filled1.03.0_filled1.04.0_filled2.03.0_filled2.04.0_filled3.04.0_,710,0.4556637287441903
573,1047,filled1.02.0_filled1.03.0_filled1.04.0_filled2.03.0_filled2.04.0_filled3.04.0_,810,0.4619276268127665
648,1172,filled1.02.0_filled1.03.0_filled1.04.0_filled2.03.0_filled2.04.0_filled3.04.0_,910,0.47482163349510415
723,1297,filled1.02.0_filled1.03.0_filled1.04.0_filled2.03.0_filled2.04.0_filled3.04.0_,1010,0.47885283075900603
813,1407,filled1.02.0_filled1.03.0_filled1.04.0_filled2.03.0_filled2.04.0_filled3.04.0_,1110,0.49131310623501606
882,1538,filled1.02.0_filled1.03.0_filled1.04.0_filled2.03.0_filled2.04.0_filled3.04.0_,1210,0.49416825924233726
951,1669,filled1.02.0_filled1.03.0_filled1.04.0_filled2.03.0_filled2.04.0_filled3.04.0_,1310,0.4936727139433336
1025,1795,filled1.02.0_filled1.03.0_filled1.04.0_filled2.03.0_filled2.04.0_filled3.04.0_,1410,0.49789013772043705
1104,1916,filled1.02.0_filled1.03.0_filled1.04.0_filled2.03.0_filled2.04.0_filled3.04.0_,1510,0.49992600237184986
1179,2041,filled1.02.0_filled1.03.0_filled1.04.0_filled2.03.0_filled2.04.0_filled3.04.0_,1610,0.503243028979734
1268,2152,filled1.02.0_filled1.03.0_filled1.04.0_filled2.03.0_filled2.04.0_filled3.04.0_,1710,0.5061838867678538
1347,2273,filled1.02.0_filled1.03.0_filled1.04.0_filled2.03.0_filled2.04.0_filled3.04.0_,1810,0.5084742309040559
1428,2392,filled1.02.0_filled1.03.0_filled1.04.0_filled2.03.0_filled2.04.0_filled3.04.0_,1910,0.5113441045469488
1497,2523,filled1.02.0_filled1.03.0_filled1.04.0_filled2.03.0_filled2.04.0_filled3.04.0_,2010,0.5111069577751138
1569,2651,filled1.02.0_filled1.03.0_filled1.04.0_filled2.03.0_filled2.04.0_filled3.04.0_,2110,0.5101748777403228
1641,2779,filled1.02.0_filled1.03.0_filled1.04.0_filled2.03.0_filled2.04.0_filled3.04.0_,2210,0.5090228875285907
1730,2890,filled1.02.0_filled1.03.0_filled1.04.0_filled2.03.0_filled2.04.0_filled3.04.0_,2310,0.5104891754492229
1808,3012,filled1.02.0_filled1.03.0_filled1.04.0_filled2.03.0_filled2.04.0_filled3.04.0_,2410,0.5124818648338888
1888,3132,filled1.02.0_filled1.03.0_filled1.04.0_filled2.03.0_filled2.04.0_filled3.04.0_,2510,0.5147938345911526
1981,3239,filled1.02.0_filled1.03.0_filled1.04.0_filled2.03.0_filled2.04.0_filled3.04.0_,2610,0.5157522087523029
2060,3360,filled1.02.0_filled1.03.0_filled1.04.0_filled2.03.0_filled2.04.0_filled3.04.0_,2710,0.5151974421827358
2134,3486,filled1.02.0_filled1.03.0_filled1.04.0_filled2.03.0_filled2.04.0_filled3.04.0_,2810,0.5126077544291758
2214,3606,filled1.02.0_filled1.03.0_filled1.04.0_filled2.03.0_filled2.04.0_filled3.04.0_,2910,0.5123989045612989
2307,3713,filled1.02.0_filled1.03.0_filled1.04.0_filled2.03.0_filled2.04.0_filled3.04.0_,3010,0.5156987027160711
2392,3828,filled1.02.0_filled1.03.0_filled1.04.0_filled2.03.0_filled2.04.0_filled3.04.0_,3110,0.5170639757060873
2486,3934,filled1.02.0_filled1.03.0_filled1.04.0_filled2.03.0_filled2.04.0_filled3.04.0_,3210,0.5185594094506741
2567,4053,filled1.02.0_filled1.03.0_filled1.04.0_filled2.03.0_filled2.04.0_filled3.04.0_,3310,0.5174618474661702
2648,4172,filled1.02.0_filled1.03.0_filled1.04.0_filled2.03.0_filled2.04.0_filled3.04.0_,3410,0.51764310413694
2722,4298,filled1.02.0_filled1.03.0_filled1.04.0_filled2.03.0_filled2.04.0_filled3.04.0_,3510,0.5177166187795023
2804,4416,filled1.02.0_filled1.03.0_filled1.04.0_filled2.03.0_filled2.04.0_filled3.04.0_,3610,0.518345886951718
2872,4548,filled1.02.0_filled1.03.0_filled1.04.0_filled2.03.0_filled2.04.0_filled3.04.0_,3710,0.5176734985966682
2959,4661,filled1.02.0_filled1.03.0_filled1.04.0_filled2.03.0_filled2.04.0_filled3.04.0_,3810,0.5182993768163677
3027,4793,filled1.02.0_filled1.03.0_filled1.04.0_filled2.03.0_filled2.04.0_filled3.04.0_,3910,0.5178060504911355
3112,4908,filled1.02.0_filled1.03.0_filled1.04.0_filled2.03.0_filled2.04.0_filled3.04.0_,4010,0.5173812236303329
3181,5039,filled1.02.0_filled1.03.0_filled1.04.0_filled2.03.0_filled2.04.0_filled3.04.0_,4110,0.5159169497192483
3266,5154,filled1.02.0_filled1.03.0_filled1.04.0_filled2.03.0_filled2.04.0_filled3.04.0_,4210,0.5166836734033645
3332,5288,filled1.02.0_filled1.03.0_filled1.04.0_filled2.03.0_filled2.04.0_filled3.04.0_,4310,0.5154841151913484
3417,5403,filled1.02.0_filled1.03.0_filled1.04.0_filled2.03.0_filled2.04.0_filled3.04.0_,4410,0.514617897855493
3489,5531,filled1.02.0_filled1.03.0_filled1.04.0_filled2.03.0_filled2.04.0_filled3.04.0_,4510,0.5157043164157799
3576,5644,filled1.02.0_filled1.03.0_filled1.04.0_filled2.03.0_filled2.04.0_filled3.04.0_,4610,0.5160238545916093
3650,5770,filled1.02.0_filled1.03.0_filled1.04.0_filled2.03.0_filled2.04.0_filled3.04.0_,4710,0.5155510639277525
3722,5898,filled1.02.0_filled1.03.0_filled1.04.0_filled2.03.0_filled2.04.0_filled3.04.0_,4810,0.5152737291241407
3801,6019,filled1.02.0_filled1.03.0_filled1.04.0_filled2.03.0_filled2.04.0_filled3.04.0_,4910,0.5157980193772725
